hmm,train,test,seed,R2,self
Spiral,a=0.01,a=0.01,0,0.9999999999998868,True
Spiral,a=0.01,a=0.02,0,0.9873594515358639,False
Spiral,a=0.01,a=0.03,0,0.9568659281257023,False
Spiral,a=0.01,a=0.04,0,0.916990599405379,False
Spiral,a=0.01,a=0.05,0,0.873206191307924,False
Spiral,a=0.01,a=0.06,0,0.8288055648885443,False
Spiral,a=0.01,a=0.07,0,0.7856351470877714,False
Spiral,a=0.01,a=0.08,0,0.7446392819853778,False
Spiral,a=0.01,a=0.09,0,0.7062253333766693,False
Spiral,a=0.01,a=0.1,0,0.6704946728540095,False
Spiral,a=0.01,a=0.01,1,0.9999999999999637,True
Spiral,a=0.01,a=0.02,1,0.9854826288562127,False
Spiral,a=0.01,a=0.03,1,0.9524667814461673,False
Spiral,a=0.01,a=0.04,1,0.9107161389254761,False
Spiral,a=0.01,a=0.05,1,0.865480470104798,False
Spiral,a=0.01,a=0.06,1,0.8197060875486739,False
Spiral,a=0.01,a=0.07,1,0.775049140570996,False
Spiral,a=0.01,a=0.08,1,0.7324061651087381,False
Spiral,a=0.01,a=0.09,1,0.6922181044954807,False
Spiral,a=0.01,a=0.1,1,0.6546527712184002,False
Spiral,a=0.01,a=0.01,2,0.999999999999968,True
Spiral,a=0.01,a=0.02,2,0.9862529669062997,False
Spiral,a=0.01,a=0.03,2,0.9535286528624572,False
Spiral,a=0.01,a=0.04,2,0.9111412290634908,False
Spiral,a=0.01,a=0.05,2,0.864897743238342,False
Spiral,a=0.01,a=0.06,2,0.8182383150409096,False
Spiral,a=0.01,a=0.07,2,0.7730765171594353,False
Spiral,a=0.01,a=0.08,2,0.7303787843509657,False
Spiral,a=0.01,a=0.09,2,0.6905451761827607,False
Spiral,a=0.01,a=0.1,2,0.6536520062434329,False
Spiral,a=0.01,a=0.01,3,0.9999999999999075,True
Spiral,a=0.01,a=0.02,3,0.9879135020001117,False
Spiral,a=0.01,a=0.03,3,0.9595854862971874,False
Spiral,a=0.01,a=0.04,3,0.9230898632378454,False
Spiral,a=0.01,a=0.05,3,0.883155088980657,False
Spiral,a=0.01,a=0.06,3,0.8425072660639648,False
Spiral,a=0.01,a=0.07,3,0.8026624343315552,False
Spiral,a=0.01,a=0.08,3,0.7644132445203923,False
Spiral,a=0.01,a=0.09,3,0.7281286015651612,False
Spiral,a=0.01,a=0.1,3,0.6939363692882048,False
Spiral,a=0.01,a=0.01,4,0.999999999999882,True
Spiral,a=0.01,a=0.02,4,0.9875571349234481,False
Spiral,a=0.01,a=0.03,4,0.9582243686390646,False
Spiral,a=0.01,a=0.04,4,0.92038075491166,False
Spiral,a=0.01,a=0.05,4,0.878956436794042,False
Spiral,a=0.01,a=0.06,4,0.8367570423344677,False
Spiral,a=0.01,a=0.07,4,0.7953339215016386,False
Spiral,a=0.01,a=0.08,4,0.7555119621553983,False
Spiral,a=0.01,a=0.09,4,0.717697918535305,False
Spiral,a=0.01,a=0.1,4,0.6820585432158484,False
Spiral,a=0.01,a=0.01,5,0.9999999999999294,True
Spiral,a=0.01,a=0.02,5,0.9886820838122098,False
Spiral,a=0.01,a=0.03,5,0.9610341821465173,False
Spiral,a=0.01,a=0.04,5,0.9242520619228789,False
Spiral,a=0.01,a=0.05,5,0.8830669365225778,False
Spiral,a=0.01,a=0.06,5,0.8404466535122905,False
Spiral,a=0.01,a=0.07,5,0.7981798746432058,False
Spiral,a=0.01,a=0.08,5,0.7572980066139264,False
Spiral,a=0.01,a=0.09,5,0.7183580962175478,False
Spiral,a=0.01,a=0.1,5,0.6816241958910776,False
Spiral,a=0.01,a=0.01,6,0.9999999999999475,True
Spiral,a=0.01,a=0.02,6,0.9893504807933678,False
Spiral,a=0.01,a=0.03,6,0.9630737073432348,False
Spiral,a=0.01,a=0.04,6,0.9278016947387293,False
Spiral,a=0.01,a=0.05,6,0.8880706238383023,False
Spiral,a=0.01,a=0.06,6,0.8468363151119632,False
Spiral,a=0.01,a=0.07,6,0.8059322824153667,False
Spiral,a=0.01,a=0.08,6,0.7664303938714191,False
Spiral,a=0.01,a=0.09,6,0.7289038604972752,False
Spiral,a=0.01,a=0.1,6,0.693610159500241,False
Spiral,a=0.01,a=0.01,7,0.9999999999998822,True
Spiral,a=0.01,a=0.02,7,0.9880094719159882,False
Spiral,a=0.01,a=0.03,7,0.9599032519872382,False
Spiral,a=0.01,a=0.04,7,0.9237363625417154,False
Spiral,a=0.01,a=0.05,7,0.8841105231136792,False
Spiral,a=0.01,a=0.06,7,0.8436038290309287,False
Spiral,a=0.01,a=0.07,7,0.8036510564201298,False
Spiral,a=0.01,a=0.08,7,0.7650435910540574,False
Spiral,a=0.01,a=0.09,7,0.7282048958904328,False
Spiral,a=0.01,a=0.1,7,0.6933417985899579,False
Spiral,a=0.01,a=0.01,8,0.9999999999999106,True
Spiral,a=0.01,a=0.02,8,0.9885110771900288,False
Spiral,a=0.01,a=0.03,8,0.9610250257273962,False
Spiral,a=0.01,a=0.04,8,0.9250603427816106,False
Spiral,a=0.01,a=0.05,8,0.8852211378159791,False
Spiral,a=0.01,a=0.06,8,0.8442375604570453,False
Spiral,a=0.01,a=0.07,8,0.8036873495430676,False
Spiral,a=0.01,a=0.08,8,0.7644549957979592,False
Spiral,a=0.01,a=0.09,8,0.7270115287966135,False
Spiral,a=0.01,a=0.1,8,0.6915813156782231,False
Spiral,a=0.01,a=0.01,9,0.9999999999999292,True
Spiral,a=0.01,a=0.02,9,0.9885196944380078,False
Spiral,a=0.01,a=0.03,9,0.9607973155684327,False
Spiral,a=0.01,a=0.04,9,0.9241305245226157,False
Spiral,a=0.01,a=0.05,9,0.8831550654891991,False
Spiral,a=0.01,a=0.06,9,0.8407669841345109,False
Spiral,a=0.01,a=0.07,9,0.7987302592243984,False
Spiral,a=0.01,a=0.08,9,0.758076984574873,False
Spiral,a=0.01,a=0.09,9,0.719370295887771,False
Spiral,a=0.01,a=0.1,9,0.6828768438333932,False
Spiral,a=0.02,a=0.01,0,0.9868595762514862,False
Spiral,a=0.02,a=0.02,0,0.9999999999999503,True
Spiral,a=0.02,a=0.03,0,0.9905076923222067,False
Spiral,a=0.02,a=0.04,0,0.967412124930489,False
Spiral,a=0.02,a=0.05,0,0.9366120590080019,False
Spiral,a=0.02,a=0.06,0,0.9018760309598983,False
Spiral,a=0.02,a=0.07,0,0.8655728352117017,False
Spiral,a=0.02,a=0.08,0,0.8291667884016581,False
Spiral,a=0.02,a=0.09,0,0.7935426533501324,False
Spiral,a=0.02,a=0.1,0,0.7592153347408565,False
Spiral,a=0.02,a=0.01,1,0.9868842969553281,False
Spiral,a=0.02,a=0.02,1,0.9999999999999836,True
Spiral,a=0.02,a=0.03,1,0.9902394503654736,False
Spiral,a=0.02,a=0.04,1,0.9661375159781189,False
Spiral,a=0.02,a=0.05,1,0.9336089980634318,False
Spiral,a=0.02,a=0.06,1,0.8966357711895099,False
Spiral,a=0.02,a=0.07,1,0.8578323138583921,False
Spiral,a=0.02,a=0.08,1,0.8188710261845307,False
Spiral,a=0.02,a=0.09,1,0.780786643905063,False
Spiral,a=0.02,a=0.1,1,0.7441876237590459,False
Spiral,a=0.02,a=0.01,2,0.9852519921287148,False
Spiral,a=0.02,a=0.02,2,0.9999999999999488,True
Spiral,a=0.02,a=0.03,2,0.9896700524910934,False
Spiral,a=0.02,a=0.04,2,0.9649433862576171,False
Spiral,a=0.02,a=0.05,2,0.9324569420591479,False
Spiral,a=0.02,a=0.06,2,0.896274753680698,False
Spiral,a=0.02,a=0.07,2,0.8588586270840959,False
Spiral,a=0.02,a=0.08,2,0.821675234978113,False
Spiral,a=0.02,a=0.09,2,0.7855720599723192,False
Spiral,a=0.02,a=0.1,2,0.7510110515217887,False
Spiral,a=0.02,a=0.01,3,0.9871279407801539,False
Spiral,a=0.02,a=0.02,3,0.9999999999999607,True
Spiral,a=0.02,a=0.03,3,0.9905436306559868,False
Spiral,a=0.02,a=0.04,3,0.9674357210515385,False
Spiral,a=0.02,a=0.05,3,0.9366267338382248,False
Spiral,a=0.02,a=0.06,3,0.9020144500036189,False
Spiral,a=0.02,a=0.07,3,0.8660451363735405,False
Spiral,a=0.02,a=0.08,3,0.8301901973170404,False
Spiral,a=0.02,a=0.09,3,0.7952916978105862,False
Spiral,a=0.02,a=0.1,3,0.7617980346429587,False
Spiral,a=0.02,a=0.01,4,0.9888508565649093,False
Spiral,a=0.02,a=0.02,4,0.9999999999999563,True
Spiral,a=0.02,a=0.03,4,0.9918730272746891,False
Spiral,a=0.02,a=0.04,4,0.9717790305545,False
Spiral,a=0.02,a=0.05,4,0.9444133582191897,False
Spiral,a=0.02,a=0.06,4,0.9128759471144172,False
Spiral,a=0.02,a=0.07,4,0.8792383568034913,False
Spiral,a=0.02,a=0.08,4,0.8448845673487912,False
Spiral,a=0.02,a=0.09,4,0.8107290849003087,False
Spiral,a=0.02,a=0.1,4,0.7773630633444906,False
Spiral,a=0.02,a=0.01,5,0.9893261719099342,False
Spiral,a=0.02,a=0.02,5,0.9999999999999627,True
Spiral,a=0.02,a=0.03,5,0.991812751812104,False
Spiral,a=0.02,a=0.04,5,0.971114668083089,False
Spiral,a=0.02,a=0.05,5,0.9424857422824079,False
Spiral,a=0.02,a=0.06,5,0.9092181311389733,False
Spiral,a=0.02,a=0.07,5,0.8736260749883275,False
Spiral,a=0.02,a=0.08,5,0.8372925350835563,False
Spiral,a=0.02,a=0.09,5,0.801266898016524,False
Spiral,a=0.02,a=0.1,5,0.7662181128741229,False
Spiral,a=0.02,a=0.01,6,0.9880572641131274,False
Spiral,a=0.02,a=0.02,6,0.999999999999896,True
Spiral,a=0.02,a=0.03,6,0.9913493257454609,False
Spiral,a=0.02,a=0.04,6,0.9702001988049453,False
Spiral,a=0.02,a=0.05,6,0.9418181147641118,False
Spiral,a=0.02,a=0.06,6,0.9095969577623745,False
Spiral,a=0.02,a=0.07,6,0.8757019030866545,False
Spiral,a=0.02,a=0.08,6,0.8414947921466792,False
Spiral,a=0.02,a=0.09,6,0.8078142071438074,False
Spiral,a=0.02,a=0.1,6,0.7751591588170823,False
Spiral,a=0.02,a=0.01,7,0.988438119547578,False
Spiral,a=0.02,a=0.02,7,0.9999999999999519,True
Spiral,a=0.02,a=0.03,7,0.991493655278825,False
Spiral,a=0.02,a=0.04,7,0.9704800267551363,False
Spiral,a=0.02,a=0.05,7,0.9419962195365145,False
Spiral,a=0.02,a=0.06,7,0.9093917720912402,False
Spiral,a=0.02,a=0.07,7,0.874869986837235,False
Spiral,a=0.02,a=0.08,7,0.8398580811866345,False
Spiral,a=0.02,a=0.09,7,0.8052619062551121,False
Spiral,a=0.02,a=0.1,7,0.7716397659583093,False
Spiral,a=0.02,a=0.01,8,0.9880980112307758,False
Spiral,a=0.02,a=0.02,8,0.9999999999997707,True
Spiral,a=0.02,a=0.03,8,0.9913055337974884,False
Spiral,a=0.02,a=0.04,8,0.9700085629566233,False
Spiral,a=0.02,a=0.05,8,0.9413890673137157,False
Spiral,a=0.02,a=0.06,8,0.9088443895780229,False
Spiral,a=0.02,a=0.07,8,0.8745293230795623,False
Spiral,a=0.02,a=0.08,8,0.8397966774860743,False
Spiral,a=0.02,a=0.09,8,0.8054858077002591,False
Spiral,a=0.02,a=0.1,8,0.7721076572118251,False
Spiral,a=0.02,a=0.01,9,0.9874492570935138,False
Spiral,a=0.02,a=0.02,9,0.9999999999999579,True
Spiral,a=0.02,a=0.03,9,0.9908263139008855,False
Spiral,a=0.02,a=0.04,9,0.9682891478352029,False
Spiral,a=0.02,a=0.05,9,0.9379221469321604,False
Spiral,a=0.02,a=0.06,9,0.9033580614686446,False
Spiral,a=0.02,a=0.07,9,0.8669530184684104,False
Spiral,a=0.02,a=0.08,9,0.8302100011876306,False
Spiral,a=0.02,a=0.09,9,0.7940656176203087,False
Spiral,a=0.02,a=0.1,9,0.7590828108930835,False
Spiral,a=0.03,a=0.01,0,0.9591802534146503,False
Spiral,a=0.03,a=0.02,0,0.9910387501924939,False
Spiral,a=0.03,a=0.03,0,0.9999999999998785,True
Spiral,a=0.03,a=0.04,0,0.9930793659263506,False
Spiral,a=0.03,a=0.05,0,0.9755720422088059,False
Spiral,a=0.03,a=0.06,0,0.9513061223228976,False
Spiral,a=0.03,a=0.07,0,0.9229732883642319,False
Spiral,a=0.03,a=0.08,0,0.8924313449433039,False
Spiral,a=0.03,a=0.09,0,0.8609444325909701,False
Spiral,a=0.03,a=0.1,0,0.8293614823119442,False
Spiral,a=0.03,a=0.01,1,0.9512794614193057,False
Spiral,a=0.03,a=0.02,1,0.9895880344549683,False
Spiral,a=0.03,a=0.03,1,0.9999999999997782,True
Spiral,a=0.03,a=0.04,1,0.9922235935844922,False
Spiral,a=0.03,a=0.05,1,0.9728638627463335,False
Spiral,a=0.03,a=0.06,1,0.9464261874773171,False
Spiral,a=0.03,a=0.07,1,0.9159651623617893,False
Spiral,a=0.03,a=0.08,1,0.8835294762687768,False
Spiral,a=0.03,a=0.09,1,0.8504726212957678,False
Spiral,a=0.03,a=0.1,1,0.8176706171639534,False
Spiral,a=0.03,a=0.01,2,0.9542693422959683,False
Spiral,a=0.03,a=0.02,2,0.9902793263102788,False
Spiral,a=0.03,a=0.03,2,0.9999999999999571,True
Spiral,a=0.03,a=0.04,2,0.9927805466041094,False
Spiral,a=0.03,a=0.05,2,0.9748095298751512,False
Spiral,a=0.03,a=0.06,2,0.9502076931104444,False
Spiral,a=0.03,a=0.07,2,0.9217343354142915,False
Spiral,a=0.03,a=0.08,2,0.8912397224185001,False
Spiral,a=0.03,a=0.09,2,0.8599596398785014,False
Spiral,a=0.03,a=0.1,2,0.8287112605140686,False
Spiral,a=0.03,a=0.01,3,0.9595973202342969,False
Spiral,a=0.03,a=0.02,3,0.9913217375528792,False
Spiral,a=0.03,a=0.03,3,0.9999999999999424,True
Spiral,a=0.03,a=0.04,3,0.9934785023147658,False
Spiral,a=0.03,a=0.05,3,0.9771739640486958,False
Spiral,a=0.03,a=0.06,3,0.9547682530511653,False
Spiral,a=0.03,a=0.07,3,0.9287284047522273,False
Spiral,a=0.03,a=0.08,3,0.9006920253295954,False
Spiral,a=0.03,a=0.09,3,0.8717405386502838,False
Spiral,a=0.03,a=0.1,3,0.8425861947331792,False
Spiral,a=0.03,a=0.01,4,0.962567899063503,False
Spiral,a=0.03,a=0.02,4,0.9917871444253452,False
Spiral,a=0.03,a=0.03,4,0.9999999999999487,True
Spiral,a=0.03,a=0.04,4,0.9936102946295582,False
Spiral,a=0.03,a=0.05,4,0.9773270310300081,False
Spiral,a=0.03,a=0.06,4,0.9545614431184629,False
Spiral,a=0.03,a=0.07,4,0.9277529071524304,False
Spiral,a=0.03,a=0.08,4,0.8986267801666618,False
Spiral,a=0.03,a=0.09,4,0.8683905997466759,False
Spiral,a=0.03,a=0.1,4,0.8378798354321617,False
Spiral,a=0.03,a=0.01,5,0.9649913253348406,False
Spiral,a=0.03,a=0.02,5,0.9921042828011981,False
Spiral,a=0.03,a=0.03,5,0.9999999999998452,True
Spiral,a=0.03,a=0.04,5,0.9936470285159393,False
Spiral,a=0.03,a=0.05,5,0.9772379410107931,False
Spiral,a=0.03,a=0.06,5,0.9540765527643702,False
Spiral,a=0.03,a=0.07,5,0.9266465220552409,False
Spiral,a=0.03,a=0.08,5,0.8967543777256729,False
Spiral,a=0.03,a=0.09,5,0.8656817170230897,False
Spiral,a=0.03,a=0.1,5,0.8343180030293714,False
Spiral,a=0.03,a=0.01,6,0.964067349527809,False
Spiral,a=0.03,a=0.02,6,0.9921450944598842,False
Spiral,a=0.03,a=0.03,6,0.9999999999999447,True
Spiral,a=0.03,a=0.04,6,0.9939013823428057,False
Spiral,a=0.03,a=0.05,6,0.9783475972725713,False
Spiral,a=0.03,a=0.06,6,0.9565546517527375,False
Spiral,a=0.03,a=0.07,6,0.9308114278014153,False
Spiral,a=0.03,a=0.08,6,0.9027407813995646,False
Spiral,a=0.03,a=0.09,6,0.8734883111686225,False
Spiral,a=0.03,a=0.1,6,0.8438573177637858,False
Spiral,a=0.03,a=0.01,7,0.9626524056952628,False
Spiral,a=0.03,a=0.02,7,0.9918165071801397,False
Spiral,a=0.03,a=0.03,7,0.9999999999999697,True
Spiral,a=0.03,a=0.04,7,0.9936218111459872,False
Spiral,a=0.03,a=0.05,7,0.977343458625877,False
Spiral,a=0.03,a=0.06,7,0.9545594419161669,False
Spiral,a=0.03,a=0.07,7,0.9277200225480184,False
Spiral,a=0.03,a=0.08,7,0.8985720743514103,False
Spiral,a=0.03,a=0.09,7,0.8683440053820102,False
Spiral,a=0.03,a=0.1,7,0.8378863987693356,False
Spiral,a=0.03,a=0.01,8,0.9615602692375474,False
Spiral,a=0.03,a=0.02,8,0.9916794223756362,False
Spiral,a=0.03,a=0.03,8,0.9999999999999661,True
Spiral,a=0.03,a=0.04,8,0.9936593104157561,False
Spiral,a=0.03,a=0.05,8,0.9776525338459663,False
Spiral,a=0.03,a=0.06,8,0.9554251801777027,False
Spiral,a=0.03,a=0.07,8,0.9293460368553756,False
Spiral,a=0.03,a=0.08,8,0.9010460604116038,False
Spiral,a=0.03,a=0.09,8,0.8716505806240769,False
Spiral,a=0.03,a=0.1,8,0.8419360035504753,False
Spiral,a=0.03,a=0.01,9,0.9622676144487442,False
Spiral,a=0.03,a=0.02,9,0.9915579648332693,False
Spiral,a=0.03,a=0.03,9,0.9999999999998939,True
Spiral,a=0.03,a=0.04,9,0.9933077429019774,False
Spiral,a=0.03,a=0.05,9,0.9761778719595406,False
Spiral,a=0.03,a=0.06,9,0.9522154053873813,False
Spiral,a=0.03,a=0.07,9,0.9240609260672413,False
Spiral,a=0.03,a=0.08,9,0.8935874728630655,False
Spiral,a=0.03,a=0.09,9,0.8620923659778383,False
Spiral,a=0.03,a=0.1,9,0.8304561102529658,False
Spiral,a=0.04,a=0.01,0,0.9273476553580074,False
Spiral,a=0.04,a=0.02,0,0.970994006078584,False
Spiral,a=0.04,a=0.03,0,0.9934943270509751,False
Spiral,a=0.04,a=0.04,0,0.9999999999999142,True
Spiral,a=0.04,a=0.05,0,0.9947570814733544,False
Spiral,a=0.04,a=0.06,0,0.9811275357810276,False
Spiral,a=0.04,a=0.07,0,0.9616965838461885,False
Spiral,a=0.04,a=0.08,0,0.9384097535371559,False
Spiral,a=0.04,a=0.09,0,0.9127071815021373,False
Spiral,a=0.04,a=0.1,0,0.8856407896506042,False
Spiral,a=0.04,a=0.01,1,0.918237593671882,False
Spiral,a=0.04,a=0.02,1,0.9682479245808728,False
Spiral,a=0.04,a=0.03,1,0.9930244828505393,False
Spiral,a=0.04,a=0.04,1,0.9999999999999215,True
Spiral,a=0.04,a=0.05,1,0.9945283328119143,False
Spiral,a=0.04,a=0.06,1,0.9804755973385217,False
Spiral,a=0.04,a=0.07,1,0.9606373494374856,False
Spiral,a=0.04,a=0.08,1,0.9370334880577781,False
Spiral,a=0.04,a=0.09,1,0.9111195644057193,False
Spiral,a=0.04,a=0.1,1,0.8839396456880556,False
Spiral,a=0.04,a=0.01,2,0.9191649521789597,False
Spiral,a=0.04,a=0.02,2,0.9686349851191891,False
Spiral,a=0.04,a=0.03,2,0.9931195378971018,False
Spiral,a=0.04,a=0.04,2,0.9999999999999375,True
Spiral,a=0.04,a=0.05,2,0.9946161310624525,False
Spiral,a=0.04,a=0.06,2,0.9808019569229999,False
Spiral,a=0.04,a=0.07,2,0.9613085255982603,False
Spiral,a=0.04,a=0.08,2,0.9381118099732125,False
Spiral,a=0.04,a=0.09,2,0.9126314924051601,False
Spiral,a=0.04,a=0.1,2,0.8858860349475937,False
Spiral,a=0.04,a=0.01,3,0.9255745889670108,False
Spiral,a=0.04,a=0.02,3,0.9706998005612131,False
Spiral,a=0.04,a=0.03,3,0.9935001436748877,False
Spiral,a=0.04,a=0.04,3,0.9999999999998621,True
Spiral,a=0.04,a=0.05,3,0.9948476739698433,False
Spiral,a=0.04,a=0.06,3,0.9815667583057971,False
Spiral,a=0.04,a=0.07,3,0.9627709466899194,False
Spiral,a=0.04,a=0.08,3,0.9403672024448547,False
Spiral,a=0.04,a=0.09,3,0.9157310035883934,False
Spiral,a=0.04,a=0.1,3,0.8898463590362812,False
Spiral,a=0.04,a=0.01,4,0.9347729479196101,False
Spiral,a=0.04,a=0.02,4,0.9739476456401672,False
Spiral,a=0.04,a=0.03,4,0.9941419140198291,False
Spiral,a=0.04,a=0.04,4,0.9999999999999415,True
Spiral,a=0.04,a=0.05,4,0.9952385536811789,False
Spiral,a=0.04,a=0.06,4,0.9827733936826586,False
Spiral,a=0.04,a=0.07,4,0.9648544690016486,False
Spiral,a=0.04,a=0.08,4,0.9431973345729306,False
Spiral,a=0.04,a=0.09,4,0.9190983981207212,False
Spiral,a=0.04,a=0.1,4,0.8935297510802337,False
Spiral,a=0.04,a=0.01,5,0.9385514192674315,False
Spiral,a=0.04,a=0.02,5,0.9748936848336822,False
Spiral,a=0.04,a=0.03,5,0.9942516210688707,False
Spiral,a=0.04,a=0.04,5,0.999999999999906,True
Spiral,a=0.04,a=0.05,5,0.9952065052395659,False
Spiral,a=0.04,a=0.06,5,0.9825043241903861,False
Spiral,a=0.04,a=0.07,5,0.9640624805272462,False
Spiral,a=0.04,a=0.08,5,0.9416156713173023,False
Spiral,a=0.04,a=0.09,5,0.916520793473396,False
Spiral,a=0.04,a=0.1,5,0.8898200928331206,False
Spiral,a=0.04,a=0.01,6,0.9281693572098458,False
Spiral,a=0.04,a=0.02,6,0.971831402717003,False
Spiral,a=0.04,a=0.03,6,0.9937761285725811,False
Spiral,a=0.04,a=0.04,6,0.9999999999999217,True
Spiral,a=0.04,a=0.05,6,0.9950891054382901,False
Spiral,a=0.04,a=0.06,6,0.9824434925602303,False
Spiral,a=0.04,a=0.07,6,0.964543433519758,False
Spiral,a=0.04,a=0.08,6,0.9431824438278159,False
Spiral,a=0.04,a=0.09,6,0.9196503437748096,False
Spiral,a=0.04,a=0.1,6,0.8948708355173148,False
Spiral,a=0.04,a=0.01,7,0.9304924114433661,False
Spiral,a=0.04,a=0.02,7,0.9722583102091533,False
Spiral,a=0.04,a=0.03,7,0.9937572476148453,False
Spiral,a=0.04,a=0.04,7,0.9999999999999387,True
Spiral,a=0.04,a=0.05,7,0.9949213612869292,False
Spiral,a=0.04,a=0.06,7,0.9816377672184373,False
Spiral,a=0.04,a=0.07,7,0.9625891829868404,False
Spiral,a=0.04,a=0.08,7,0.9396550933757608,False
Spiral,a=0.04,a=0.09,7,0.9142601096238671,False
Spiral,a=0.04,a=0.1,7,0.8874676973626334,False
Spiral,a=0.04,a=0.01,8,0.9340778318327883,False
Spiral,a=0.04,a=0.02,8,0.973770360194492,False
Spiral,a=0.04,a=0.03,8,0.9941249938690156,False
Spiral,a=0.04,a=0.04,8,0.999999999999963,True
Spiral,a=0.04,a=0.05,8,0.9952550789048917,False
Spiral,a=0.04,a=0.06,8,0.9828716169518311,False
Spiral,a=0.04,a=0.07,8,0.9651123339699469,False
Spiral,a=0.04,a=0.08,8,0.9436771662172961,False
Spiral,a=0.04,a=0.09,8,0.9198354627887444,False
Spiral,a=0.04,a=0.1,8,0.894530873533053,False
Spiral,a=0.04,a=0.01,9,0.9252600642582473,False
Spiral,a=0.04,a=0.02,9,0.9704195191337683,False
Spiral,a=0.04,a=0.03,9,0.9934094858129521,False
Spiral,a=0.04,a=0.04,9,0.9999999999999191,True
Spiral,a=0.04,a=0.05,9,0.9947331504716309,False
Spiral,a=0.04,a=0.06,9,0.9810862296943635,False
Spiral,a=0.04,a=0.07,9,0.9616712615627145,False
Spiral,a=0.04,a=0.08,9,0.9384263285656308,False
Spiral,a=0.04,a=0.09,9,0.9127774298499851,False
Spiral,a=0.04,a=0.1,9,0.8857666632728974,False
Spiral,a=0.05,a=0.01,0,0.8762719372920078,False
Spiral,a=0.05,a=0.02,0,0.9373863811279917,False
Spiral,a=0.05,a=0.03,0,0.9749959706640018,False
Spiral,a=0.05,a=0.04,0,0.9943815536563497,False
Spiral,a=0.05,a=0.05,0,0.9999999999999188,True
Spiral,a=0.05,a=0.06,0,0.9954401537100088,False
Spiral,a=0.05,a=0.07,0,0.9835138487554043,False
Spiral,a=0.05,a=0.08,0,0.9663847478290251,False
Spiral,a=0.05,a=0.09,0,0.9456958284645096,False
Spiral,a=0.05,a=0.1,0,0.9226817983355016,False
Spiral,a=0.05,a=0.01,1,0.8885695749401842,False
Spiral,a=0.05,a=0.02,1,0.9435989503965614,False
Spiral,a=0.05,a=0.03,1,0.9773919972009544,False
Spiral,a=0.05,a=0.04,1,0.9948909491573391,False
Spiral,a=0.05,a=0.05,1,0.999999999999936,True
Spiral,a=0.05,a=0.06,1,0.995797119924032,False
Spiral,a=0.05,a=0.07,1,0.9847001745240483,False
Spiral,a=0.05,a=0.08,1,0.9685991918811712,False
Spiral,a=0.05,a=0.09,1,0.9489630812068927,False
Spiral,a=0.05,a=0.1,1,0.9269261535298335,False
Spiral,a=0.05,a=0.01,2,0.8807934054997137,False
Spiral,a=0.05,a=0.02,2,0.940287331771131,False
Spiral,a=0.05,a=0.03,2,0.9763230213065089,False
Spiral,a=0.05,a=0.04,2,0.9947049555503472,False
Spiral,a=0.05,a=0.05,2,0.9999999999998753,True
Spiral,a=0.05,a=0.06,2,0.9957227416055519,False
Spiral,a=0.05,a=0.07,2,0.9845469801394248,False
Spiral,a=0.05,a=0.08,2,0.9684929834540043,False
Spiral,a=0.05,a=0.09,2,0.9490798278187944,False
Spiral,a=0.05,a=0.1,2,0.9274449138861107,False
Spiral,a=0.05,a=0.01,3,0.8854449753723593,False
Spiral,a=0.05,a=0.02,3,0.9425224927546534,False
Spiral,a=0.05,a=0.03,3,0.9771443050650355,False
Spiral,a=0.05,a=0.04,3,0.9948748846889023,False
Spiral,a=0.05,a=0.05,3,0.9999999999998355,True
Spiral,a=0.05,a=0.06,3,0.9958400606754355,False
Spiral,a=0.05,a=0.07,3,0.984934709220228,False
Spiral,a=0.05,a=0.08,3,0.9692069418110544,False
Spiral,a=0.05,a=0.09,3,0.95010493131827,False
Spiral,a=0.05,a=0.1,3,0.9287165882336413,False
Spiral,a=0.05,a=0.01,4,0.8983429219431968,False
Spiral,a=0.05,a=0.02,4,0.9485122762707688,False
Spiral,a=0.05,a=0.03,4,0.9793105324996368,False
Spiral,a=0.05,a=0.04,4,0.9953102688746635,False
Spiral,a=0.05,a=0.05,4,0.999999999999802,True
Spiral,a=0.05,a=0.06,4,0.9961177175979161,False
Spiral,a=0.05,a=0.07,4,0.9858242752103978,False
Spiral,a=0.05,a=0.08,4,0.9708212550379057,False
Spiral,a=0.05,a=0.09,4,0.9524423962552386,False
Spiral,a=0.05,a=0.1,4,0.9317273177112477,False
Spiral,a=0.05,a=0.01,5,0.9017901800588074,False
Spiral,a=0.05,a=0.02,5,0.9495733110530209,False
Spiral,a=0.05,a=0.03,5,0.9795831859795586,False
Spiral,a=0.05,a=0.04,5,0.9953523874094617,False
Spiral,a=0.05,a=0.05,5,0.9999999999999313,True
Spiral,a=0.05,a=0.06,5,0.9961370388513862,False
Spiral,a=0.05,a=0.07,5,0.9858796803914526,False
Spiral,a=0.05,a=0.08,5,0.9709108913178974,False
Spiral,a=0.05,a=0.09,5,0.9525535857985744,False
Spiral,a=0.05,a=0.1,5,0.9318392049117141,False
Spiral,a=0.05,a=0.01,6,0.8882490324920338,False
Spiral,a=0.05,a=0.02,6,0.9436279759449958,False
Spiral,a=0.05,a=0.03,6,0.9775087799668861,False
Spiral,a=0.05,a=0.04,6,0.9949424560529054,False
Spiral,a=0.05,a=0.05,6,0.99999999999996,True
Spiral,a=0.05,a=0.06,6,0.9958769988838945,False
Spiral,a=0.05,a=0.07,6,0.9850476172972226,False
Spiral,a=0.05,a=0.08,6,0.969411087663275,False
Spiral,a=0.05,a=0.09,6,0.9504155737618574,False
Spiral,a=0.05,a=0.1,6,0.9291588234067882,False
Spiral,a=0.05,a=0.01,7,0.893029063765584,False
Spiral,a=0.05,a=0.02,7,0.9445799822997926,False
Spiral,a=0.05,a=0.03,7,0.9774370748888008,False
Spiral,a=0.05,a=0.04,7,0.9948502425982387,False
Spiral,a=0.05,a=0.05,7,0.9999999999998807,True
Spiral,a=0.05,a=0.06,7,0.9957235528985828,False
Spiral,a=0.05,a=0.07,7,0.9844069932986698,False
Spiral,a=0.05,a=0.08,7,0.9679824506136084,False
Spiral,a=0.05,a=0.09,7,0.9479756383859882,False
Spiral,a=0.05,a=0.1,7,0.9255702016861111,False
Spiral,a=0.05,a=0.01,8,0.9020073385850725,False
Spiral,a=0.05,a=0.02,8,0.9502698014666111,False
Spiral,a=0.05,a=0.03,8,0.9800063143613124,False
Spiral,a=0.05,a=0.04,8,0.9954644925177976,False
Spiral,a=0.05,a=0.05,8,0.9999999999998985,True
Spiral,a=0.05,a=0.06,8,0.9962307133493064,False
Spiral,a=0.05,a=0.07,8,0.9861958046464006,False
Spiral,a=0.05,a=0.08,8,0.9714889611185734,False
Spiral,a=0.05,a=0.09,8,0.9533606274370614,False
Spiral,a=0.05,a=0.1,8,0.932794429836365,False
Spiral,a=0.05,a=0.01,9,0.891311801921771,False
Spiral,a=0.05,a=0.02,9,0.9448666373376752,False
Spiral,a=0.05,a=0.03,9,0.9779042172757976,False
Spiral,a=0.05,a=0.04,9,0.9950122839344037,False
Spiral,a=0.05,a=0.05,9,0.9999999999999528,True
Spiral,a=0.05,a=0.06,9,0.9959055294120361,False
Spiral,a=0.05,a=0.07,9,0.9851013930538103,False
Spiral,a=0.05,a=0.08,9,0.9694224540570902,False
Spiral,a=0.05,a=0.09,9,0.9502817327629074,False
Spiral,a=0.05,a=0.1,9,0.9287646474097704,False
Spiral,a=0.06,a=0.01,0,0.8471489000466084,False
Spiral,a=0.06,a=0.02,0,0.9104297752792316,False
Spiral,a=0.06,a=0.03,0,0.9539188337829689,False
Spiral,a=0.06,a=0.04,0,0.981277844779463,False
Spiral,a=0.06,a=0.05,0,0.9957212938770248,False
Spiral,a=0.06,a=0.06,0,0.9999999999998955,True
Spiral,a=0.06,a=0.07,0,0.9964179215287763,False
Spiral,a=0.06,a=0.08,0,0.9868681315188312,False
Spiral,a=0.06,a=0.09,0,0.9728803836261755,False
Spiral,a=0.06,a=0.1,0,0.955673746776923,False
Spiral,a=0.06,a=0.01,1,0.8446596013762175,False
Spiral,a=0.06,a=0.02,1,0.9096650271015095,False
Spiral,a=0.06,a=0.03,1,0.9538055302500905,False
Spiral,a=0.06,a=0.04,1,0.9813194544789287,False
Spiral,a=0.06,a=0.05,1,0.9957460556852019,False
Spiral,a=0.06,a=0.06,1,0.9999999999999506,True
Spiral,a=0.06,a=0.07,1,0.9964555895070959,False
Spiral,a=0.06,a=0.08,1,0.9870263618330778,False
Spiral,a=0.06,a=0.09,1,0.9732386034153739,False
Spiral,a=0.06,a=0.1,1,0.9562981531140522,False
Spiral,a=0.06,a=0.01,2,0.8314773520808347,False
Spiral,a=0.06,a=0.02,2,0.9027971540817604,False
Spiral,a=0.06,a=0.03,2,0.9507342197071198,False
Spiral,a=0.06,a=0.04,2,0.9802522908557151,False
Spiral,a=0.06,a=0.05,2,0.9955400861657686,False
Spiral,a=0.06,a=0.06,2,0.9999999999999751,True
Spiral,a=0.06,a=0.07,2,0.9963361141081856,False
Spiral,a=0.06,a=0.08,2,0.98666614019679,False
Spiral,a=0.06,a=0.09,2,0.9726312804367581,False
Spiral,a=0.06,a=0.1,2,0.9554937133355057,False
Spiral,a=0.06,a=0.01,3,0.8471367559245794,False
Spiral,a=0.06,a=0.02,3,0.9116888598231856,False
Spiral,a=0.06,a=0.03,3,0.9549860936821003,False
Spiral,a=0.06,a=0.04,3,0.9818353359219963,False
Spiral,a=0.06,a=0.05,3,0.9958694290103518,False
Spiral,a=0.06,a=0.06,3,0.9999999999998982,True
Spiral,a=0.06,a=0.07,3,0.9965622637879417,False
Spiral,a=0.06,a=0.08,3,0.9874148859537133,False
Spiral,a=0.06,a=0.09,3,0.9740263738959895,False
Spiral,a=0.06,a=0.1,3,0.9575497664395854,False
Spiral,a=0.06,a=0.01,4,0.8609695670745785,False
Spiral,a=0.06,a=0.02,4,0.9187532912039896,False
Spiral,a=0.06,a=0.03,4,0.9581937490047788,False
Spiral,a=0.06,a=0.04,4,0.9829842793681697,False
Spiral,a=0.06,a=0.05,4,0.9961002700081188,False
Spiral,a=0.06,a=0.06,4,0.9999999999997308,True
Spiral,a=0.06,a=0.07,4,0.9967103705481732,False
Spiral,a=0.06,a=0.08,4,0.9878880592432905,False
Spiral,a=0.06,a=0.09,4,0.9748751321407206,False
Spiral,a=0.06,a=0.1,4,0.9587503579540806,False
Spiral,a=0.06,a=0.01,5,0.8647273171974463,False
Spiral,a=0.06,a=0.02,5,0.9193878588446536,False
Spiral,a=0.06,a=0.03,5,0.9579682012308524,False
Spiral,a=0.06,a=0.04,5,0.982735674106553,False
Spiral,a=0.06,a=0.05,5,0.9960181054527228,False
Spiral,a=0.06,a=0.06,5,0.9999999999999668,True
Spiral,a=0.06,a=0.07,5,0.9966162531140611,False
Spiral,a=0.06,a=0.08,5,0.9875175194663516,False
Spiral,a=0.06,a=0.09,5,0.9740767166310141,False
Spiral,a=0.06,a=0.1,5,0.9574152314044674,False
Spiral,a=0.06,a=0.01,6,0.8469364460154927,False
Spiral,a=0.06,a=0.02,6,0.9102117388017086,False
Spiral,a=0.06,a=0.03,6,0.9538452990054687,False
Spiral,a=0.06,a=0.04,6,0.9812800056409482,False
Spiral,a=0.06,a=0.05,6,0.9957301844198564,False
Spiral,a=0.06,a=0.06,6,0.9999999999998347,True
Spiral,a=0.06,a=0.07,6,0.9964383690986982,False
Spiral,a=0.06,a=0.08,6,0.9869630427447126,False
Spiral,a=0.06,a=0.09,6,0.9731121956001502,False
Spiral,a=0.06,a=0.1,6,0.9561031767456092,False
Spiral,a=0.06,a=0.01,7,0.8581137316346161,False
Spiral,a=0.06,a=0.02,7,0.9159068275032147,False
Spiral,a=0.06,a=0.03,7,0.9563870839430381,False
Spiral,a=0.06,a=0.04,7,0.9821744610131949,False
Spiral,a=0.06,a=0.05,7,0.9959067080443682,False
Spiral,a=0.06,a=0.06,7,0.9999999999999301,True
Spiral,a=0.06,a=0.07,7,0.9965464540471521,False
Spiral,a=0.06,a=0.08,7,0.9872967025015614,False
Spiral,a=0.06,a=0.09,7,0.9736842118839507,False
Spiral,a=0.06,a=0.1,7,0.9568656565781902,False
Spiral,a=0.06,a=0.01,8,0.8670864589530959,False
Spiral,a=0.06,a=0.02,8,0.9222485919936636,False
Spiral,a=0.06,a=0.03,8,0.9599818105658763,False
Spiral,a=0.06,a=0.04,8,0.9836991583934043,False
Spiral,a=0.06,a=0.05,8,0.9962580973191603,False
Spiral,a=0.06,a=0.06,8,0.9999999999999082,True
Spiral,a=0.06,a=0.07,8,0.9968272296303995,False
Spiral,a=0.06,a=0.08,8,0.9882816802271852,False
Spiral,a=0.06,a=0.09,8,0.975611686819977,False
Spiral,a=0.06,a=0.1,8,0.9598262810854649,False
Spiral,a=0.06,a=0.01,9,0.8574511061548723,False
Spiral,a=0.06,a=0.02,9,0.9171221853357142,False
Spiral,a=0.06,a=0.03,9,0.9575693711244426,False
Spiral,a=0.06,a=0.04,9,0.982799036063712,False
Spiral,a=0.06,a=0.05,9,0.9960689094061,False
Spiral,a=0.06,a=0.06,9,0.999999999999924,True
Spiral,a=0.06,a=0.07,9,0.9966934408067242,False
Spiral,a=0.06,a=0.08,9,0.9878319475463063,False
Spiral,a=0.06,a=0.09,9,0.9747621313445367,False
Spiral,a=0.06,a=0.1,9,0.9585599842432585,False
Spiral,a=0.07,a=0.01,0,0.8085839206064265,False
Spiral,a=0.07,a=0.02,0,0.8780018419322759,False
Spiral,a=0.07,a=0.03,0,0.928345015294073,False
Spiral,a=0.07,a=0.04,0,0.96299449096707,False
Spiral,a=0.07,a=0.05,0,0.9848890763590452,False
Spiral,a=0.07,a=0.06,0,0.9965258428782102,False
Spiral,a=0.07,a=0.07,0,0.9999999999999368,True
Spiral,a=0.07,a=0.08,0,0.9970509728983291,False
Spiral,a=0.07,a=0.09,0,0.9891083915986327,False
Spiral,a=0.07,a=0.1,0,0.9773369775129789,False
Spiral,a=0.07,a=0.01,1,0.80244314241512,False
Spiral,a=0.07,a=0.02,1,0.8737423378348822,False
Spiral,a=0.07,a=0.03,1,0.9257559689083865,False
Spiral,a=0.07,a=0.04,1,0.961650026448281,False
Spiral,a=0.07,a=0.05,1,0.9843460487692037,False
Spiral,a=0.07,a=0.06,1,0.996403622068971,False
Spiral,a=0.07,a=0.07,1,0.9999999999999307,True
Spiral,a=0.07,a=0.08,1,0.9969537618953866,False
Spiral,a=0.07,a=0.09,1,0.9887644015849161,False
Spiral,a=0.07,a=0.1,1,0.9766557559908685,False
Spiral,a=0.07,a=0.01,2,0.7956978413535916,False
Spiral,a=0.07,a=0.02,2,0.8703251454851515,False
Spiral,a=0.07,a=0.03,2,0.9241914571530448,False
Spiral,a=0.07,a=0.04,2,0.9610358732936581,False
Spiral,a=0.07,a=0.05,2,0.984162023991433,False
Spiral,a=0.07,a=0.06,2,0.996374076195658,False
Spiral,a=0.07,a=0.07,2,0.9999999999999353,True
Spiral,a=0.07,a=0.08,2,0.9969444510020714,False
Spiral,a=0.07,a=0.09,2,0.9887496647518974,False
Spiral,a=0.07,a=0.1,2,0.9766550249752253,False
Spiral,a=0.07,a=0.01,3,0.8125196573050709,False
Spiral,a=0.07,a=0.02,3,0.8812521890848919,False
Spiral,a=0.07,a=0.03,3,0.9304414845003196,False
Spiral,a=0.07,a=0.04,3,0.9641298975761026,False
Spiral,a=0.07,a=0.05,3,0.9853643042905634,False
Spiral,a=0.07,a=0.06,3,0.9966360974565671,False
Spiral,a=0.07,a=0.07,3,0.99999999999996,True
Spiral,a=0.07,a=0.08,3,0.9971433772656377,False
Spiral,a=0.07,a=0.09,3,0.9894442975409464,False
Spiral,a=0.07,a=0.1,3,0.9780225135024616,False
Spiral,a=0.07,a=0.01,4,0.8218609908649889,False
Spiral,a=0.07,a=0.02,4,0.8855384129625666,False
Spiral,a=0.07,a=0.03,4,0.9322919247095666,False
Spiral,a=0.07,a=0.04,4,0.9648084923776375,False
Spiral,a=0.07,a=0.05,4,0.9855448831954319,False
Spiral,a=0.07,a=0.06,4,0.9966583645134385,False
Spiral,a=0.07,a=0.07,4,0.9999999999999256,True
Spiral,a=0.07,a=0.08,4,0.9971357040401052,False
Spiral,a=0.07,a=0.09,4,0.9893763709344428,False
Spiral,a=0.07,a=0.1,4,0.9778098992943427,False
Spiral,a=0.07,a=0.01,5,0.8294139685319168,False
Spiral,a=0.07,a=0.02,5,0.8897162779251827,False
Spiral,a=0.07,a=0.03,5,0.934476533435536,False
Spiral,a=0.07,a=0.04,5,0.9658381757725366,False
Spiral,a=0.07,a=0.05,5,0.9859363289022387,False
Spiral,a=0.07,a=0.06,5,0.9967433268558246,False
Spiral,a=0.07,a=0.07,5,0.9999999999998359,True
Spiral,a=0.07,a=0.08,5,0.9972015342874145,False
Spiral,a=0.07,a=0.09,5,0.9896102337643551,False
Spiral,a=0.07,a=0.1,5,0.9782792328071164,False
Spiral,a=0.07,a=0.01,6,0.8139366884333455,False
Spiral,a=0.07,a=0.02,6,0.8817175658242754,False
Spiral,a=0.07,a=0.03,6,0.9307104324823549,False
Spiral,a=0.07,a=0.04,6,0.9642974576351222,False
Spiral,a=0.07,a=0.05,6,0.9854463777498761,False
Spiral,a=0.07,a=0.06,6,0.9966579310159802,False
Spiral,a=0.07,a=0.07,6,0.9999999999999468,True
Spiral,a=0.07,a=0.08,6,0.9971661288522148,False
Spiral,a=0.07,a=0.09,6,0.9895346195119448,False
Spiral,a=0.07,a=0.1,6,0.9782216459093315,False
Spiral,a=0.07,a=0.01,7,0.8275468441067553,False
Spiral,a=0.07,a=0.02,7,0.8883108170284721,False
Spiral,a=0.07,a=0.03,7,0.9335362427344296,False
Spiral,a=0.07,a=0.04,7,0.9653108598708067,False
Spiral,a=0.07,a=0.05,7,0.9857123666026067,False
Spiral,a=0.07,a=0.06,7,0.9966916264748855,False
Spiral,a=0.07,a=0.07,7,0.9999999999999345,True
Spiral,a=0.07,a=0.08,7,0.9971607202194288,False
Spiral,a=0.07,a=0.09,7,0.9894694640936741,False
Spiral,a=0.07,a=0.1,7,0.9780107560688178,False
Spiral,a=0.07,a=0.01,8,0.8167090857162114,False
Spiral,a=0.07,a=0.02,8,0.8834784860406333,False
Spiral,a=0.07,a=0.03,8,0.9317021408377777,False
Spiral,a=0.07,a=0.04,8,0.9647642784777767,False
Spiral,a=0.07,a=0.05,8,0.9856092437716071,False
Spiral,a=0.07,a=0.06,8,0.9966871939701405,False
Spiral,a=0.07,a=0.07,8,0.9999999999999682,True
Spiral,a=0.07,a=0.08,8,0.997174009174521,False
Spiral,a=0.07,a=0.09,8,0.9895294656125039,False
Spiral,a=0.07,a=0.1,8,0.9781387371786816,False
Spiral,a=0.07,a=0.01,9,0.8134043624242325,False
Spiral,a=0.07,a=0.02,9,0.880405225373115,False
Spiral,a=0.07,a=0.03,9,0.9293996301577062,False
Spiral,a=0.07,a=0.04,9,0.9633726868541216,False
Spiral,a=0.07,a=0.05,9,0.9849815143343543,False
Spiral,a=0.07,a=0.06,9,0.9965340557697251,False
Spiral,a=0.07,a=0.07,9,0.9999999999999568,True
Spiral,a=0.07,a=0.08,9,0.9970389928068327,False
Spiral,a=0.07,a=0.09,9,0.989035433448969,False
Spiral,a=0.07,a=0.1,9,0.9771341970467916,False
Spiral,a=0.08,a=0.01,0,0.7768173235884093,False
Spiral,a=0.08,a=0.02,0,0.84683978096903,False
Spiral,a=0.08,a=0.03,0,0.9009612627022484,False
Spiral,a=0.08,a=0.04,0,0.9410966531783846,False
Spiral,a=0.08,a=0.05,0,0.9692439524979399,False
Spiral,a=0.08,a=0.06,0,0.9873169818299048,False
Spiral,a=0.08,a=0.07,0,0.997057813896202,False
Spiral,a=0.08,a=0.08,0,0.9999999999999312,True
Spiral,a=0.08,a=0.09,0,0.9974624044698679,False
Spiral,a=0.08,a=0.1,0,0.9905606292202181,False
Spiral,a=0.08,a=0.01,1,0.7542229401677366,False
Spiral,a=0.08,a=0.02,1,0.8337994565521792,False
Spiral,a=0.08,a=0.03,1,0.8934802289573592,False
Spiral,a=0.08,a=0.04,1,0.9370166826825553,False
Spiral,a=0.08,a=0.05,1,0.967247932551591,False
Spiral,a=0.08,a=0.06,1,0.9865348080208889,False
Spiral,a=0.08,a=0.07,1,0.996883854481051,False
Spiral,a=0.08,a=0.08,1,0.9999999999999342,True
Spiral,a=0.08,a=0.09,1,0.9973226995446366,False
Spiral,a=0.08,a=0.1,1,0.9900580329032067,False
Spiral,a=0.08,a=0.01,2,0.7576448904640101,False
Spiral,a=0.08,a=0.02,2,0.8356687186325195,False
Spiral,a=0.08,a=0.03,2,0.8947855764547468,False
Spiral,a=0.08,a=0.04,2,0.9379305209106145,False
Spiral,a=0.08,a=0.05,2,0.9678075115306185,False
Spiral,a=0.08,a=0.06,2,0.986798561105175,False
Spiral,a=0.08,a=0.07,2,0.9969518991101868,False
Spiral,a=0.08,a=0.08,2,0.9999999999998427,True
Spiral,a=0.08,a=0.09,2,0.9973905003628243,False
Spiral,a=0.08,a=0.1,2,0.9903220861337899,False
Spiral,a=0.08,a=0.01,3,0.771251612671848,False
Spiral,a=0.08,a=0.02,3,0.8457023082635818,False
Spiral,a=0.08,a=0.03,3,0.9015182896426859,False
Spiral,a=0.08,a=0.04,3,0.9419858712566,False
Spiral,a=0.08,a=0.05,3,0.9699167149410376,False
Spiral,a=0.08,a=0.06,3,0.9876555125652555,False
Spiral,a=0.08,a=0.07,3,0.997146389504631,False
Spiral,a=0.08,a=0.08,3,0.9999999999998961,True
Spiral,a=0.08,a=0.09,3,0.997549239246566,False
Spiral,a=0.08,a=0.1,3,0.9908948373167805,False
Spiral,a=0.08,a=0.01,4,0.7900759585754049,False
Spiral,a=0.08,a=0.02,4,0.8565033701181034,False
Spiral,a=0.08,a=0.03,4,0.9071628652330633,False
Spiral,a=0.08,a=0.04,4,0.9446067398417022,False
Spiral,a=0.08,a=0.05,4,0.9709370737705224,False
Spiral,a=0.08,a=0.06,4,0.9879472502644485,False
Spiral,a=0.08,a=0.07,4,0.997187266622653,False
Spiral,a=0.08,a=0.08,4,0.9999999999999137,True
Spiral,a=0.08,a=0.09,4,0.9975455165289752,False
Spiral,a=0.08,a=0.1,4,0.9908204952283131,False
Spiral,a=0.08,a=0.01,5,0.7902978075220314,False
Spiral,a=0.08,a=0.02,5,0.8562207283370764,False
Spiral,a=0.08,a=0.03,5,0.9068790703087201,False
Spiral,a=0.08,a=0.04,5,0.9444339932248458,False
Spiral,a=0.08,a=0.05,5,0.9708600556179144,False
Spiral,a=0.08,a=0.06,5,0.987924243877563,False
Spiral,a=0.08,a=0.07,5,0.9971843864305264,False
Spiral,a=0.08,a=0.08,5,0.9999999999999389,True
Spiral,a=0.08,a=0.09,5,0.9975478579620437,False
Spiral,a=0.08,a=0.1,5,0.990838816467709,False
Spiral,a=0.08,a=0.01,6,0.7855276886199778,False
Spiral,a=0.08,a=0.02,6,0.8544787185386752,False
Spiral,a=0.08,a=0.03,6,0.9066412574690705,False
Spiral,a=0.08,a=0.04,6,0.9447542051576555,False
Spiral,a=0.08,a=0.05,6,0.9712347275413363,False
Spiral,a=0.08,a=0.06,6,0.9881515263326429,False
Spiral,a=0.08,a=0.07,6,0.9972512799365709,False
Spiral,a=0.08,a=0.08,6,0.9999999999999585,True
Spiral,a=0.08,a=0.09,6,0.9976238037064381,False
Spiral,a=0.08,a=0.1,6,0.9911452530284772,False
Spiral,a=0.08,a=0.01,7,0.7927112129408934,False
Spiral,a=0.08,a=0.02,7,0.8570913997206567,False
Spiral,a=0.08,a=0.03,7,0.9072074822403823,False
Spiral,a=0.08,a=0.04,7,0.9446012010041852,False
Spiral,a=0.08,a=0.05,7,0.9709696166795025,False
Spiral,a=0.08,a=0.06,7,0.9879873164751065,False
Spiral,a=0.08,a=0.07,7,0.9972041315396807,False
Spiral,a=0.08,a=0.08,7,0.9999999999999203,True
Spiral,a=0.08,a=0.09,7,0.9975739989681152,False
Spiral,a=0.08,a=0.1,7,0.9909512679112805,False
Spiral,a=0.08,a=0.01,8,0.777216322350474,False
Spiral,a=0.08,a=0.02,8,0.8493130574941758,False
Spiral,a=0.08,a=0.03,8,0.9036362700475754,False
Spiral,a=0.08,a=0.04,8,0.9431317632935052,False
Spiral,a=0.08,a=0.05,8,0.9704515129969528,False
Spiral,a=0.08,a=0.06,8,0.9878463340274305,False
Spiral,a=0.08,a=0.07,8,0.9971829373885743,False
Spiral,a=0.08,a=0.08,8,0.9999999999999724,True
Spiral,a=0.08,a=0.09,8,0.9975659483217351,False
Spiral,a=0.08,a=0.1,8,0.9909281082685046,False
Spiral,a=0.08,a=0.01,9,0.7862770291838599,False
Spiral,a=0.08,a=0.02,9,0.8539523038291308,False
Spiral,a=0.08,a=0.03,9,0.9056874925576289,False
Spiral,a=0.08,a=0.04,9,0.9438797928880321,False
Spiral,a=0.08,a=0.05,9,0.9706490383835928,False
Spiral,a=0.08,a=0.06,9,0.9878684262721056,False
Spiral,a=0.08,a=0.07,9,0.9971782887233256,False
Spiral,a=0.08,a=0.08,9,0.9999999999998864,True
Spiral,a=0.08,a=0.09,9,0.9975530040918971,False
Spiral,a=0.08,a=0.1,9,0.9908742280260545,False
Spiral,a=0.09,a=0.01,0,0.7423774964110953,False
Spiral,a=0.09,a=0.02,0,0.8151469793697619,False
Spiral,a=0.09,a=0.03,0,0.873039903177976,False
Spiral,a=0.09,a=0.04,0,0.9177070695508224,False
Spiral,a=0.09,a=0.05,0,0.9508821975036463,False
Spiral,a=0.09,a=0.06,0,0.9742405192353635,False
Spiral,a=0.09,a=0.07,0,0.9893243592795753,False
Spiral,a=0.09,a=0.08,0,0.9975101345668287,False
Spiral,a=0.09,a=0.09,0,0.9999999999999413,True
Spiral,a=0.09,a=0.1,0,0.9978280848095229,False
Spiral,a=0.09,a=0.01,1,0.7182977164277858,False
Spiral,a=0.09,a=0.02,1,0.8005117799333361,False
Spiral,a=0.09,a=0.03,1,0.8642484414364662,False
Spiral,a=0.09,a=0.04,1,0.9125972184525277,False
Spiral,a=0.09,a=0.05,1,0.9480972485091127,False
Spiral,a=0.09,a=0.06,1,0.9728906363589704,False
Spiral,a=0.09,a=0.07,1,0.9888036472722874,False
Spiral,a=0.09,a=0.08,1,0.9973967407847255,False
Spiral,a=0.09,a=0.09,1,0.9999999999999262,True
Spiral,a=0.09,a=0.1,1,0.9977419516675238,False
Spiral,a=0.09,a=0.01,2,0.7227364482388511,False
Spiral,a=0.09,a=0.02,2,0.8022238213384258,False
Spiral,a=0.09,a=0.03,2,0.8649741409857385,False
Spiral,a=0.09,a=0.04,2,0.9129793198459288,False
Spiral,a=0.09,a=0.05,2,0.9483360330562014,False
Spiral,a=0.09,a=0.06,2,0.9730363767166711,False
Spiral,a=0.09,a=0.07,2,0.9888742897793674,False
Spiral,a=0.09,a=0.08,2,0.9974154442440739,False
Spiral,a=0.09,a=0.09,2,0.999999999999921,True
Spiral,a=0.09,a=0.1,2,0.9977608955119399,False
Spiral,a=0.09,a=0.01,3,0.7491571946591193,False
Spiral,a=0.09,a=0.02,3,0.8223104929300374,False
Spiral,a=0.09,a=0.03,3,0.879031495198807,False
Spiral,a=0.09,a=0.04,3,0.9220460857286599,False
Spiral,a=0.09,a=0.05,3,0.9536437531039944,False
Spiral,a=0.09,a=0.06,3,0.9757429862870114,False
Spiral,a=0.09,a=0.07,3,0.9899595400711799,False
Spiral,a=0.09,a=0.08,3,0.9976596764768727,False
Spiral,a=0.09,a=0.09,3,0.9999999999999539,True
Spiral,a=0.09,a=0.1,3,0.9979587696428872,False
Spiral,a=0.09,a=0.01,4,0.7558971521698432,False
Spiral,a=0.09,a=0.02,4,0.8249019077538202,False
Spiral,a=0.09,a=0.03,4,0.8793943766245931,False
Spiral,a=0.09,a=0.04,4,0.9214620913834557,False
Spiral,a=0.09,a=0.05,4,0.9528630961389262,False
Spiral,a=0.09,a=0.06,4,0.9751342685797694,False
Spiral,a=0.09,a=0.07,4,0.9896350075506631,False
Spiral,a=0.09,a=0.08,4,0.9975693429681259,False
Spiral,a=0.09,a=0.09,4,0.9999999999999029,True
Spiral,a=0.09,a=0.1,4,0.9978595425471465,False
Spiral,a=0.09,a=0.01,5,0.7504448114418325,False
Spiral,a=0.09,a=0.02,5,0.8206888240194266,False
Spiral,a=0.09,a=0.03,5,0.8764085305001065,False
Spiral,a=0.09,a=0.04,5,0.9195090772403234,False
Spiral,a=0.09,a=0.05,5,0.9517031197816331,False
Spiral,a=0.09,a=0.06,5,0.9745348594143824,False
Spiral,a=0.09,a=0.07,5,0.9893920876285788,False
Spiral,a=0.09,a=0.08,5,0.9975142861015047,False
Spiral,a=0.09,a=0.09,5,0.9999999999999454,True
Spiral,a=0.09,a=0.1,5,0.9978148970030751,False
Spiral,a=0.09,a=0.01,6,0.7570507757585798,False
Spiral,a=0.09,a=0.02,6,0.8273918263387742,False
Spiral,a=0.09,a=0.03,6,0.8821329432118675,False
Spiral,a=0.09,a=0.04,6,0.9238143670844928,False
Spiral,a=0.09,a=0.05,6,0.9545613184958301,False
Spiral,a=0.09,a=0.06,6,0.9761556649245617,False
Spiral,a=0.09,a=0.07,6,0.990103780503876,False
Spiral,a=0.09,a=0.08,6,0.9976874328490556,False
Spiral,a=0.09,a=0.09,6,0.9999999999999459,True
Spiral,a=0.09,a=0.1,6,0.9979735749868487,False
Spiral,a=0.09,a=0.01,7,0.7568533811177747,False
Spiral,a=0.09,a=0.02,7,0.8246841376540057,False
Spiral,a=0.09,a=0.03,7,0.8790832059769421,False
Spiral,a=0.09,a=0.04,7,0.9213406239810161,False
Spiral,a=0.09,a=0.05,7,0.9529042465831834,False
Spiral,a=0.09,a=0.06,7,0.9752342319849348,False
Spiral,a=0.09,a=0.07,7,0.9897123739800259,False
Spiral,a=0.09,a=0.08,7,0.9975959166254357,False
Spiral,a=0.09,a=0.09,7,0.9999999999997972,True
Spiral,a=0.09,a=0.1,7,0.997896692652134,False
Spiral,a=0.09,a=0.01,8,0.7485841683755081,False
Spiral,a=0.09,a=0.02,8,0.8205720761629532,False
Spiral,a=0.09,a=0.03,8,0.877263096216116,False
Spiral,a=0.09,a=0.04,8,0.9206489009893758,False
Spiral,a=0.09,a=0.05,8,0.9526954534213884,False
Spiral,a=0.09,a=0.06,8,0.9751935677343544,False
Spiral,a=0.09,a=0.07,8,0.9897113689478418,False
Spiral,a=0.09,a=0.08,8,0.997597068308559,False
Spiral,a=0.09,a=0.09,8,0.9999999999999484,True
Spiral,a=0.09,a=0.1,8,0.9978958641457906,False
Spiral,a=0.09,a=0.01,9,0.7606554214897725,False
Spiral,a=0.09,a=0.02,9,0.8291954917408898,False
Spiral,a=0.09,a=0.03,9,0.8827346845529409,False
Spiral,a=0.09,a=0.04,9,0.923809806561644,False
Spiral,a=0.09,a=0.05,9,0.9543527876399924,False
Spiral,a=0.09,a=0.06,9,0.9759564933786544,False
Spiral,a=0.09,a=0.07,9,0.9899913736306014,False
Spiral,a=0.09,a=0.08,9,0.9976558352641817,False
Spiral,a=0.09,a=0.09,9,0.999999999999918,True
Spiral,a=0.09,a=0.1,9,0.997940172777286,False
Spiral,a=0.1,a=0.01,0,0.7138984572675533,False
Spiral,a=0.1,a=0.02,0,0.7870065026082184,False
Spiral,a=0.1,a=0.03,0,0.8466912200530123,False
Spiral,a=0.1,a=0.04,0,0.894262120729568,False
Spiral,a=0.1,a=0.05,0,0.9311254380468291,False
Spiral,a=0.1,a=0.06,0,0.9586698858244225,False
Spiral,a=0.1,a=0.07,0,0.9782021610903971,False
Spiral,a=0.1,a=0.08,0,0.9909139725197418,False
Spiral,a=0.1,a=0.09,0,0.997868587876145,False
Spiral,a=0.1,a=0.1,0,0.9999999999999336,True
Spiral,a=0.1,a=0.01,1,0.694476382005224,False
Spiral,a=0.1,a=0.02,1,0.7738611703200011,False
Spiral,a=0.1,a=0.03,1,0.8380406601167,False
Spiral,a=0.1,a=0.04,1,0.8887907721387358,False
Spiral,a=0.1,a=0.05,1,0.9278522130173595,False
Spiral,a=0.1,a=0.06,1,0.9568653412525993,False
Spiral,a=0.1,a=0.07,1,0.9773286953509058,False
Spiral,a=0.1,a=0.08,1,0.9905806522378848,False
Spiral,a=0.1,a=0.09,1,0.9977972833876902,False
Spiral,a=0.1,a=0.1,1,0.9999999999998559,True
Spiral,a=0.1,a=0.01,2,0.7003918455125069,False
Spiral,a=0.1,a=0.02,2,0.7785525333360133,False
Spiral,a=0.1,a=0.03,2,0.8415188694594358,False
Spiral,a=0.1,a=0.04,2,0.8911702135758421,False
Spiral,a=0.1,a=0.05,2,0.9293371179649785,False
Spiral,a=0.1,a=0.06,2,0.9576930836071058,False
Spiral,a=0.1,a=0.07,2,0.9777228592314721,False
Spiral,a=0.1,a=0.08,2,0.9907249098457299,False
Spiral,a=0.1,a=0.09,2,0.9978261250440332,False
Spiral,a=0.1,a=0.1,2,0.9999999999999752,True
Spiral,a=0.1,a=0.01,3,0.7179548533671897,False
Spiral,a=0.1,a=0.02,3,0.7914235655058007,False
Spiral,a=0.1,a=0.03,3,0.8504840066701743,False
Spiral,a=0.1,a=0.04,3,0.8971084914134694,False
Spiral,a=0.1,a=0.05,3,0.93304628627491,False
Spiral,a=0.1,a=0.06,3,0.9598317375840608,False
Spiral,a=0.1,a=0.07,3,0.9788106395918499,False
Spiral,a=0.1,a=0.08,3,0.9911640241017571,False
Spiral,a=0.1,a=0.09,3,0.9979262950842962,False
Spiral,a=0.1,a=0.1,3,0.9999999999998878,True
Spiral,a=0.1,a=0.01,4,0.7217799287112666,False
Spiral,a=0.1,a=0.02,4,0.7926231770829217,False
Spiral,a=0.1,a=0.03,4,0.8501514609943995,False
Spiral,a=0.1,a=0.04,4,0.8961038279104713,False
Spiral,a=0.1,a=0.05,4,0.9319313864027015,False
Spiral,a=0.1,a=0.06,4,0.9589151508134469,False
Spiral,a=0.1,a=0.07,4,0.9782118846646239,False
Spiral,a=0.1,a=0.08,4,0.9908725051373773,False
Spiral,a=0.1,a=0.09,4,0.9978494204411525,False
Spiral,a=0.1,a=0.1,4,0.9999999999999226,True
Spiral,a=0.1,a=0.01,5,0.7184370818966701,False
Spiral,a=0.1,a=0.02,5,0.7904852785911252,False
Spiral,a=0.1,a=0.03,5,0.8489047863586197,False
Spiral,a=0.1,a=0.04,5,0.8954503717907103,False
Spiral,a=0.1,a=0.05,5,0.9316370219974811,False
Spiral,a=0.1,a=0.06,5,0.9588134659296106,False
Spiral,a=0.1,a=0.07,5,0.9781952900666602,False
Spiral,a=0.1,a=0.08,5,0.9908799471627834,False
Spiral,a=0.1,a=0.09,5,0.9978542949560884,False
Spiral,a=0.1,a=0.1,5,0.9999999999999307,True
Spiral,a=0.1,a=0.01,6,0.7162903522481479,False
Spiral,a=0.1,a=0.02,6,0.7918200828152835,False
Spiral,a=0.1,a=0.03,6,0.8515909131023867,False
Spiral,a=0.1,a=0.04,6,0.8982653187957595,False
Spiral,a=0.1,a=0.05,6,0.9339790354311424,False
Spiral,a=0.1,a=0.06,6,0.9604669319081152,False
Spiral,a=0.1,a=0.07,6,0.9791731476477205,False
Spiral,a=0.1,a=0.08,6,0.9913226277051427,False
Spiral,a=0.1,a=0.09,6,0.9979644959136084,False
Spiral,a=0.1,a=0.1,6,0.9999999999998679,True
Spiral,a=0.1,a=0.01,7,0.7252599269880645,False
Spiral,a=0.1,a=0.02,7,0.79386239055424,False
Spiral,a=0.1,a=0.03,7,0.8506431315800747,False
Spiral,a=0.1,a=0.04,7,0.8964323128957505,False
Spiral,a=0.1,a=0.05,7,0.9322518087138003,False
Spiral,a=0.1,a=0.06,7,0.9592135385568369,False
Spiral,a=0.1,a=0.07,7,0.9784377506335712,False
Spiral,a=0.1,a=0.08,7,0.990997599886062,False
Spiral,a=0.1,a=0.09,7,0.9978861397510709,False
Spiral,a=0.1,a=0.1,7,0.9999999999998663,True
Spiral,a=0.1,a=0.01,8,0.7126097128679435,False
Spiral,a=0.1,a=0.02,8,0.7871833766287913,False
Spiral,a=0.1,a=0.03,8,0.8476028856066207,False
Spiral,a=0.1,a=0.04,8,0.8953402586937207,False
Spiral,a=0.1,a=0.05,8,0.9320447516931485,False
Spiral,a=0.1,a=0.06,8,0.9593077243027333,False
Spiral,a=0.1,a=0.07,8,0.9785642776379773,False
Spiral,a=0.1,a=0.08,8,0.9910691937042573,False
Spiral,a=0.1,a=0.09,8,0.9979048903650989,False
Spiral,a=0.1,a=0.1,8,0.9999999999999225,True
Spiral,a=0.1,a=0.01,9,0.7184063440198486,False
Spiral,a=0.1,a=0.02,9,0.7913393251607277,False
Spiral,a=0.1,a=0.03,9,0.8499680505436282,False
Spiral,a=0.1,a=0.04,9,0.8964494756796255,False
Spiral,a=0.1,a=0.05,9,0.9324554014848903,False
Spiral,a=0.1,a=0.06,9,0.959405690899235,False
Spiral,a=0.1,a=0.07,9,0.9785609924376353,False
Spiral,a=0.1,a=0.08,9,0.9910541864646623,False
Spiral,a=0.1,a=0.09,9,0.9979000757198835,False
Spiral,a=0.1,a=0.1,9,0.9999999999999567,True
Wing,"x=0.9, y=0.4","x=0.9, y=0.4",0,0.9999999999999724,True
Wing,"x=0.9, y=0.4","x=0.91, y=0.4",0,0.9987984667798957,False
Wing,"x=0.9, y=0.4","x=0.92, y=0.4",0,0.9948345464038031,False
Wing,"x=0.9, y=0.4","x=0.93, y=0.4",0,0.9874263229039694,False
Wing,"x=0.9, y=0.4","x=0.94, y=0.4",0,0.9756231487919287,False
Wing,"x=0.9, y=0.4","x=0.95, y=0.4",0,0.9580520757238205,False
Wing,"x=0.9, y=0.4","x=0.96, y=0.4",0,0.9326383127785114,False
Wing,"x=0.9, y=0.4","x=0.97, y=0.4",0,0.8960299968340191,False
Wing,"x=0.9, y=0.4","x=0.98, y=0.4",0,0.8421325549431616,False
Wing,"x=0.9, y=0.4","x=0.99, y=0.4",0,0.7563961808352475,False
Wing,"x=0.9, y=0.4","x=0.9, y=0.4",1,0.9999999999997982,True
Wing,"x=0.9, y=0.4","x=0.91, y=0.4",1,0.9987510065233283,False
Wing,"x=0.9, y=0.4","x=0.92, y=0.4",1,0.994616170447856,False
Wing,"x=0.9, y=0.4","x=0.93, y=0.4",1,0.9868683611234826,False
Wing,"x=0.9, y=0.4","x=0.94, y=0.4",1,0.9745149746431775,False
Wing,"x=0.9, y=0.4","x=0.95, y=0.4",1,0.95615667294229,False
Wing,"x=0.9, y=0.4","x=0.96, y=0.4",1,0.9297220919511627,False
Wing,"x=0.9, y=0.4","x=0.97, y=0.4",1,0.8918900685473518,False
Wing,"x=0.9, y=0.4","x=0.98, y=0.4",1,0.8365336411892543,False
Wing,"x=0.9, y=0.4","x=0.99, y=0.4",1,0.7483068647381416,False
Wing,"x=0.9, y=0.4","x=0.9, y=0.4",2,0.9999999999998037,True
Wing,"x=0.9, y=0.4","x=0.91, y=0.4",2,0.9987689314289883,False
Wing,"x=0.9, y=0.4","x=0.92, y=0.4",2,0.9946799562700832,False
Wing,"x=0.9, y=0.4","x=0.93, y=0.4",2,0.9869845325165575,False
Wing,"x=0.9, y=0.4","x=0.94, y=0.4",2,0.97464633354793,False
Wing,"x=0.9, y=0.4","x=0.95, y=0.4",2,0.9561840435055695,False
Wing,"x=0.9, y=0.4","x=0.96, y=0.4",2,0.9293872817685247,False
Wing,"x=0.9, y=0.4","x=0.97, y=0.4",2,0.8907194933874011,False
Wing,"x=0.9, y=0.4","x=0.98, y=0.4",2,0.8337623134879086,False
Wing,"x=0.9, y=0.4","x=0.99, y=0.4",2,0.7435343184518028,False
Wing,"x=0.9, y=0.4","x=0.9, y=0.4",3,0.9999999999999684,True
Wing,"x=0.9, y=0.4","x=0.91, y=0.4",3,0.9987641370251927,False
Wing,"x=0.9, y=0.4","x=0.92, y=0.4",3,0.9946756046625517,False
Wing,"x=0.9, y=0.4","x=0.93, y=0.4",3,0.987020483344236,False
Wing,"x=0.9, y=0.4","x=0.94, y=0.4",3,0.9748189154340645,False
Wing,"x=0.9, y=0.4","x=0.95, y=0.4",3,0.9566688548923,False
Wing,"x=0.9, y=0.4","x=0.96, y=0.4",3,0.9304437135446985,False
Wing,"x=0.9, y=0.4","x=0.97, y=0.4",3,0.8926363854981127,False
Wing,"x=0.9, y=0.4","x=0.98, y=0.4",3,0.8366282029364254,False
Wing,"x=0.9, y=0.4","x=0.99, y=0.4",3,0.7455930478629093,False
Wing,"x=0.9, y=0.4","x=0.9, y=0.4",4,0.999999999999926,True
Wing,"x=0.9, y=0.4","x=0.91, y=0.4",4,0.9987168380912459,False
Wing,"x=0.9, y=0.4","x=0.92, y=0.4",4,0.9944543412845113,False
Wing,"x=0.9, y=0.4","x=0.93, y=0.4",4,0.9864439627028857,False
Wing,"x=0.9, y=0.4","x=0.94, y=0.4",4,0.973650767389411,False
Wing,"x=0.9, y=0.4","x=0.95, y=0.4",4,0.9546433632108534,False
Wing,"x=0.9, y=0.4","x=0.96, y=0.4",4,0.9273549644035167,False
Wing,"x=0.9, y=0.4","x=0.97, y=0.4",4,0.8885647141894701,False
Wing,"x=0.9, y=0.4","x=0.98, y=0.4",4,0.8324431962339114,False
Wing,"x=0.9, y=0.4","x=0.99, y=0.4",4,0.7440584499528904,False
Wing,"x=0.9, y=0.4","x=0.9, y=0.4",5,0.9999999999999677,True
Wing,"x=0.9, y=0.4","x=0.91, y=0.4",5,0.998735418580927,False
Wing,"x=0.9, y=0.4","x=0.92, y=0.4",5,0.9945563062708862,False
Wing,"x=0.9, y=0.4","x=0.93, y=0.4",5,0.9867462523233453,False
Wing,"x=0.9, y=0.4","x=0.94, y=0.4",5,0.9743351756365605,False
Wing,"x=0.9, y=0.4","x=0.95, y=0.4",5,0.9559607465090458,False
Wing,"x=0.9, y=0.4","x=0.96, y=0.4",5,0.9295996213291907,False
Wing,"x=0.9, y=0.4","x=0.97, y=0.4",5,0.891957937906283,False
Wing,"x=0.9, y=0.4","x=0.98, y=0.4",5,0.8368110562513417,False
Wing,"x=0.9, y=0.4","x=0.99, y=0.4",5,0.7486488245940086,False
Wing,"x=0.9, y=0.4","x=0.9, y=0.4",6,0.9999999999996761,True
Wing,"x=0.9, y=0.4","x=0.91, y=0.4",6,0.9987666732860051,False
Wing,"x=0.9, y=0.4","x=0.92, y=0.4",6,0.9946826321772367,False
Wing,"x=0.9, y=0.4","x=0.93, y=0.4",6,0.9870306203917519,False
Wing,"x=0.9, y=0.4","x=0.94, y=0.4",6,0.9748330532006245,False
Wing,"x=0.9, y=0.4","x=0.95, y=0.4",6,0.9567095265897715,False
Wing,"x=0.9, y=0.4","x=0.96, y=0.4",6,0.9306119130310224,False
Wing,"x=0.9, y=0.4","x=0.97, y=0.4",6,0.8932568707906422,False
Wing,"x=0.9, y=0.4","x=0.98, y=0.4",6,0.8386232844970608,False
Wing,"x=0.9, y=0.4","x=0.99, y=0.4",6,0.7518358984861817,False
Wing,"x=0.9, y=0.4","x=0.9, y=0.4",7,0.9999999999999105,True
Wing,"x=0.9, y=0.4","x=0.91, y=0.4",7,0.9987692113276584,False
Wing,"x=0.9, y=0.4","x=0.92, y=0.4",7,0.9946846496350015,False
Wing,"x=0.9, y=0.4","x=0.93, y=0.4",7,0.9870110833883472,False
Wing,"x=0.9, y=0.4","x=0.94, y=0.4",7,0.9747504774815283,False
Wing,"x=0.9, y=0.4","x=0.95, y=0.4",7,0.9565143796434054,False
Wing,"x=0.9, y=0.4","x=0.96, y=0.4",7,0.9302838736745059,False
Wing,"x=0.9, y=0.4","x=0.97, y=0.4",7,0.8928473854236716,False
Wing,"x=0.9, y=0.4","x=0.98, y=0.4",7,0.8380696159623422,False
Wing,"x=0.9, y=0.4","x=0.99, y=0.4",7,0.7493222929988306,False
Wing,"x=0.9, y=0.4","x=0.9, y=0.4",8,0.9999999999999115,True
Wing,"x=0.9, y=0.4","x=0.91, y=0.4",8,0.9987765932331332,False
Wing,"x=0.9, y=0.4","x=0.92, y=0.4",8,0.99474245695897,False
Wing,"x=0.9, y=0.4","x=0.93, y=0.4",8,0.9872116259649938,False
Wing,"x=0.9, y=0.4","x=0.94, y=0.4",8,0.9752363351354185,False
Wing,"x=0.9, y=0.4","x=0.95, y=0.4",8,0.9574591989332121,False
Wing,"x=0.9, y=0.4","x=0.96, y=0.4",8,0.9318381458130061,False
Wing,"x=0.9, y=0.4","x=0.97, y=0.4",8,0.895057292926675,False
Wing,"x=0.9, y=0.4","x=0.98, y=0.4",8,0.8409686590359663,False
Wing,"x=0.9, y=0.4","x=0.99, y=0.4",8,0.7546478850971001,False
Wing,"x=0.9, y=0.4","x=0.9, y=0.4",9,0.9999999999998801,True
Wing,"x=0.9, y=0.4","x=0.91, y=0.4",9,0.9987569432044099,False
Wing,"x=0.9, y=0.4","x=0.92, y=0.4",9,0.9946265637460456,False
Wing,"x=0.9, y=0.4","x=0.93, y=0.4",9,0.9868497356096557,False
Wing,"x=0.9, y=0.4","x=0.94, y=0.4",9,0.9743807339383428,False
Wing,"x=0.9, y=0.4","x=0.95, y=0.4",9,0.9557432015035515,False
Wing,"x=0.9, y=0.4","x=0.96, y=0.4",9,0.9287791648525257,False
Wing,"x=0.9, y=0.4","x=0.97, y=0.4",9,0.8901407574906206,False
Wing,"x=0.9, y=0.4","x=0.98, y=0.4",9,0.8339686169964728,False
Wing,"x=0.9, y=0.4","x=0.99, y=0.4",9,0.7464962479014501,False
Wing,"x=0.91, y=0.4","x=0.9, y=0.4",0,0.998784144570974,False
Wing,"x=0.91, y=0.4","x=0.91, y=0.4",0,0.9999999999998093,True
Wing,"x=0.91, y=0.4","x=0.92, y=0.4",0,0.9985844128456415,False
Wing,"x=0.91, y=0.4","x=0.93, y=0.4",0,0.9938321521024643,False
Wing,"x=0.91, y=0.4","x=0.94, y=0.4",0,0.9847623182962101,False
Wing,"x=0.91, y=0.4","x=0.95, y=0.4",0,0.9699633339645993,False
Wing,"x=0.91, y=0.4","x=0.96, y=0.4",0,0.9473053651058063,False
Wing,"x=0.91, y=0.4","x=0.97, y=0.4",0,0.9133253358300764,False
Wing,"x=0.91, y=0.4","x=0.98, y=0.4",0,0.8616019221226285,False
Wing,"x=0.91, y=0.4","x=0.99, y=0.4",0,0.7764090557366675,False
Wing,"x=0.91, y=0.4","x=0.9, y=0.4",1,0.9987600185729258,False
Wing,"x=0.91, y=0.4","x=0.91, y=0.4",1,0.9999999999999479,True
Wing,"x=0.91, y=0.4","x=0.92, y=0.4",1,0.9985552592953586,False
Wing,"x=0.91, y=0.4","x=0.93, y=0.4",1,0.9937071205372016,False
Wing,"x=0.91, y=0.4","x=0.94, y=0.4",1,0.9844696703343869,False
Wing,"x=0.91, y=0.4","x=0.95, y=0.4",1,0.9694477749652877,False
Wing,"x=0.91, y=0.4","x=0.96, y=0.4",1,0.9465723361069764,False
Wing,"x=0.91, y=0.4","x=0.97, y=0.4",1,0.9125161381370553,False
Wing,"x=0.91, y=0.4","x=0.98, y=0.4",1,0.8610357245882936,False
Wing,"x=0.91, y=0.4","x=0.99, y=0.4",1,0.7757602260128271,False
Wing,"x=0.91, y=0.4","x=0.9, y=0.4",2,0.9988068166366689,False
Wing,"x=0.91, y=0.4","x=0.91, y=0.4",2,0.9999999999998066,True
Wing,"x=0.91, y=0.4","x=0.92, y=0.4",2,0.9986013450497945,False
Wing,"x=0.91, y=0.4","x=0.93, y=0.4",2,0.9938788501346043,False
Wing,"x=0.91, y=0.4","x=0.94, y=0.4",2,0.9847952861656619,False
Wing,"x=0.91, y=0.4","x=0.95, y=0.4",2,0.9698255853695167,False
Wing,"x=0.91, y=0.4","x=0.96, y=0.4",2,0.946616945231657,False
Wing,"x=0.91, y=0.4","x=0.97, y=0.4",2,0.9112721625073074,False
Wing,"x=0.91, y=0.4","x=0.98, y=0.4",2,0.856545188879972,False
Wing,"x=0.91, y=0.4","x=0.99, y=0.4",2,0.7656876061599224,False
Wing,"x=0.91, y=0.4","x=0.9, y=0.4",3,0.9987741703508242,False
Wing,"x=0.91, y=0.4","x=0.91, y=0.4",3,0.9999999999999266,True
Wing,"x=0.91, y=0.4","x=0.92, y=0.4",3,0.9985675039914031,False
Wing,"x=0.91, y=0.4","x=0.93, y=0.4",3,0.9937462930845992,False
Wing,"x=0.91, y=0.4","x=0.94, y=0.4",3,0.9845186366570625,False
Wing,"x=0.91, y=0.4","x=0.95, y=0.4",3,0.9694137998514227,False
Wing,"x=0.91, y=0.4","x=0.96, y=0.4",3,0.9461932144789185,False
Wing,"x=0.91, y=0.4","x=0.97, y=0.4",3,0.9111741914544154,False
Wing,"x=0.91, y=0.4","x=0.98, y=0.4",3,0.8574741639106941,False
Wing,"x=0.91, y=0.4","x=0.99, y=0.4",3,0.7681818478837276,False
Wing,"x=0.91, y=0.4","x=0.9, y=0.4",4,0.9987737130656508,False
Wing,"x=0.91, y=0.4","x=0.91, y=0.4",4,0.9999999999997387,True
Wing,"x=0.91, y=0.4","x=0.92, y=0.4",4,0.9985672251663577,False
Wing,"x=0.91, y=0.4","x=0.93, y=0.4",4,0.9937525587252347,False
Wing,"x=0.91, y=0.4","x=0.94, y=0.4",4,0.9845699575194466,False
Wing,"x=0.91, y=0.4","x=0.95, y=0.4",4,0.9696314404845655,False
Wing,"x=0.91, y=0.4","x=0.96, y=0.4",4,0.9468841758584227,False
Wing,"x=0.91, y=0.4","x=0.97, y=0.4",4,0.9130313017852636,False
Wing,"x=0.91, y=0.4","x=0.98, y=0.4",4,0.8618975836046148,False
Wing,"x=0.91, y=0.4","x=0.99, y=0.4",4,0.7769845831322155,False
Wing,"x=0.91, y=0.4","x=0.9, y=0.4",5,0.9987645186576471,False
Wing,"x=0.91, y=0.4","x=0.91, y=0.4",5,0.9999999999998568,True
Wing,"x=0.91, y=0.4","x=0.92, y=0.4",5,0.9985620905942004,False
Wing,"x=0.91, y=0.4","x=0.93, y=0.4",5,0.9937378184270306,False
Wing,"x=0.91, y=0.4","x=0.94, y=0.4",5,0.9845385081690894,False
Wing,"x=0.91, y=0.4","x=0.95, y=0.4",5,0.9695404266806276,False
Wing,"x=0.91, y=0.4","x=0.96, y=0.4",5,0.9465810017865166,False
Wing,"x=0.91, y=0.4","x=0.97, y=0.4",5,0.9120867803177772,False
Wing,"x=0.91, y=0.4","x=0.98, y=0.4",5,0.8592678427541407,False
Wing,"x=0.91, y=0.4","x=0.99, y=0.4",5,0.7714221542542056,False
Wing,"x=0.91, y=0.4","x=0.9, y=0.4",6,0.9987320903759174,False
Wing,"x=0.91, y=0.4","x=0.91, y=0.4",6,0.9999999999999778,True
Wing,"x=0.91, y=0.4","x=0.92, y=0.4",6,0.9985179770823144,False
Wing,"x=0.91, y=0.4","x=0.93, y=0.4",6,0.9935361420435066,False
Wing,"x=0.91, y=0.4","x=0.94, y=0.4",6,0.9840235777383086,False
Wing,"x=0.91, y=0.4","x=0.95, y=0.4",6,0.9685035737303004,False
Wing,"x=0.91, y=0.4","x=0.96, y=0.4",6,0.9447458390682133,False
Wing,"x=0.91, y=0.4","x=0.97, y=0.4",6,0.9091266379315273,False
Wing,"x=0.91, y=0.4","x=0.98, y=0.4",6,0.8550126175913819,False
Wing,"x=0.91, y=0.4","x=0.99, y=0.4",6,0.7665519020003546,False
Wing,"x=0.91, y=0.4","x=0.9, y=0.4",7,0.9987762340544831,False
Wing,"x=0.91, y=0.4","x=0.91, y=0.4",7,0.9999999999999505,True
Wing,"x=0.91, y=0.4","x=0.92, y=0.4",7,0.9985604514376112,False
Wing,"x=0.91, y=0.4","x=0.93, y=0.4",7,0.9936933335361093,False
Wing,"x=0.91, y=0.4","x=0.94, y=0.4",7,0.9843351373997966,False
Wing,"x=0.91, y=0.4","x=0.95, y=0.4",7,0.9689667728442177,False
Wing,"x=0.91, y=0.4","x=0.96, y=0.4",7,0.9453259905509821,False
Wing,"x=0.91, y=0.4","x=0.97, y=0.4",7,0.9097695864311967,False
Wing,"x=0.91, y=0.4","x=0.98, y=0.4",7,0.8554459291604047,False
Wing,"x=0.91, y=0.4","x=0.99, y=0.4",7,0.7648713869882857,False
Wing,"x=0.91, y=0.4","x=0.9, y=0.4",8,0.9987647514252322,False
Wing,"x=0.91, y=0.4","x=0.91, y=0.4",8,0.9999999999999486,True
Wing,"x=0.91, y=0.4","x=0.92, y=0.4",8,0.9985705374056323,False
Wing,"x=0.91, y=0.4","x=0.93, y=0.4",8,0.9937943447385333,False
Wing,"x=0.91, y=0.4","x=0.94, y=0.4",8,0.9847228633676299,False
Wing,"x=0.91, y=0.4","x=0.95, y=0.4",8,0.9699670255196908,False
Wing,"x=0.91, y=0.4","x=0.96, y=0.4",8,0.9473616280793885,False
Wing,"x=0.91, y=0.4","x=0.97, y=0.4",8,0.9132428119720013,False
Wing,"x=0.91, y=0.4","x=0.98, y=0.4",8,0.8605589869822764,False
Wing,"x=0.91, y=0.4","x=0.99, y=0.4",8,0.7719576953797211,False
Wing,"x=0.91, y=0.4","x=0.9, y=0.4",9,0.99873746237055,False
Wing,"x=0.91, y=0.4","x=0.91, y=0.4",9,0.9999999999999175,True
Wing,"x=0.91, y=0.4","x=0.92, y=0.4",9,0.9985140730387937,False
Wing,"x=0.91, y=0.4","x=0.93, y=0.4",9,0.9934871238850803,False
Wing,"x=0.91, y=0.4","x=0.94, y=0.4",9,0.9838103641067675,False
Wing,"x=0.91, y=0.4","x=0.95, y=0.4",9,0.9678886809221565,False
Wing,"x=0.91, y=0.4","x=0.96, y=0.4",9,0.9433410597193823,False
Wing,"x=0.91, y=0.4","x=0.97, y=0.4",9,0.906407411590132,False
Wing,"x=0.91, y=0.4","x=0.98, y=0.4",9,0.8504841860566518,False
Wing,"x=0.91, y=0.4","x=0.99, y=0.4",9,0.7601449199070874,False
Wing,"x=0.92, y=0.4","x=0.9, y=0.4",0,0.9947327441174119,False
Wing,"x=0.92, y=0.4","x=0.91, y=0.4",0,0.9985729073629318,False
Wing,"x=0.92, y=0.4","x=0.92, y=0.4",0,0.999999999999854,True
Wing,"x=0.92, y=0.4","x=0.93, y=0.4",0,0.9982889501701133,False
Wing,"x=0.92, y=0.4","x=0.94, y=0.4",0,0.9924069809652413,False
Wing,"x=0.92, y=0.4","x=0.95, y=0.4",0,0.9808305643967226,False
Wing,"x=0.92, y=0.4","x=0.96, y=0.4",0,0.9612069063508782,False
Wing,"x=0.92, y=0.4","x=0.97, y=0.4",0,0.9296430846311754,False
Wing,"x=0.92, y=0.4","x=0.98, y=0.4",0,0.8789108318955574,False
Wing,"x=0.92, y=0.4","x=0.99, y=0.4",0,0.7918482134748412,False
Wing,"x=0.92, y=0.4","x=0.9, y=0.4",1,0.9947263378480979,False
Wing,"x=0.92, y=0.4","x=0.91, y=0.4",1,0.9985693909274757,False
Wing,"x=0.92, y=0.4","x=0.92, y=0.4",1,0.9999999999999055,True
Wing,"x=0.92, y=0.4","x=0.93, y=0.4",1,0.9982798062366118,False
Wing,"x=0.92, y=0.4","x=0.94, y=0.4",1,0.9923571156461304,False
Wing,"x=0.92, y=0.4","x=0.95, y=0.4",1,0.9806935843565388,False
Wing,"x=0.92, y=0.4","x=0.96, y=0.4",1,0.9609571943387165,False
Wing,"x=0.92, y=0.4","x=0.97, y=0.4",1,0.9293919005296372,False
Wing,"x=0.92, y=0.4","x=0.98, y=0.4",1,0.8791487192896419,False
Wing,"x=0.92, y=0.4","x=0.99, y=0.4",1,0.793178618254977,False
Wing,"x=0.92, y=0.4","x=0.9, y=0.4",2,0.9948121631744844,False
Wing,"x=0.92, y=0.4","x=0.91, y=0.4",2,0.998591301101009,False
Wing,"x=0.92, y=0.4","x=0.92, y=0.4",2,0.9999999999998171,True
Wing,"x=0.92, y=0.4","x=0.93, y=0.4",2,0.9983037325074978,False
Wing,"x=0.92, y=0.4","x=0.94, y=0.4",2,0.9924560718136564,False
Wing,"x=0.92, y=0.4","x=0.95, y=0.4",2,0.980907634666362,False
Wing,"x=0.92, y=0.4","x=0.96, y=0.4",2,0.9612470436388624,False
Wing,"x=0.92, y=0.4","x=0.97, y=0.4",2,0.9294428176249255,False
Wing,"x=0.92, y=0.4","x=0.98, y=0.4",2,0.8779014845695066,False
Wing,"x=0.92, y=0.4","x=0.99, y=0.4",2,0.7885717553092579,False
Wing,"x=0.92, y=0.4","x=0.9, y=0.4",3,0.9947025158567859,False
Wing,"x=0.92, y=0.4","x=0.91, y=0.4",3,0.9985662137778537,False
Wing,"x=0.92, y=0.4","x=0.92, y=0.4",3,0.9999999999999629,True
Wing,"x=0.92, y=0.4","x=0.93, y=0.4",3,0.9982849375314016,False
Wing,"x=0.92, y=0.4","x=0.94, y=0.4",3,0.9923979370649747,False
Wing,"x=0.92, y=0.4","x=0.95, y=0.4",3,0.9808246502422923,False
Wing,"x=0.92, y=0.4","x=0.96, y=0.4",3,0.9612026710396774,False
Wing,"x=0.92, y=0.4","x=0.97, y=0.4",3,0.9295419752645546,False
Wing,"x=0.92, y=0.4","x=0.98, y=0.4",3,0.8781281727004182,False
Wing,"x=0.92, y=0.4","x=0.99, y=0.4",3,0.7875061361903856,False
Wing,"x=0.92, y=0.4","x=0.9, y=0.4",4,0.9947911992778126,False
Wing,"x=0.92, y=0.4","x=0.91, y=0.4",4,0.9985915117529617,False
Wing,"x=0.92, y=0.4","x=0.92, y=0.4",4,0.9999999999999325,True
Wing,"x=0.92, y=0.4","x=0.93, y=0.4",4,0.9983216301649203,False
Wing,"x=0.92, y=0.4","x=0.94, y=0.4",4,0.9925871956570739,False
Wing,"x=0.92, y=0.4","x=0.95, y=0.4",4,0.9814022325330547,False
Wing,"x=0.92, y=0.4","x=0.96, y=0.4",4,0.9626675243959573,False
Wing,"x=0.92, y=0.4","x=0.97, y=0.4",4,0.9329756642034287,False
Wing,"x=0.92, y=0.4","x=0.98, y=0.4",4,0.8859234465391518,False
Wing,"x=0.92, y=0.4","x=0.99, y=0.4",4,0.8044622036738353,False
Wing,"x=0.92, y=0.4","x=0.9, y=0.4",5,0.9947337483250482,False
Wing,"x=0.92, y=0.4","x=0.91, y=0.4",5,0.998572925504004,False
Wing,"x=0.92, y=0.4","x=0.92, y=0.4",5,0.9999999999999296,True
Wing,"x=0.92, y=0.4","x=0.93, y=0.4",5,0.9982900411202451,False
Wing,"x=0.92, y=0.4","x=0.94, y=0.4",5,0.9924201048527941,False
Wing,"x=0.92, y=0.4","x=0.95, y=0.4",5,0.9808973102197573,False
Wing,"x=0.92, y=0.4","x=0.96, y=0.4",5,0.9614329189459853,False
Wing,"x=0.92, y=0.4","x=0.97, y=0.4",5,0.930215197821618,False
Wing,"x=0.92, y=0.4","x=0.98, y=0.4",5,0.8799123775719127,False
Wing,"x=0.92, y=0.4","x=0.99, y=0.4",5,0.7922368101942083,False
Wing,"x=0.92, y=0.4","x=0.9, y=0.4",6,0.9946333095211422,False
Wing,"x=0.92, y=0.4","x=0.91, y=0.4",6,0.9985451277545118,False
Wing,"x=0.92, y=0.4","x=0.92, y=0.4",6,0.9999999999999257,True
Wing,"x=0.92, y=0.4","x=0.93, y=0.4",6,0.9982581257239079,False
Wing,"x=0.92, y=0.4","x=0.94, y=0.4",6,0.9922869656480934,False
Wing,"x=0.92, y=0.4","x=0.95, y=0.4",6,0.9805886208872575,False
Wing,"x=0.92, y=0.4","x=0.96, y=0.4",6,0.9608772964814074,False
Wing,"x=0.92, y=0.4","x=0.97, y=0.4",6,0.929405141506564,False
Wing,"x=0.92, y=0.4","x=0.98, y=0.4",6,0.8792503330646431,False
Wing,"x=0.92, y=0.4","x=0.99, y=0.4",6,0.7938160386184331,False
Wing,"x=0.92, y=0.4","x=0.9, y=0.4",7,0.994800643636186,False
Wing,"x=0.92, y=0.4","x=0.91, y=0.4",7,0.9985878942657362,False
Wing,"x=0.92, y=0.4","x=0.92, y=0.4",7,0.9999999999999758,True
Wing,"x=0.92, y=0.4","x=0.93, y=0.4",7,0.9982998945371738,False
Wing,"x=0.92, y=0.4","x=0.94, y=0.4",7,0.9924462496363555,False
Wing,"x=0.92, y=0.4","x=0.95, y=0.4",7,0.9809228825525426,False
Wing,"x=0.92, y=0.4","x=0.96, y=0.4",7,0.961417121260207,False
Wing,"x=0.92, y=0.4","x=0.97, y=0.4",7,0.9301001835525049,False
Wing,"x=0.92, y=0.4","x=0.98, y=0.4",7,0.8795882392312121,False
Wing,"x=0.92, y=0.4","x=0.99, y=0.4",7,0.7908064227847376,False
Wing,"x=0.92, y=0.4","x=0.9, y=0.4",8,0.994666181496848,False
Wing,"x=0.92, y=0.4","x=0.91, y=0.4",8,0.9985584684268289,False
Wing,"x=0.92, y=0.4","x=0.92, y=0.4",8,0.9999999999999319,True
Wing,"x=0.92, y=0.4","x=0.93, y=0.4",8,0.9982838540747594,False
Wing,"x=0.92, y=0.4","x=0.94, y=0.4",8,0.9924172262432036,False
Wing,"x=0.92, y=0.4","x=0.95, y=0.4",8,0.9809402912406808,False
Wing,"x=0.92, y=0.4","x=0.96, y=0.4",8,0.9615807746097532,False
Wing,"x=0.92, y=0.4","x=0.97, y=0.4",8,0.9305193268486843,False
Wing,"x=0.92, y=0.4","x=0.98, y=0.4",8,0.8804823851795747,False
Wing,"x=0.92, y=0.4","x=0.99, y=0.4",8,0.7933654635947003,False
Wing,"x=0.92, y=0.4","x=0.9, y=0.4",9,0.9946901400931629,False
Wing,"x=0.92, y=0.4","x=0.91, y=0.4",9,0.9985545635808327,False
Wing,"x=0.92, y=0.4","x=0.92, y=0.4",9,0.9999999999999372,True
Wing,"x=0.92, y=0.4","x=0.93, y=0.4",9,0.9982498620478408,False
Wing,"x=0.92, y=0.4","x=0.94, y=0.4",9,0.9921974221510211,False
Wing,"x=0.92, y=0.4","x=0.95, y=0.4",9,0.9802218699823251,False
Wing,"x=0.92, y=0.4","x=0.96, y=0.4",9,0.9598571564524764,False
Wing,"x=0.92, y=0.4","x=0.97, y=0.4",9,0.9271176455129715,False
Wing,"x=0.92, y=0.4","x=0.98, y=0.4",9,0.8747975240537866,False
Wing,"x=0.92, y=0.4","x=0.99, y=0.4",9,0.785595680412301,False
Wing,"x=0.93, y=0.4","x=0.9, y=0.4",0,0.9871903729920072,False
Wing,"x=0.93, y=0.4","x=0.91, y=0.4",0,0.9937771773286006,False
Wing,"x=0.93, y=0.4","x=0.92, y=0.4",0,0.9982874934819292,False
Wing,"x=0.93, y=0.4","x=0.93, y=0.4",0,0.9999999999999051,True
Wing,"x=0.93, y=0.4","x=0.94, y=0.4",0,0.997869718953541,False
Wing,"x=0.93, y=0.4","x=0.95, y=0.4",0,0.9903382092565612,False
Wing,"x=0.93, y=0.4","x=0.96, y=0.4",0,0.9749931425008957,False
Wing,"x=0.93, y=0.4","x=0.97, y=0.4",0,0.9478685739188564,False
Wing,"x=0.93, y=0.4","x=0.98, y=0.4",0,0.9016194848530046,False
Wing,"x=0.93, y=0.4","x=0.99, y=0.4",0,0.8180623831801467,False
Wing,"x=0.93, y=0.4","x=0.9, y=0.4",1,0.9875118215875941,False
Wing,"x=0.93, y=0.4","x=0.91, y=0.4",1,0.9939406973372228,False
Wing,"x=0.93, y=0.4","x=0.92, y=0.4",1,0.9983343587048561,False
Wing,"x=0.93, y=0.4","x=0.93, y=0.4",1,0.9999999999999122,True
Wing,"x=0.93, y=0.4","x=0.94, y=0.4",1,0.9979325579084539,False
Wing,"x=0.93, y=0.4","x=0.95, y=0.4",1,0.9906352225308948,False
Wing,"x=0.93, y=0.4","x=0.96, y=0.4",1,0.9758009537820801,False
Wing,"x=0.93, y=0.4","x=0.97, y=0.4",1,0.9496601723441811,False
Wing,"x=0.93, y=0.4","x=0.98, y=0.4",1,0.9052349594273579,False
Wing,"x=0.93, y=0.4","x=0.99, y=0.4",1,0.8247589960478762,False
Wing,"x=0.93, y=0.4","x=0.9, y=0.4",2,0.9878666549590744,False
Wing,"x=0.93, y=0.4","x=0.91, y=0.4",2,0.9940798187556907,False
Wing,"x=0.93, y=0.4","x=0.92, y=0.4",2,0.9983612635493493,False
Wing,"x=0.93, y=0.4","x=0.93, y=0.4",2,0.9999999999998725,True
Wing,"x=0.93, y=0.4","x=0.94, y=0.4",2,0.9979263983851486,False
Wing,"x=0.93, y=0.4","x=0.95, y=0.4",2,0.9904829027251935,False
Wing,"x=0.93, y=0.4","x=0.96, y=0.4",2,0.9750074139027712,False
Wing,"x=0.93, y=0.4","x=0.97, y=0.4",2,0.9469917853768415,False
Wing,"x=0.93, y=0.4","x=0.98, y=0.4",2,0.8980163533605989,False
Wing,"x=0.93, y=0.4","x=0.99, y=0.4",2,0.8085044232239633,False
Wing,"x=0.93, y=0.4","x=0.9, y=0.4",3,0.9872645202830537,False
Wing,"x=0.93, y=0.4","x=0.91, y=0.4",3,0.9938192326552048,False
Wing,"x=0.93, y=0.4","x=0.92, y=0.4",3,0.9983003938090237,False
Wing,"x=0.93, y=0.4","x=0.93, y=0.4",3,0.9999999999999539,True
Wing,"x=0.93, y=0.4","x=0.94, y=0.4",3,0.9978861089926495,False
Wing,"x=0.93, y=0.4","x=0.95, y=0.4",3,0.9903987995923915,False
Wing,"x=0.93, y=0.4","x=0.96, y=0.4",3,0.975063113966903,False
Wing,"x=0.93, y=0.4","x=0.97, y=0.4",3,0.9476544065610525,False
Wing,"x=0.93, y=0.4","x=0.98, y=0.4",3,0.9000216089296733,False
Wing,"x=0.93, y=0.4","x=0.99, y=0.4",3,0.8120930869141811,False
Wing,"x=0.93, y=0.4","x=0.9, y=0.4",4,0.9877625546500567,False
Wing,"x=0.93, y=0.4","x=0.91, y=0.4",4,0.9940808815169168,False
Wing,"x=0.93, y=0.4","x=0.92, y=0.4",4,0.9983784173867395,False
Wing,"x=0.93, y=0.4","x=0.93, y=0.4",4,0.999999999999953,True
Wing,"x=0.93, y=0.4","x=0.94, y=0.4",4,0.9980010523006466,False
Wing,"x=0.93, y=0.4","x=0.95, y=0.4",4,0.9909712325604804,False
Wing,"x=0.93, y=0.4","x=0.96, y=0.4",4,0.9767090768555543,False
Wing,"x=0.93, y=0.4","x=0.97, y=0.4",4,0.9515262897482704,False
Wing,"x=0.93, y=0.4","x=0.98, y=0.4",4,0.9083361728558949,False
Wing,"x=0.93, y=0.4","x=0.99, y=0.4",4,0.8285017206657204,False
Wing,"x=0.93, y=0.4","x=0.9, y=0.4",5,0.9872219099403317,False
Wing,"x=0.93, y=0.4","x=0.91, y=0.4",5,0.9938122657830317,False
Wing,"x=0.93, y=0.4","x=0.92, y=0.4",5,0.9983042977300041,False
Wing,"x=0.93, y=0.4","x=0.93, y=0.4",5,0.9999999999999081,True
Wing,"x=0.93, y=0.4","x=0.94, y=0.4",5,0.9979161860468194,False
Wing,"x=0.93, y=0.4","x=0.95, y=0.4",5,0.9906255821079291,False
Wing,"x=0.93, y=0.4","x=0.96, y=0.4",5,0.975960279032104,False
Wing,"x=0.93, y=0.4","x=0.97, y=0.4",5,0.9503573836867348,False
Wing,"x=0.93, y=0.4","x=0.98, y=0.4",5,0.9070222332697379,False
Wing,"x=0.93, y=0.4","x=0.99, y=0.4",5,0.8283987451181867,False
Wing,"x=0.93, y=0.4","x=0.9, y=0.4",6,0.9868288319586431,False
Wing,"x=0.93, y=0.4","x=0.91, y=0.4",6,0.993585799420029,False
Wing,"x=0.93, y=0.4","x=0.92, y=0.4",6,0.998230391523191,False
Wing,"x=0.93, y=0.4","x=0.93, y=0.4",6,0.9999999999999015,True
Wing,"x=0.93, y=0.4","x=0.94, y=0.4",6,0.9977881432459204,False
Wing,"x=0.93, y=0.4","x=0.95, y=0.4",6,0.989945273144726,False
Wing,"x=0.93, y=0.4","x=0.96, y=0.4",6,0.9739101663546692,False
Wing,"x=0.93, y=0.4","x=0.97, y=0.4",6,0.9454313611637257,False
Wing,"x=0.93, y=0.4","x=0.98, y=0.4",6,0.8965687007189034,False
Wing,"x=0.93, y=0.4","x=0.99, y=0.4",6,0.8082726623836716,False
Wing,"x=0.93, y=0.4","x=0.9, y=0.4",7,0.9874271694098343,False
Wing,"x=0.93, y=0.4","x=0.91, y=0.4",7,0.9939000767015215,False
Wing,"x=0.93, y=0.4","x=0.92, y=0.4",7,0.998323878821027,False
Wing,"x=0.93, y=0.4","x=0.93, y=0.4",7,0.9999999999999492,True
Wing,"x=0.93, y=0.4","x=0.94, y=0.4",7,0.9979218259512617,False
Wing,"x=0.93, y=0.4","x=0.95, y=0.4",7,0.9905844554321905,False
Wing,"x=0.93, y=0.4","x=0.96, y=0.4",7,0.9756217727234897,False
Wing,"x=0.93, y=0.4","x=0.97, y=0.4",7,0.9490071686384889,False
Wing,"x=0.93, y=0.4","x=0.98, y=0.4",7,0.9028512246050444,False
Wing,"x=0.93, y=0.4","x=0.99, y=0.4",7,0.8168966419554693,False
Wing,"x=0.93, y=0.4","x=0.9, y=0.4",8,0.9871009453547444,False
Wing,"x=0.93, y=0.4","x=0.91, y=0.4",8,0.9937740651483051,False
Wing,"x=0.93, y=0.4","x=0.92, y=0.4",8,0.9982997591458695,False
Wing,"x=0.93, y=0.4","x=0.93, y=0.4",8,0.9999999999999607,True
Wing,"x=0.93, y=0.4","x=0.94, y=0.4",8,0.9979211608384169,False
Wing,"x=0.93, y=0.4","x=0.95, y=0.4",8,0.9906423022131168,False
Wing,"x=0.93, y=0.4","x=0.96, y=0.4",8,0.9758904221180627,False
Wing,"x=0.93, y=0.4","x=0.97, y=0.4",8,0.949700262714533,False
Wing,"x=0.93, y=0.4","x=0.98, y=0.4",8,0.9042204161963164,False
Wing,"x=0.93, y=0.4","x=0.99, y=0.4",8,0.8193172358789209,False
Wing,"x=0.93, y=0.4","x=0.9, y=0.4",9,0.9873947972886722,False
Wing,"x=0.93, y=0.4","x=0.91, y=0.4",9,0.9938672158903171,False
Wing,"x=0.93, y=0.4","x=0.92, y=0.4",9,0.9983099758632314,False
Wing,"x=0.93, y=0.4","x=0.93, y=0.4",9,0.9999999999999654,True
Wing,"x=0.93, y=0.4","x=0.94, y=0.4",9,0.9978945101092239,False
Wing,"x=0.93, y=0.4","x=0.95, y=0.4",9,0.9904507467297666,False
Wing,"x=0.93, y=0.4","x=0.96, y=0.4",9,0.9752894804720778,False
Wing,"x=0.93, y=0.4","x=0.97, y=0.4",9,0.9484612436545667,False
Wing,"x=0.93, y=0.4","x=0.98, y=0.4",9,0.902432738499064,False
Wing,"x=0.93, y=0.4","x=0.99, y=0.4",9,0.817825023096825,False
Wing,"x=0.94, y=0.4","x=0.9, y=0.4",0,0.9767635916598033,False
Wing,"x=0.94, y=0.4","x=0.91, y=0.4",0,0.9857232397845581,False
Wing,"x=0.94, y=0.4","x=0.92, y=0.4",0,0.9930239617949193,False
Wing,"x=0.94, y=0.4","x=0.93, y=0.4",0,0.9980675016569422,False
Wing,"x=0.94, y=0.4","x=0.94, y=0.4",0,0.9999999999999296,True
Wing,"x=0.94, y=0.4","x=0.95, y=0.4",0,0.9975509337228858,False
Wing,"x=0.94, y=0.4","x=0.96, y=0.4",0,0.9887225976378043,False
Wing,"x=0.94, y=0.4","x=0.97, y=0.4",0,0.9701093398217,False
Wing,"x=0.94, y=0.4","x=0.98, y=0.4",0,0.9350226227802049,False
Wing,"x=0.94, y=0.4","x=0.99, y=0.4",0,0.8655523188688288,False
Wing,"x=0.94, y=0.4","x=0.9, y=0.4",1,0.9760612552409069,False
Wing,"x=0.94, y=0.4","x=0.91, y=0.4",1,0.9851565018639303,False
Wing,"x=0.94, y=0.4","x=0.92, y=0.4",1,0.9926688325986563,False
Wing,"x=0.94, y=0.4","x=0.93, y=0.4",1,0.9979444739063049,False
Wing,"x=0.94, y=0.4","x=0.94, y=0.4",1,0.9999999999999216,True
Wing,"x=0.94, y=0.4","x=0.95, y=0.4",1,0.9973264984333938,False
Wing,"x=0.94, y=0.4","x=0.96, y=0.4",1,0.987539681603847,False
Wing,"x=0.94, y=0.4","x=0.97, y=0.4",1,0.966655535651411,False
Wing,"x=0.94, y=0.4","x=0.98, y=0.4",1,0.9271570165442203,False
Wing,"x=0.94, y=0.4","x=0.99, y=0.4",1,0.8497856312541594,False
Wing,"x=0.94, y=0.4","x=0.9, y=0.4",2,0.9766821915990899,False
Wing,"x=0.94, y=0.4","x=0.91, y=0.4",2,0.9855318795482979,False
Wing,"x=0.94, y=0.4","x=0.92, y=0.4",2,0.9928487360882812,False
Wing,"x=0.94, y=0.4","x=0.93, y=0.4",2,0.9979922031824878,False
Wing,"x=0.94, y=0.4","x=0.94, y=0.4",2,0.999999999999898,True
Wing,"x=0.94, y=0.4","x=0.95, y=0.4",2,0.9973691854651594,False
Wing,"x=0.94, y=0.4","x=0.96, y=0.4",2,0.9876424111388644,False
Wing,"x=0.94, y=0.4","x=0.97, y=0.4",2,0.9665461125924013,False
Wing,"x=0.94, y=0.4","x=0.98, y=0.4",2,0.9258184880256413,False
Wing,"x=0.94, y=0.4","x=0.99, y=0.4",2,0.8454789842529804,False
Wing,"x=0.94, y=0.4","x=0.9, y=0.4",3,0.9768308856052085,False
Wing,"x=0.94, y=0.4","x=0.91, y=0.4",3,0.9856613973173024,False
Wing,"x=0.94, y=0.4","x=0.92, y=0.4",3,0.9929273104075049,False
Wing,"x=0.94, y=0.4","x=0.93, y=0.4",3,0.9980168754591844,False
Wing,"x=0.94, y=0.4","x=0.94, y=0.4",3,0.999999999999962,True
Wing,"x=0.94, y=0.4","x=0.95, y=0.4",3,0.9974002196315627,False
Wing,"x=0.94, y=0.4","x=0.96, y=0.4",3,0.9877568024768811,False
Wing,"x=0.94, y=0.4","x=0.97, y=0.4",3,0.9666890532330521,False
Wing,"x=0.94, y=0.4","x=0.98, y=0.4",3,0.92553369252866,False
Wing,"x=0.94, y=0.4","x=0.99, y=0.4",3,0.8431038477939443,False
Wing,"x=0.94, y=0.4","x=0.9, y=0.4",4,0.9765004117394851,False
Wing,"x=0.94, y=0.4","x=0.91, y=0.4",4,0.9854494451104445,False
Wing,"x=0.94, y=0.4","x=0.92, y=0.4",4,0.9928226667026809,False
Wing,"x=0.94, y=0.4","x=0.93, y=0.4",4,0.9979893434015175,False
Wing,"x=0.94, y=0.4","x=0.94, y=0.4",4,0.9999999999999297,True
Wing,"x=0.94, y=0.4","x=0.95, y=0.4",4,0.997382391122018,False
Wing,"x=0.94, y=0.4","x=0.96, y=0.4",4,0.9877678822826513,False
Wing,"x=0.94, y=0.4","x=0.97, y=0.4",4,0.9671116236806374,False
Wing,"x=0.94, y=0.4","x=0.98, y=0.4",4,0.9276242050724719,False
Wing,"x=0.94, y=0.4","x=0.99, y=0.4",4,0.8492932239824255,False
Wing,"x=0.94, y=0.4","x=0.9, y=0.4",5,0.9754579180662555,False
Wing,"x=0.94, y=0.4","x=0.91, y=0.4",5,0.9848382897473282,False
Wing,"x=0.94, y=0.4","x=0.92, y=0.4",5,0.9925519348603081,False
Wing,"x=0.94, y=0.4","x=0.93, y=0.4",5,0.9979267551721926,False
Wing,"x=0.94, y=0.4","x=0.94, y=0.4",5,0.9999999999999363,True
Wing,"x=0.94, y=0.4","x=0.95, y=0.4",5,0.9973556392340839,False
Wing,"x=0.94, y=0.4","x=0.96, y=0.4",5,0.9878151421395345,False
Wing,"x=0.94, y=0.4","x=0.97, y=0.4",5,0.967760814075372,False
Wing,"x=0.94, y=0.4","x=0.98, y=0.4",5,0.9302916213187583,False
Wing,"x=0.94, y=0.4","x=0.99, y=0.4",5,0.8576519113697512,False
Wing,"x=0.94, y=0.4","x=0.9, y=0.4",6,0.97499322771211,False
Wing,"x=0.94, y=0.4","x=0.91, y=0.4",6,0.9844980034851984,False
Wing,"x=0.94, y=0.4","x=0.92, y=0.4",6,0.9923500810318157,False
Wing,"x=0.94, y=0.4","x=0.93, y=0.4",6,0.997857963968649,False
Wing,"x=0.94, y=0.4","x=0.94, y=0.4",6,0.9999999999999739,True
Wing,"x=0.94, y=0.4","x=0.95, y=0.4",6,0.9972222078002174,False
Wing,"x=0.94, y=0.4","x=0.96, y=0.4",6,0.9870627822259129,False
Wing,"x=0.94, y=0.4","x=0.97, y=0.4",6,0.9653669866640275,False
Wing,"x=0.94, y=0.4","x=0.98, y=0.4",6,0.9243001075121098,False
Wing,"x=0.94, y=0.4","x=0.99, y=0.4",6,0.8450680599169997,False
Wing,"x=0.94, y=0.4","x=0.9, y=0.4",7,0.9771894659788913,False
Wing,"x=0.94, y=0.4","x=0.91, y=0.4",7,0.9859546260329194,False
Wing,"x=0.94, y=0.4","x=0.92, y=0.4",7,0.9931138342813964,False
Wing,"x=0.94, y=0.4","x=0.93, y=0.4",7,0.9980827973846209,False
Wing,"x=0.94, y=0.4","x=0.94, y=0.4",7,0.9999999999998976,True
Wing,"x=0.94, y=0.4","x=0.95, y=0.4",7,0.9975291863956203,False
Wing,"x=0.94, y=0.4","x=0.96, y=0.4",7,0.9884798915028521,False
Wing,"x=0.94, y=0.4","x=0.97, y=0.4",7,0.9689980157317798,False
Wing,"x=0.94, y=0.4","x=0.98, y=0.4",7,0.9314575721727378,False
Wing,"x=0.94, y=0.4","x=0.99, y=0.4",7,0.8566204750121473,False
Wing,"x=0.94, y=0.4","x=0.9, y=0.4",8,0.9751340881268565,False
Wing,"x=0.94, y=0.4","x=0.91, y=0.4",8,0.9846387134533781,False
Wing,"x=0.94, y=0.4","x=0.92, y=0.4",8,0.9924472641229003,False
Wing,"x=0.94, y=0.4","x=0.93, y=0.4",8,0.997892580856211,False
Wing,"x=0.94, y=0.4","x=0.94, y=0.4",8,0.999999999999838,True
Wing,"x=0.94, y=0.4","x=0.95, y=0.4",8,0.9972782695673466,False
Wing,"x=0.94, y=0.4","x=0.96, y=0.4",8,0.9873115512415935,False
Wing,"x=0.94, y=0.4","x=0.97, y=0.4",8,0.9658975421514696,False
Wing,"x=0.94, y=0.4","x=0.98, y=0.4",8,0.9248771636417845,False
Wing,"x=0.94, y=0.4","x=0.99, y=0.4",8,0.8439286014176788,False
Wing,"x=0.94, y=0.4","x=0.9, y=0.4",9,0.9770574783821965,False
Wing,"x=0.94, y=0.4","x=0.91, y=0.4",9,0.9857813963457843,False
Wing,"x=0.94, y=0.4","x=0.92, y=0.4",9,0.9929812197144795,False
Wing,"x=0.94, y=0.4","x=0.93, y=0.4",9,0.9980328169421432,False
Wing,"x=0.94, y=0.4","x=0.94, y=0.4",9,0.9999999999999828,True
Wing,"x=0.94, y=0.4","x=0.95, y=0.4",9,0.9974380345177569,False
Wing,"x=0.94, y=0.4","x=0.96, y=0.4",9,0.9880219918471699,False
Wing,"x=0.94, y=0.4","x=0.97, y=0.4",9,0.967746102508576,False
Wing,"x=0.94, y=0.4","x=0.98, y=0.4",9,0.9287966016950696,False
Wing,"x=0.94, y=0.4","x=0.99, y=0.4",9,0.851076900347041,False
Wing,"x=0.95, y=0.4","x=0.9, y=0.4",0,0.9586789084153731,False
Wing,"x=0.95, y=0.4","x=0.91, y=0.4",0,0.9707660567777227,False
Wing,"x=0.95, y=0.4","x=0.92, y=0.4",0,0.9816797782572835,False
Wing,"x=0.95, y=0.4","x=0.93, y=0.4",0,0.990841552256386,False
Wing,"x=0.95, y=0.4","x=0.94, y=0.4",0,0.9973935435317391,False
Wing,"x=0.95, y=0.4","x=0.95, y=0.4",0,0.9999999999999613,True
Wing,"x=0.95, y=0.4","x=0.96, y=0.4",0,0.9964456680540442,False
Wing,"x=0.95, y=0.4","x=0.97, y=0.4",0,0.9827606129750706,False
Wing,"x=0.95, y=0.4","x=0.98, y=0.4",0,0.9509883714831012,False
Wing,"x=0.95, y=0.4","x=0.99, y=0.4",0,0.8810645851379626,False
Wing,"x=0.95, y=0.4","x=0.9, y=0.4",1,0.9614398211466914,False
Wing,"x=0.95, y=0.4","x=0.91, y=0.4",1,0.9725346395990611,False
Wing,"x=0.95, y=0.4","x=0.92, y=0.4",1,0.9826334398877479,False
Wing,"x=0.95, y=0.4","x=0.93, y=0.4",1,0.9912217331424689,False
Wing,"x=0.95, y=0.4","x=0.94, y=0.4",1,0.997469731153261,False
Wing,"x=0.95, y=0.4","x=0.95, y=0.4",1,0.9999999999999709,True
Wing,"x=0.95, y=0.4","x=0.96, y=0.4",1,0.9964579377419184,False
Wing,"x=0.95, y=0.4","x=0.97, y=0.4",1,0.9826506709611251,False
Wing,"x=0.95, y=0.4","x=0.98, y=0.4",1,0.9504803572984217,False
Wing,"x=0.95, y=0.4","x=0.99, y=0.4",1,0.8803219308965692,False
Wing,"x=0.95, y=0.4","x=0.9, y=0.4",2,0.9635813979898531,False
Wing,"x=0.95, y=0.4","x=0.91, y=0.4",2,0.9741297815385592,False
Wing,"x=0.95, y=0.4","x=0.92, y=0.4",2,0.9836999984605,False
Wing,"x=0.95, y=0.4","x=0.93, y=0.4",2,0.9917947685191499,False
Wing,"x=0.95, y=0.4","x=0.94, y=0.4",2,0.9976447663397175,False
Wing,"x=0.95, y=0.4","x=0.95, y=0.4",2,0.9999999999999394,True
Wing,"x=0.95, y=0.4","x=0.96, y=0.4",2,0.9967198527543897,False
Wing,"x=0.95, y=0.4","x=0.97, y=0.4",2,0.9839147089475355,False
Wing,"x=0.95, y=0.4","x=0.98, y=0.4",2,0.9538802712587836,False
Wing,"x=0.95, y=0.4","x=0.99, y=0.4",2,0.8881465490314893,False
Wing,"x=0.95, y=0.4","x=0.9, y=0.4",3,0.9609762547184025,False
Wing,"x=0.95, y=0.4","x=0.91, y=0.4",3,0.9723134890839158,False
Wing,"x=0.95, y=0.4","x=0.92, y=0.4",3,0.9825671916961298,False
Wing,"x=0.95, y=0.4","x=0.93, y=0.4",3,0.9912237737959196,False
Wing,"x=0.95, y=0.4","x=0.94, y=0.4",3,0.9974782138310777,False
Wing,"x=0.95, y=0.4","x=0.95, y=0.4",3,0.9999999999999093,True
Wing,"x=0.95, y=0.4","x=0.96, y=0.4",3,0.9964640322333022,False
Wing,"x=0.95, y=0.4","x=0.97, y=0.4",3,0.9825265318846584,False
Wing,"x=0.95, y=0.4","x=0.98, y=0.4",3,0.9492345490914578,False
Wing,"x=0.95, y=0.4","x=0.99, y=0.4",3,0.874145395732036,False
Wing,"x=0.95, y=0.4","x=0.9, y=0.4",4,0.9613243084496139,False
Wing,"x=0.95, y=0.4","x=0.91, y=0.4",4,0.972519135810713,False
Wing,"x=0.95, y=0.4","x=0.92, y=0.4",4,0.9826617495244037,False
Wing,"x=0.95, y=0.4","x=0.93, y=0.4",4,0.9912501702532933,False
Wing,"x=0.95, y=0.4","x=0.94, y=0.4",4,0.9974791729941124,False
Wing,"x=0.95, y=0.4","x=0.95, y=0.4",4,0.9999999999999779,True
Wing,"x=0.95, y=0.4","x=0.96, y=0.4",4,0.9964496342534661,False
Wing,"x=0.95, y=0.4","x=0.97, y=0.4",4,0.9824379593598032,False
Wing,"x=0.95, y=0.4","x=0.98, y=0.4",4,0.948953657563647,False
Wing,"x=0.95, y=0.4","x=0.99, y=0.4",4,0.8728896526887353,False
Wing,"x=0.95, y=0.4","x=0.9, y=0.4",5,0.9576689745234006,False
Wing,"x=0.95, y=0.4","x=0.91, y=0.4",5,0.9699271373135667,False
Wing,"x=0.95, y=0.4","x=0.92, y=0.4",5,0.9810801157796716,False
Wing,"x=0.95, y=0.4","x=0.93, y=0.4",5,0.9905123192413293,False
Wing,"x=0.95, y=0.4","x=0.94, y=0.4",5,0.9972956266893263,False
Wing,"x=0.95, y=0.4","x=0.95, y=0.4",5,0.9999999999999527,True
Wing,"x=0.95, y=0.4","x=0.96, y=0.4",5,0.9963297126764038,False
Wing,"x=0.95, y=0.4","x=0.97, y=0.4",5,0.982330898344135,False
Wing,"x=0.95, y=0.4","x=0.98, y=0.4",5,0.9502885556868972,False
Wing,"x=0.95, y=0.4","x=0.99, y=0.4",5,0.8806594676020124,False
Wing,"x=0.95, y=0.4","x=0.9, y=0.4",6,0.9602882893331396,False
Wing,"x=0.95, y=0.4","x=0.91, y=0.4",6,0.9717957151999378,False
Wing,"x=0.95, y=0.4","x=0.92, y=0.4",6,0.9822480758409675,False
Wing,"x=0.95, y=0.4","x=0.93, y=0.4",6,0.9910861969924676,False
Wing,"x=0.95, y=0.4","x=0.94, y=0.4",6,0.9974532085152837,False
Wing,"x=0.95, y=0.4","x=0.95, y=0.4",6,0.9999999999998869,True
Wing,"x=0.95, y=0.4","x=0.96, y=0.4",6,0.9965164164248876,False
Wing,"x=0.95, y=0.4","x=0.97, y=0.4",6,0.9831432080806899,False
Wing,"x=0.95, y=0.4","x=0.98, y=0.4",6,0.9523332192704469,False
Wing,"x=0.95, y=0.4","x=0.99, y=0.4",6,0.8852487432518799,False
Wing,"x=0.95, y=0.4","x=0.9, y=0.4",7,0.9620519614815428,False
Wing,"x=0.95, y=0.4","x=0.91, y=0.4",7,0.9730301078313933,False
Wing,"x=0.95, y=0.4","x=0.92, y=0.4",7,0.9829813004304476,False
Wing,"x=0.95, y=0.4","x=0.93, y=0.4",7,0.9914110421851414,False
Wing,"x=0.95, y=0.4","x=0.94, y=0.4",7,0.9975261526437192,False
Wing,"x=0.95, y=0.4","x=0.95, y=0.4",7,0.9999999999998356,True
Wing,"x=0.95, y=0.4","x=0.96, y=0.4",7,0.9965269809879539,False
Wing,"x=0.95, y=0.4","x=0.97, y=0.4",7,0.9829001687191906,False
Wing,"x=0.95, y=0.4","x=0.98, y=0.4",7,0.9507441544390307,False
Wing,"x=0.95, y=0.4","x=0.99, y=0.4",7,0.8799192091602609,False
Wing,"x=0.95, y=0.4","x=0.9, y=0.4",8,0.9583303385897672,False
Wing,"x=0.95, y=0.4","x=0.91, y=0.4",8,0.9704067460214029,False
Wing,"x=0.95, y=0.4","x=0.92, y=0.4",8,0.9813672358064435,False
Wing,"x=0.95, y=0.4","x=0.93, y=0.4",8,0.9906314061511798,False
Wing,"x=0.95, y=0.4","x=0.94, y=0.4",8,0.9973148298815288,False
Wing,"x=0.95, y=0.4","x=0.95, y=0.4",8,0.9999999999999697,True
Wing,"x=0.95, y=0.4","x=0.96, y=0.4",8,0.9962685864796522,False
Wing,"x=0.95, y=0.4","x=0.97, y=0.4",8,0.9816883413865294,False
Wing,"x=0.95, y=0.4","x=0.98, y=0.4",8,0.9473227111222563,False
Wing,"x=0.95, y=0.4","x=0.99, y=0.4",8,0.8713726258216936,False
Wing,"x=0.95, y=0.4","x=0.9, y=0.4",9,0.9620078718846697,False
Wing,"x=0.95, y=0.4","x=0.91, y=0.4",9,0.9730935256282509,False
Wing,"x=0.95, y=0.4","x=0.92, y=0.4",9,0.9831017173475669,False
Wing,"x=0.95, y=0.4","x=0.93, y=0.4",9,0.991524520090738,False
Wing,"x=0.95, y=0.4","x=0.94, y=0.4",9,0.9975775438415604,False
Wing,"x=0.95, y=0.4","x=0.95, y=0.4",9,0.9999999999999091,True
Wing,"x=0.95, y=0.4","x=0.96, y=0.4",9,0.9966602965284479,False
Wing,"x=0.95, y=0.4","x=0.97, y=0.4",9,0.9836909595249025,False
Wing,"x=0.95, y=0.4","x=0.98, y=0.4",9,0.953216775651555,False
Wing,"x=0.95, y=0.4","x=0.99, y=0.4",9,0.8846649179577062,False
Wing,"x=0.96, y=0.4","x=0.9, y=0.4",0,0.9376275677192403,False
Wing,"x=0.96, y=0.4","x=0.91, y=0.4",0,0.9514931640280145,False
Wing,"x=0.96, y=0.4","x=0.92, y=0.4",0,0.9649059823492423,False
Wing,"x=0.96, y=0.4","x=0.93, y=0.4",0,0.9774302960094695,False
Wing,"x=0.96, y=0.4","x=0.94, y=0.4",0,0.9883693064996917,False
Wing,"x=0.96, y=0.4","x=0.95, y=0.4",0,0.9965682008355071,False
Wing,"x=0.96, y=0.4","x=0.96, y=0.4",0,0.9999999999999544,True
Wing,"x=0.96, y=0.4","x=0.97, y=0.4",0,0.9948387291075784,False
Wing,"x=0.96, y=0.4","x=0.98, y=0.4",0,0.9731282884836877,False
Wing,"x=0.96, y=0.4","x=0.99, y=0.4",0,0.9147444022354356,False
Wing,"x=0.96, y=0.4","x=0.9, y=0.4",1,0.9407953700799022,False
Wing,"x=0.96, y=0.4","x=0.91, y=0.4",1,0.9538918443661001,False
Wing,"x=0.96, y=0.4","x=0.92, y=0.4",1,0.9665391198832578,False
Wing,"x=0.96, y=0.4","x=0.93, y=0.4",1,0.9783804707094823,False
Wing,"x=0.96, y=0.4","x=0.94, y=0.4",1,0.9887943646278092,False
Wing,"x=0.96, y=0.4","x=0.95, y=0.4",1,0.9966737092773239,False
Wing,"x=0.96, y=0.4","x=0.96, y=0.4",1,0.9999999999999256,True
Wing,"x=0.96, y=0.4","x=0.97, y=0.4",1,0.994961720260139,False
Wing,"x=0.96, y=0.4","x=0.98, y=0.4",1,0.9737931336672727,False
Wing,"x=0.96, y=0.4","x=0.99, y=0.4",1,0.9168816346101597,False
Wing,"x=0.96, y=0.4","x=0.9, y=0.4",2,0.9444757066664388,False
Wing,"x=0.96, y=0.4","x=0.91, y=0.4",2,0.956699659381229,False
Wing,"x=0.96, y=0.4","x=0.92, y=0.4",2,0.9685407528764337,False
Wing,"x=0.96, y=0.4","x=0.93, y=0.4",2,0.9796478158935592,False
Wing,"x=0.96, y=0.4","x=0.94, y=0.4",2,0.9894293115329538,False
Wing,"x=0.96, y=0.4","x=0.95, y=0.4",2,0.9968497066782456,False
Wing,"x=0.96, y=0.4","x=0.96, y=0.4",2,0.9999999999999597,True
Wing,"x=0.96, y=0.4","x=0.97, y=0.4",2,0.9951333038734326,False
Wing,"x=0.96, y=0.4","x=0.98, y=0.4",2,0.974227271704259,False
Wing,"x=0.96, y=0.4","x=0.99, y=0.4",2,0.9167628802520298,False
Wing,"x=0.96, y=0.4","x=0.9, y=0.4",3,0.9351000596453387,False
Wing,"x=0.96, y=0.4","x=0.91, y=0.4",3,0.9494634100904588,False
Wing,"x=0.96, y=0.4","x=0.92, y=0.4",3,0.9633619457254385,False
Wing,"x=0.96, y=0.4","x=0.93, y=0.4",3,0.9763693011133863,False
Wing,"x=0.96, y=0.4","x=0.94, y=0.4",3,0.9877791219440288,False
Wing,"x=0.96, y=0.4","x=0.95, y=0.4",3,0.9963797694028622,False
Wing,"x=0.96, y=0.4","x=0.96, y=0.4",3,0.9999999999998852,True
Wing,"x=0.96, y=0.4","x=0.97, y=0.4",3,0.9945091343544958,False
Wing,"x=0.96, y=0.4","x=0.98, y=0.4",3,0.9712484303820752,False
Wing,"x=0.96, y=0.4","x=0.99, y=0.4",3,0.9079931940688692,False
Wing,"x=0.96, y=0.4","x=0.9, y=0.4",4,0.937088051253537,False
Wing,"x=0.96, y=0.4","x=0.91, y=0.4",4,0.9506720261491969,False
Wing,"x=0.96, y=0.4","x=0.92, y=0.4",4,0.9639345749823405,False
Wing,"x=0.96, y=0.4","x=0.93, y=0.4",4,0.9765031639926613,False
Wing,"x=0.96, y=0.4","x=0.94, y=0.4",4,0.9877066239521679,False
Wing,"x=0.96, y=0.4","x=0.95, y=0.4",4,0.9963114138229439,False
Wing,"x=0.96, y=0.4","x=0.96, y=0.4",4,0.9999999999997766,True
Wing,"x=0.96, y=0.4","x=0.97, y=0.4",4,0.9942572441222045,False
Wing,"x=0.96, y=0.4","x=0.98, y=0.4",4,0.9696152746597844,False
Wing,"x=0.96, y=0.4","x=0.99, y=0.4",4,0.9022218824581346,False
Wing,"x=0.96, y=0.4","x=0.9, y=0.4",5,0.9377153239472331,False
Wing,"x=0.96, y=0.4","x=0.91, y=0.4",5,0.9518287763778928,False
Wing,"x=0.96, y=0.4","x=0.92, y=0.4",5,0.9653727053845287,False
Wing,"x=0.96, y=0.4","x=0.93, y=0.4",5,0.9779044699182803,False
Wing,"x=0.96, y=0.4","x=0.94, y=0.4",5,0.988726009676719,False
Wing,"x=0.96, y=0.4","x=0.95, y=0.4",5,0.996715663789733,False
Wing,"x=0.96, y=0.4","x=0.96, y=0.4",5,0.9999999999999248,True
Wing,"x=0.96, y=0.4","x=0.97, y=0.4",5,0.9952355377872967,False
Wing,"x=0.96, y=0.4","x=0.98, y=0.4",5,0.9757193100026156,False
Wing,"x=0.96, y=0.4","x=0.99, y=0.4",5,0.9240966036889889,False
Wing,"x=0.96, y=0.4","x=0.9, y=0.4",6,0.9399827747178874,False
Wing,"x=0.96, y=0.4","x=0.91, y=0.4",6,0.9534345723315576,False
Wing,"x=0.96, y=0.4","x=0.92, y=0.4",6,0.9663813099812022,False
Wing,"x=0.96, y=0.4","x=0.93, y=0.4",6,0.9784251297602675,False
Wing,"x=0.96, y=0.4","x=0.94, y=0.4",6,0.9889119156472199,False
Wing,"x=0.96, y=0.4","x=0.95, y=0.4",6,0.9967415047559757,False
Wing,"x=0.96, y=0.4","x=0.96, y=0.4",6,0.9999999999999752,True
Wing,"x=0.96, y=0.4","x=0.97, y=0.4",6,0.99517254500809,False
Wing,"x=0.96, y=0.4","x=0.98, y=0.4",6,0.975133329197528,False
Wing,"x=0.96, y=0.4","x=0.99, y=0.4",6,0.9218151383348435,False
Wing,"x=0.96, y=0.4","x=0.9, y=0.4",7,0.9404383212698496,False
Wing,"x=0.96, y=0.4","x=0.91, y=0.4",7,0.9535601993175744,False
Wing,"x=0.96, y=0.4","x=0.92, y=0.4",7,0.9662772839128134,False
Wing,"x=0.96, y=0.4","x=0.93, y=0.4",7,0.9782073542608591,False
Wing,"x=0.96, y=0.4","x=0.94, y=0.4",7,0.9887060516318572,False
Wing,"x=0.96, y=0.4","x=0.95, y=0.4",7,0.9966483165362182,False
Wing,"x=0.96, y=0.4","x=0.96, y=0.4",7,0.9999999999999021,True
Wing,"x=0.96, y=0.4","x=0.97, y=0.4",7,0.9949233956402969,False
Wing,"x=0.96, y=0.4","x=0.98, y=0.4",7,0.973596005384986,False
Wing,"x=0.96, y=0.4","x=0.99, y=0.4",7,0.9165886394182474,False
Wing,"x=0.96, y=0.4","x=0.9, y=0.4",8,0.9372781370364752,False
Wing,"x=0.96, y=0.4","x=0.91, y=0.4",8,0.9514241613543106,False
Wing,"x=0.96, y=0.4","x=0.92, y=0.4",8,0.9649912709600219,False
Wing,"x=0.96, y=0.4","x=0.93, y=0.4",8,0.9775616309629711,False
Wing,"x=0.96, y=0.4","x=0.94, y=0.4",8,0.98847008997912,False
Wing,"x=0.96, y=0.4","x=0.95, y=0.4",8,0.9966059020588357,False
Wing,"x=0.96, y=0.4","x=0.96, y=0.4",8,0.9999999999999482,True
Wing,"x=0.96, y=0.4","x=0.97, y=0.4",8,0.9949130516855154,False
Wing,"x=0.96, y=0.4","x=0.98, y=0.4",8,0.9735399422598114,False
Wing,"x=0.96, y=0.4","x=0.99, y=0.4",8,0.9160893579115466,False
Wing,"x=0.96, y=0.4","x=0.9, y=0.4",9,0.9429593257274201,False
Wing,"x=0.96, y=0.4","x=0.91, y=0.4",9,0.9560452603983803,False
Wing,"x=0.96, y=0.4","x=0.92, y=0.4",9,0.9684855358215405,False
Wing,"x=0.96, y=0.4","x=0.93, y=0.4",9,0.9799066127388613,False
Wing,"x=0.96, y=0.4","x=0.94, y=0.4",9,0.9897270189997509,False
Wing,"x=0.96, y=0.4","x=0.95, y=0.4",9,0.9969892475073459,False
Wing,"x=0.96, y=0.4","x=0.96, y=0.4",9,0.9999999999999617,True
Wing,"x=0.96, y=0.4","x=0.97, y=0.4",9,0.9955004165108963,False
Wing,"x=0.96, y=0.4","x=0.98, y=0.4",9,0.976431632967403,False
Wing,"x=0.96, y=0.4","x=0.99, y=0.4",9,0.9233325973003772,False
Wing,"x=0.97, y=0.4","x=0.9, y=0.4",0,0.9091293757994007,False
Wing,"x=0.97, y=0.4","x=0.91, y=0.4",0,0.9241286625179672,False
Wing,"x=0.97, y=0.4","x=0.92, y=0.4",0,0.9394308640386674,False
Wing,"x=0.97, y=0.4","x=0.93, y=0.4",0,0.9548122817621968,False
Wing,"x=0.97, y=0.4","x=0.94, y=0.4",0,0.9698449007479594,False
Wing,"x=0.97, y=0.4","x=0.95, y=0.4",0,0.9837306054036021,False
Wing,"x=0.97, y=0.4","x=0.96, y=0.4",0,0.994907176982959,False
Wing,"x=0.97, y=0.4","x=0.97, y=0.4",0,0.9999999999998898,True
Wing,"x=0.97, y=0.4","x=0.98, y=0.4",0,0.9907366823578382,False
Wing,"x=0.97, y=0.4","x=0.99, y=0.4",0,0.9428107228466011,False
Wing,"x=0.97, y=0.4","x=0.9, y=0.4",1,0.9144288007451248,False
Wing,"x=0.97, y=0.4","x=0.91, y=0.4",1,0.9289201283443344,False
Wing,"x=0.97, y=0.4","x=0.92, y=0.4",1,0.9434924983984714,False
Wing,"x=0.97, y=0.4","x=0.93, y=0.4",1,0.957980113160875,False
Wing,"x=0.97, y=0.4","x=0.94, y=0.4",1,0.9720396366127887,False
Wing,"x=0.97, y=0.4","x=0.95, y=0.4",1,0.984971697422985,False
Wing,"x=0.97, y=0.4","x=0.96, y=0.4",1,0.9953286727182319,False
Wing,"x=0.97, y=0.4","x=0.97, y=0.4",1,0.9999999999999621,True
Wing,"x=0.97, y=0.4","x=0.98, y=0.4",1,0.991819771759067,False
Wing,"x=0.97, y=0.4","x=0.99, y=0.4",1,0.9510516524947389,False
Wing,"x=0.97, y=0.4","x=0.9, y=0.4",2,0.9200186954373014,False
Wing,"x=0.97, y=0.4","x=0.91, y=0.4",2,0.9333976538772968,False
Wing,"x=0.97, y=0.4","x=0.92, y=0.4",2,0.9469185720993321,False
Wing,"x=0.97, y=0.4","x=0.93, y=0.4",2,0.9604134954692215,False
Wing,"x=0.97, y=0.4","x=0.94, y=0.4",2,0.9735563093781765,False
Wing,"x=0.97, y=0.4","x=0.95, y=0.4",2,0.9857040887012923,False
Wing,"x=0.97, y=0.4","x=0.96, y=0.4",2,0.9955161713630618,False
Wing,"x=0.97, y=0.4","x=0.97, y=0.4",2,0.9999999999999061,True
Wing,"x=0.97, y=0.4","x=0.98, y=0.4",2,0.9918733129301897,False
Wing,"x=0.97, y=0.4","x=0.99, y=0.4",2,0.9500251788932209,False
Wing,"x=0.97, y=0.4","x=0.9, y=0.4",3,0.9113002081828003,False
Wing,"x=0.97, y=0.4","x=0.91, y=0.4",3,0.925921428512797,False
Wing,"x=0.97, y=0.4","x=0.92, y=0.4",3,0.9407713645596592,False
Wing,"x=0.97, y=0.4","x=0.93, y=0.4",3,0.9556934107751265,False
Wing,"x=0.97, y=0.4","x=0.94, y=0.4",3,0.9703344359452667,False
Wing,"x=0.97, y=0.4","x=0.95, y=0.4",3,0.9839491251264014,False
Wing,"x=0.97, y=0.4","x=0.96, y=0.4",3,0.9949730241585506,False
Wing,"x=0.97, y=0.4","x=0.97, y=0.4",3,0.999999999999978,True
Wing,"x=0.97, y=0.4","x=0.98, y=0.4",3,0.9910156560192299,False
Wing,"x=0.97, y=0.4","x=0.99, y=0.4",3,0.9459594737437449,False
Wing,"x=0.97, y=0.4","x=0.9, y=0.4",4,0.911218719942726,False
Wing,"x=0.97, y=0.4","x=0.91, y=0.4",4,0.9253864227292723,False
Wing,"x=0.97, y=0.4","x=0.92, y=0.4",4,0.9399006728187657,False
Wing,"x=0.97, y=0.4","x=0.93, y=0.4",4,0.9546442073985412,False
Wing,"x=0.97, y=0.4","x=0.94, y=0.4",4,0.9693115190386155,False
Wing,"x=0.97, y=0.4","x=0.95, y=0.4",4,0.9831898323051912,False
Wing,"x=0.97, y=0.4","x=0.96, y=0.4",4,0.9946602288871585,False
Wing,"x=0.97, y=0.4","x=0.97, y=0.4",4,0.9999999999999148,True
Wing,"x=0.97, y=0.4","x=0.98, y=0.4",4,0.990105393052398,False
Wing,"x=0.97, y=0.4","x=0.99, y=0.4",4,0.9387611628540072,False
Wing,"x=0.97, y=0.4","x=0.9, y=0.4",5,0.9079603378634297,False
Wing,"x=0.97, y=0.4","x=0.91, y=0.4",5,0.9241016725379569,False
Wing,"x=0.97, y=0.4","x=0.92, y=0.4",5,0.9402242773935402,False
Wing,"x=0.97, y=0.4","x=0.93, y=0.4",5,0.9560728690876197,False
Wing,"x=0.97, y=0.4","x=0.94, y=0.4",5,0.9711973918343116,False
Wing,"x=0.97, y=0.4","x=0.95, y=0.4",5,0.9847929234465889,False
Wing,"x=0.97, y=0.4","x=0.96, y=0.4",5,0.9953700473144177,False
Wing,"x=0.97, y=0.4","x=0.97, y=0.4",5,0.9999999999999476,True
Wing,"x=0.97, y=0.4","x=0.98, y=0.4",5,0.9922199708482529,False
Wing,"x=0.97, y=0.4","x=0.99, y=0.4",5,0.9539082435643697,False
Wing,"x=0.97, y=0.4","x=0.9, y=0.4",6,0.9183230939086142,False
Wing,"x=0.97, y=0.4","x=0.91, y=0.4",6,0.9321467639596004,False
Wing,"x=0.97, y=0.4","x=0.92, y=0.4",6,0.9460238753283114,False
Wing,"x=0.97, y=0.4","x=0.93, y=0.4",6,0.9598064604054474,False
Wing,"x=0.97, y=0.4","x=0.94, y=0.4",6,0.9731873346280574,False
Wing,"x=0.97, y=0.4","x=0.95, y=0.4",6,0.9855285410678687,False
Wing,"x=0.97, y=0.4","x=0.96, y=0.4",6,0.9954721747383598,False
Wing,"x=0.97, y=0.4","x=0.97, y=0.4",6,0.9999999999999678,True
Wing,"x=0.97, y=0.4","x=0.98, y=0.4",6,0.9918700417881707,False
Wing,"x=0.97, y=0.4","x=0.99, y=0.4",6,0.9505099797368051,False
Wing,"x=0.97, y=0.4","x=0.9, y=0.4",7,0.9122158094214736,False
Wing,"x=0.97, y=0.4","x=0.91, y=0.4",7,0.9267858554434212,False
Wing,"x=0.97, y=0.4","x=0.92, y=0.4",7,0.9415795780736257,False
Wing,"x=0.97, y=0.4","x=0.93, y=0.4",7,0.9564126458787195,False
Wing,"x=0.97, y=0.4","x=0.94, y=0.4",7,0.9709102235809509,False
Wing,"x=0.97, y=0.4","x=0.95, y=0.4",7,0.9843220269316972,False
Wing,"x=0.97, y=0.4","x=0.96, y=0.4",7,0.9951133485115305,False
Wing,"x=0.97, y=0.4","x=0.97, y=0.4",7,0.9999999999999676,True
Wing,"x=0.97, y=0.4","x=0.98, y=0.4",7,0.9913853330511683,False
Wing,"x=0.97, y=0.4","x=0.99, y=0.4",7,0.9486359895115289,False
Wing,"x=0.97, y=0.4","x=0.9, y=0.4",8,0.9135408766657125,False
Wing,"x=0.97, y=0.4","x=0.91, y=0.4",8,0.9282801075312871,False
Wing,"x=0.97, y=0.4","x=0.92, y=0.4",8,0.9430984230111618,False
Wing,"x=0.97, y=0.4","x=0.93, y=0.4",8,0.9577940758202322,False
Wing,"x=0.97, y=0.4","x=0.94, y=0.4",8,0.9719892865962829,False
Wing,"x=0.97, y=0.4","x=0.95, y=0.4",8,0.984971934543619,False
Wing,"x=0.97, y=0.4","x=0.96, y=0.4",8,0.9953263555534841,False
Wing,"x=0.97, y=0.4","x=0.97, y=0.4",8,0.9999999999999236,True
Wing,"x=0.97, y=0.4","x=0.98, y=0.4",8,0.9916677203269935,False
Wing,"x=0.97, y=0.4","x=0.99, y=0.4",8,0.949132002852734,False
Wing,"x=0.97, y=0.4","x=0.9, y=0.4",9,0.9170266091540152,False
Wing,"x=0.97, y=0.4","x=0.91, y=0.4",9,0.9315677801467418,False
Wing,"x=0.97, y=0.4","x=0.92, y=0.4",9,0.9460295637211655,False
Wing,"x=0.97, y=0.4","x=0.93, y=0.4",9,0.9602147264958987,False
Wing,"x=0.97, y=0.4","x=0.94, y=0.4",9,0.9737674082380744,False
Wing,"x=0.97, y=0.4","x=0.95, y=0.4",9,0.9860253012530396,False
Wing,"x=0.97, y=0.4","x=0.96, y=0.4",9,0.9956875924377918,False
Wing,"x=0.97, y=0.4","x=0.97, y=0.4",9,0.9999999999999252,True
Wing,"x=0.97, y=0.4","x=0.98, y=0.4",9,0.9924180772515263,False
Wing,"x=0.97, y=0.4","x=0.99, y=0.4",9,0.9536165696899933,False
Wing,"x=0.98, y=0.4","x=0.9, y=0.4",0,0.87449911710478,False
Wing,"x=0.98, y=0.4","x=0.91, y=0.4",0,0.8900734709713419,False
Wing,"x=0.98, y=0.4","x=0.92, y=0.4",0,0.9062879743057177,False
Wing,"x=0.98, y=0.4","x=0.93, y=0.4",0,0.9231750028371507,False
Wing,"x=0.98, y=0.4","x=0.94, y=0.4",0,0.9406894817286441,False
Wing,"x=0.98, y=0.4","x=0.95, y=0.4",0,0.9586166737865037,False
Wing,"x=0.98, y=0.4","x=0.96, y=0.4",0,0.9763193499650508,False
Wing,"x=0.98, y=0.4","x=0.97, y=0.4",0,0.9919721337620617,False
Wing,"x=0.98, y=0.4","x=0.98, y=0.4",0,0.9999999999999283,True
Wing,"x=0.98, y=0.4","x=0.99, y=0.4",0,0.9803532648197957,False
Wing,"x=0.98, y=0.4","x=0.9, y=0.4",1,0.8857764407674009,False
Wing,"x=0.98, y=0.4","x=0.91, y=0.4",1,0.8999299807049078,False
Wing,"x=0.98, y=0.4","x=0.92, y=0.4",1,0.9145319733905709,False
Wing,"x=0.98, y=0.4","x=0.93, y=0.4",1,0.9296710697532364,False
Wing,"x=0.98, y=0.4","x=0.94, y=0.4",1,0.9453981504295322,False
Wing,"x=0.98, y=0.4","x=0.95, y=0.4",1,0.961629815754083,False
Wing,"x=0.98, y=0.4","x=0.96, y=0.4",1,0.9778765710228577,False
Wing,"x=0.98, y=0.4","x=0.97, y=0.4",1,0.9924547484478752,False
Wing,"x=0.98, y=0.4","x=0.98, y=0.4",1,0.9999999999998982,True
Wing,"x=0.98, y=0.4","x=0.99, y=0.4",1,0.9816007255910235,False
Wing,"x=0.98, y=0.4","x=0.9, y=0.4",2,0.8793490370032575,False
Wing,"x=0.98, y=0.4","x=0.91, y=0.4",2,0.89303241109518,False
Wing,"x=0.98, y=0.4","x=0.92, y=0.4",2,0.9074873457926229,False
Wing,"x=0.98, y=0.4","x=0.93, y=0.4",2,0.9228843552754585,False
Wing,"x=0.98, y=0.4","x=0.94, y=0.4",2,0.9393486740261948,False
Wing,"x=0.98, y=0.4","x=0.95, y=0.4",2,0.9568251497053735,False
Wing,"x=0.98, y=0.4","x=0.96, y=0.4",2,0.9747552693833922,False
Wing,"x=0.98, y=0.4","x=0.97, y=0.4",2,0.9912246348198827,False
Wing,"x=0.98, y=0.4","x=0.98, y=0.4",2,0.9999999999999044,True
Wing,"x=0.98, y=0.4","x=0.99, y=0.4",2,0.9765767121810215,False
Wing,"x=0.98, y=0.4","x=0.9, y=0.4",3,0.8816922972482891,False
Wing,"x=0.98, y=0.4","x=0.91, y=0.4",3,0.8960827657077706,False
Wing,"x=0.98, y=0.4","x=0.92, y=0.4",3,0.9110854595853478,False
Wing,"x=0.98, y=0.4","x=0.93, y=0.4",3,0.9267918961289826,False
Wing,"x=0.98, y=0.4","x=0.94, y=0.4",3,0.943215997429098,False
Wing,"x=0.98, y=0.4","x=0.95, y=0.4",3,0.9601838662484576,False
Wing,"x=0.98, y=0.4","x=0.96, y=0.4",3,0.9770890093440905,False
Wing,"x=0.98, y=0.4","x=0.97, y=0.4",3,0.9921769601672346,False
Wing,"x=0.98, y=0.4","x=0.98, y=0.4",3,0.999999999999951,True
Wing,"x=0.98, y=0.4","x=0.99, y=0.4",3,0.9804540406954948,False
Wing,"x=0.98, y=0.4","x=0.9, y=0.4",4,0.8844738131303251,False
Wing,"x=0.98, y=0.4","x=0.91, y=0.4",4,0.8984924329741878,False
Wing,"x=0.98, y=0.4","x=0.92, y=0.4",4,0.9131032804634155,False
Wing,"x=0.98, y=0.4","x=0.93, y=0.4",4,0.928401509486831,False
Wing,"x=0.98, y=0.4","x=0.94, y=0.4",4,0.9444066374007757,False
Wing,"x=0.98, y=0.4","x=0.95, y=0.4",4,0.9609533062481288,False
Wing,"x=0.98, y=0.4","x=0.96, y=0.4",4,0.9774540263810169,False
Wing,"x=0.98, y=0.4","x=0.97, y=0.4",4,0.9922341417549684,False
Wing,"x=0.98, y=0.4","x=0.98, y=0.4",4,0.9999999999999404,True
Wing,"x=0.98, y=0.4","x=0.99, y=0.4",4,0.9787621391796024,False
Wing,"x=0.98, y=0.4","x=0.9, y=0.4",5,0.8761079405242128,False
Wing,"x=0.98, y=0.4","x=0.91, y=0.4",5,0.8929961526169192,False
Wing,"x=0.98, y=0.4","x=0.92, y=0.4",5,0.9102137758119816,False
Wing,"x=0.98, y=0.4","x=0.93, y=0.4",5,0.9277377324487845,False
Wing,"x=0.98, y=0.4","x=0.94, y=0.4",5,0.9454470019067488,False
Wing,"x=0.98, y=0.4","x=0.95, y=0.4",5,0.9630041602136403,False
Wing,"x=0.98, y=0.4","x=0.96, y=0.4",5,0.9796079555798041,False
Wing,"x=0.98, y=0.4","x=0.97, y=0.4",5,0.9934241505619956,False
Wing,"x=0.98, y=0.4","x=0.98, y=0.4",5,0.9999999999999024,True
Wing,"x=0.98, y=0.4","x=0.99, y=0.4",5,0.9860457020105133,False
Wing,"x=0.98, y=0.4","x=0.9, y=0.4",6,0.8858465584203072,False
Wing,"x=0.98, y=0.4","x=0.91, y=0.4",6,0.9000663172262858,False
Wing,"x=0.98, y=0.4","x=0.92, y=0.4",6,0.9147590123863213,False
Wing,"x=0.98, y=0.4","x=0.93, y=0.4",6,0.9300211854757187,False
Wing,"x=0.98, y=0.4","x=0.94, y=0.4",6,0.9458948426228763,False
Wing,"x=0.98, y=0.4","x=0.95, y=0.4",6,0.9622477499666258,False
Wing,"x=0.98, y=0.4","x=0.96, y=0.4",6,0.9784823430776578,False
Wing,"x=0.98, y=0.4","x=0.97, y=0.4",6,0.992791298127424,False
Wing,"x=0.98, y=0.4","x=0.98, y=0.4",6,0.9999999999999815,True
Wing,"x=0.98, y=0.4","x=0.99, y=0.4",6,0.983598848020566,False
Wing,"x=0.98, y=0.4","x=0.9, y=0.4",7,0.886953475160914,False
Wing,"x=0.98, y=0.4","x=0.91, y=0.4",7,0.9023000748577624,False
Wing,"x=0.98, y=0.4","x=0.92, y=0.4",7,0.9179662053361097,False
Wing,"x=0.98, y=0.4","x=0.93, y=0.4",7,0.9338942766910779,False
Wing,"x=0.98, y=0.4","x=0.94, y=0.4",7,0.9499493626785153,False
Wing,"x=0.98, y=0.4","x=0.95, y=0.4",7,0.9658460577761565,False
Wing,"x=0.98, y=0.4","x=0.96, y=0.4",7,0.9809543538387125,False
Wing,"x=0.98, y=0.4","x=0.97, y=0.4",7,0.9937400820825123,False
Wing,"x=0.98, y=0.4","x=0.98, y=0.4",7,0.9999999999999138,True
Wing,"x=0.98, y=0.4","x=0.99, y=0.4",7,0.9859539226158636,False
Wing,"x=0.98, y=0.4","x=0.9, y=0.4",8,0.8736610758632496,False
Wing,"x=0.98, y=0.4","x=0.91, y=0.4",8,0.8895801517982823,False
Wing,"x=0.98, y=0.4","x=0.92, y=0.4",8,0.9060752649932939,False
Wing,"x=0.98, y=0.4","x=0.93, y=0.4",8,0.9231840036939295,False
Wing,"x=0.98, y=0.4","x=0.94, y=0.4",8,0.940869580165954,False
Wing,"x=0.98, y=0.4","x=0.95, y=0.4",8,0.9589160425178103,False
Wing,"x=0.98, y=0.4","x=0.96, y=0.4",8,0.9766516873889081,False
Wing,"x=0.98, y=0.4","x=0.97, y=0.4",8,0.9921770713597093,False
Wing,"x=0.98, y=0.4","x=0.98, y=0.4",8,0.9999999999998505,True
Wing,"x=0.98, y=0.4","x=0.99, y=0.4",8,0.9817175220771663,False
Wing,"x=0.98, y=0.4","x=0.9, y=0.4",9,0.8829548069472656,False
Wing,"x=0.98, y=0.4","x=0.91, y=0.4",9,0.897374788350802,False
Wing,"x=0.98, y=0.4","x=0.92, y=0.4",9,0.9122977177328186,False
Wing,"x=0.98, y=0.4","x=0.93, y=0.4",9,0.9277905299541591,False
Wing,"x=0.98, y=0.4","x=0.94, y=0.4",9,0.9438769793178075,False
Wing,"x=0.98, y=0.4","x=0.95, y=0.4",9,0.9604575477342688,False
Wing,"x=0.98, y=0.4","x=0.96, y=0.4",9,0.9770679609056596,False
Wing,"x=0.98, y=0.4","x=0.97, y=0.4",9,0.9920904765048552,False
Wing,"x=0.98, y=0.4","x=0.98, y=0.4",9,0.9999999999999434,True
Wing,"x=0.98, y=0.4","x=0.99, y=0.4",9,0.9797436720093722,False
Wing,"x=0.99, y=0.4","x=0.9, y=0.4",0,0.8543726694568015,False
Wing,"x=0.99, y=0.4","x=0.91, y=0.4",0,0.866570039484057,False
Wing,"x=0.99, y=0.4","x=0.92, y=0.4",0,0.8789758623612844,False
Wing,"x=0.99, y=0.4","x=0.93, y=0.4",0,0.8917909205569394,False
Wing,"x=0.99, y=0.4","x=0.94, y=0.4",0,0.9053414865815623,False
Wing,"x=0.99, y=0.4","x=0.95, y=0.4",0,0.9201581578075436,False
Wing,"x=0.99, y=0.4","x=0.96, y=0.4",0,0.9370908578726244,False
Wing,"x=0.99, y=0.4","x=0.97, y=0.4",0,0.9573368606588404,False
Wing,"x=0.99, y=0.4","x=0.98, y=0.4",0,0.9814648964600976,False
Wing,"x=0.99, y=0.4","x=0.99, y=0.4",0,0.9999999999999513,True
Wing,"x=0.99, y=0.4","x=0.9, y=0.4",1,0.8543783476888451,False
Wing,"x=0.99, y=0.4","x=0.91, y=0.4",1,0.8684860573527564,False
Wing,"x=0.99, y=0.4","x=0.92, y=0.4",1,0.8829356715711845,False
Wing,"x=0.99, y=0.4","x=0.93, y=0.4",1,0.8978975748863466,False
Wing,"x=0.99, y=0.4","x=0.94, y=0.4",1,0.9135953781902044,False
Wing,"x=0.99, y=0.4","x=0.95, y=0.4",1,0.9302945611725918,False
Wing,"x=0.99, y=0.4","x=0.96, y=0.4",1,0.9482577601130493,False
Wing,"x=0.99, y=0.4","x=0.97, y=0.4",1,0.9675829666914646,False
Wing,"x=0.99, y=0.4","x=0.98, y=0.4",1,0.9873402666196105,False
Wing,"x=0.99, y=0.4","x=0.99, y=0.4",1,0.9999999999998921,True
Wing,"x=0.99, y=0.4","x=0.9, y=0.4",2,0.8552076092776055,False
Wing,"x=0.99, y=0.4","x=0.91, y=0.4",2,0.8680823973104037,False
Wing,"x=0.99, y=0.4","x=0.92, y=0.4",2,0.8812647982415592,False
Wing,"x=0.99, y=0.4","x=0.93, y=0.4",2,0.8949385108117678,False
Wing,"x=0.99, y=0.4","x=0.94, y=0.4",2,0.909370754070485,False
Wing,"x=0.99, y=0.4","x=0.95, y=0.4",2,0.9249464486031067,False
Wing,"x=0.99, y=0.4","x=0.96, y=0.4",2,0.9422138929450283,False
Wing,"x=0.99, y=0.4","x=0.97, y=0.4",2,0.9618669344482501,False
Wing,"x=0.99, y=0.4","x=0.98, y=0.4",2,0.9839279751989243,False
Wing,"x=0.99, y=0.4","x=0.99, y=0.4",2,0.9999999999997806,True
Wing,"x=0.99, y=0.4","x=0.9, y=0.4",3,0.8474557176706289,False
Wing,"x=0.99, y=0.4","x=0.91, y=0.4",3,0.8608836014857122,False
Wing,"x=0.99, y=0.4","x=0.92, y=0.4",3,0.8747261295238424,False
Wing,"x=0.99, y=0.4","x=0.93, y=0.4",3,0.8891890406811443,False
Wing,"x=0.99, y=0.4","x=0.94, y=0.4",3,0.9045704367888767,False
Wing,"x=0.99, y=0.4","x=0.95, y=0.4",3,0.9212898937115868,False
Wing,"x=0.99, y=0.4","x=0.96, y=0.4",3,0.9398931850111085,False
Wing,"x=0.99, y=0.4","x=0.97, y=0.4",3,0.9609075992386559,False
Wing,"x=0.99, y=0.4","x=0.98, y=0.4",3,0.9838953001804498,False
Wing,"x=0.99, y=0.4","x=0.99, y=0.4",3,0.9999999999999105,True
Wing,"x=0.99, y=0.4","x=0.9, y=0.4",4,0.8609830159846266,False
Wing,"x=0.99, y=0.4","x=0.91, y=0.4",4,0.872439529959901,False
Wing,"x=0.99, y=0.4","x=0.92, y=0.4",4,0.8841749298574731,False
Wing,"x=0.99, y=0.4","x=0.93, y=0.4",4,0.8964313068887186,False
Wing,"x=0.99, y=0.4","x=0.94, y=0.4",4,0.9095793056538082,False
Wing,"x=0.99, y=0.4","x=0.95, y=0.4",4,0.9241613792243926,False
Wing,"x=0.99, y=0.4","x=0.96, y=0.4",4,0.9408906801182501,False
Wing,"x=0.99, y=0.4","x=0.97, y=0.4",4,0.9604637244236871,False
Wing,"x=0.99, y=0.4","x=0.98, y=0.4",4,0.9828236264528668,False
Wing,"x=0.99, y=0.4","x=0.99, y=0.4",4,0.9999999999999791,True
Wing,"x=0.99, y=0.4","x=0.9, y=0.4",5,0.816650830891152,False
Wing,"x=0.99, y=0.4","x=0.91, y=0.4",5,0.8336818960525901,False
Wing,"x=0.99, y=0.4","x=0.92, y=0.4",5,0.8513792849781733,False
Wing,"x=0.99, y=0.4","x=0.93, y=0.4",5,0.869990633747807,False
Wing,"x=0.99, y=0.4","x=0.94, y=0.4",5,0.8898414977271938,False
Wing,"x=0.99, y=0.4","x=0.95, y=0.4",5,0.9113117970785842,False
Wing,"x=0.99, y=0.4","x=0.96, y=0.4",5,0.9347218836378295,False
Wing,"x=0.99, y=0.4","x=0.97, y=0.4",5,0.9599431021725597,False
Wing,"x=0.99, y=0.4","x=0.98, y=0.4",5,0.9850147420891541,False
Wing,"x=0.99, y=0.4","x=0.99, y=0.4",5,0.9999999999998999,True
Wing,"x=0.99, y=0.4","x=0.9, y=0.4",6,0.8559185817719408,False
Wing,"x=0.99, y=0.4","x=0.91, y=0.4",6,0.8694490268375269,False
Wing,"x=0.99, y=0.4","x=0.92, y=0.4",6,0.883205639828525,False
Wing,"x=0.99, y=0.4","x=0.93, y=0.4",6,0.8973577614934682,False
Wing,"x=0.99, y=0.4","x=0.94, y=0.4",6,0.9121688687679929,False
Wing,"x=0.99, y=0.4","x=0.95, y=0.4",6,0.9280265049663617,False
Wing,"x=0.99, y=0.4","x=0.96, y=0.4",6,0.945444140560015,False
Wing,"x=0.99, y=0.4","x=0.97, y=0.4",6,0.9649057156417432,False
Wing,"x=0.99, y=0.4","x=0.98, y=0.4",6,0.9858506945438688,False
Wing,"x=0.99, y=0.4","x=0.99, y=0.4",6,0.9999999999999525,True
Wing,"x=0.99, y=0.4","x=0.9, y=0.4",7,0.8319740854769887,False
Wing,"x=0.99, y=0.4","x=0.91, y=0.4",7,0.8434161143615834,False
Wing,"x=0.99, y=0.4","x=0.92, y=0.4",7,0.855258602733406,False
Wing,"x=0.99, y=0.4","x=0.93, y=0.4",7,0.8678860303714525,False
Wing,"x=0.99, y=0.4","x=0.94, y=0.4",7,0.8819038603797448,False
Wing,"x=0.99, y=0.4","x=0.95, y=0.4",7,0.898234328065679,False
Wing,"x=0.99, y=0.4","x=0.96, y=0.4",7,0.918233113376494,False
Wing,"x=0.99, y=0.4","x=0.97, y=0.4",7,0.9436950113168915,False
Wing,"x=0.99, y=0.4","x=0.98, y=0.4",7,0.9754289837600089,False
Wing,"x=0.99, y=0.4","x=0.99, y=0.4",7,0.9999999999999555,True
Wing,"x=0.99, y=0.4","x=0.9, y=0.4",8,0.8474215919147892,False
Wing,"x=0.99, y=0.4","x=0.91, y=0.4",8,0.8607233840765944,False
Wing,"x=0.99, y=0.4","x=0.92, y=0.4",8,0.8743860827645175,False
Wing,"x=0.99, y=0.4","x=0.93, y=0.4",8,0.8886351496743776,False
Wing,"x=0.99, y=0.4","x=0.94, y=0.4",8,0.9037968693238317,False
Wing,"x=0.99, y=0.4","x=0.95, y=0.4",8,0.9203310949686319,False
Wing,"x=0.99, y=0.4","x=0.96, y=0.4",8,0.9388593920962229,False
Wing,"x=0.99, y=0.4","x=0.97, y=0.4",8,0.9600596499437695,False
Wing,"x=0.99, y=0.4","x=0.98, y=0.4",8,0.9835676835003168,False
Wing,"x=0.99, y=0.4","x=0.99, y=0.4",8,0.9999999999999554,True
Wing,"x=0.99, y=0.4","x=0.9, y=0.4",9,0.8509550073753622,False
Wing,"x=0.99, y=0.4","x=0.91, y=0.4",9,0.8653033161901803,False
Wing,"x=0.99, y=0.4","x=0.92, y=0.4",9,0.8799879607416363,False
Wing,"x=0.99, y=0.4","x=0.93, y=0.4",9,0.8951726079466344,False
Wing,"x=0.99, y=0.4","x=0.94, y=0.4",9,0.9111008829856966,False
Wing,"x=0.99, y=0.4","x=0.95, y=0.4",9,0.9281034747190519,False
Wing,"x=0.99, y=0.4","x=0.96, y=0.4",9,0.9465402349116445,False
Wing,"x=0.99, y=0.4","x=0.97, y=0.4",9,0.9665249167522518,False
Wing,"x=0.99, y=0.4","x=0.98, y=0.4",9,0.9869252609688695,False
Wing,"x=0.99, y=0.4","x=0.99, y=0.4",9,0.9999999999999482,True
Strata,"a=0.9, t0=0.38, t1=0.54","a=0.9, t0=0.38, t1=0.54",0,0.9999999999998223,True
Strata,"a=0.9, t0=0.38, t1=0.54","a=0.91, t0=0.38, t1=0.54",0,0.9990336889829482,False
Strata,"a=0.9, t0=0.38, t1=0.54","a=0.92, t0=0.38, t1=0.54",0,0.9957980293720676,False
Strata,"a=0.9, t0=0.38, t1=0.54","a=0.93, t0=0.38, t1=0.54",0,0.9896036589448154,False
Strata,"a=0.9, t0=0.38, t1=0.54","a=0.94, t0=0.38, t1=0.54",0,0.9793906828210731,False
Strata,"a=0.9, t0=0.38, t1=0.54","a=0.95, t0=0.38, t1=0.54",0,0.9634641335974183,False
Strata,"a=0.9, t0=0.38, t1=0.54","a=0.96, t0=0.38, t1=0.54",0,0.9389635323360735,False
Strata,"a=0.9, t0=0.38, t1=0.54","a=0.97, t0=0.38, t1=0.54",0,0.9006535971663852,False
Strata,"a=0.9, t0=0.38, t1=0.54","a=0.98, t0=0.38, t1=0.54",0,0.8376269626122529,False
Strata,"a=0.9, t0=0.38, t1=0.54","a=0.99, t0=0.38, t1=0.54",0,0.7215701721413703,False
Strata,"a=0.9, t0=0.38, t1=0.54","a=0.9, t0=0.38, t1=0.54",1,0.999999999999916,True
Strata,"a=0.9, t0=0.38, t1=0.54","a=0.91, t0=0.38, t1=0.54",1,0.9989858998306806,False
Strata,"a=0.9, t0=0.38, t1=0.54","a=0.92, t0=0.38, t1=0.54",1,0.9955703538146209,False
Strata,"a=0.9, t0=0.38, t1=0.54","a=0.93, t0=0.38, t1=0.54",1,0.9889871556933878,False
Strata,"a=0.9, t0=0.38, t1=0.54","a=0.94, t0=0.38, t1=0.54",1,0.9780518326573858,False
Strata,"a=0.9, t0=0.38, t1=0.54","a=0.95, t0=0.38, t1=0.54",1,0.9608539481759347,False
Strata,"a=0.9, t0=0.38, t1=0.54","a=0.96, t0=0.38, t1=0.54",1,0.9341297674473301,False
Strata,"a=0.9, t0=0.38, t1=0.54","a=0.97, t0=0.38, t1=0.54",1,0.8918111919552079,False
Strata,"a=0.9, t0=0.38, t1=0.54","a=0.98, t0=0.38, t1=0.54",1,0.8210571912979077,False
Strata,"a=0.9, t0=0.38, t1=0.54","a=0.99, t0=0.38, t1=0.54",1,0.6895300335672996,False
Strata,"a=0.9, t0=0.38, t1=0.54","a=0.9, t0=0.38, t1=0.54",2,0.9999999999998643,True
Strata,"a=0.9, t0=0.38, t1=0.54","a=0.91, t0=0.38, t1=0.54",2,0.9990908645036939,False
Strata,"a=0.9, t0=0.38, t1=0.54","a=0.92, t0=0.38, t1=0.54",2,0.996037706412148,False
Strata,"a=0.9, t0=0.38, t1=0.54","a=0.93, t0=0.38, t1=0.54",2,0.9901623556834884,False
Strata,"a=0.9, t0=0.38, t1=0.54","a=0.94, t0=0.38, t1=0.54",2,0.9803971741955319,False
Strata,"a=0.9, t0=0.38, t1=0.54","a=0.95, t0=0.38, t1=0.54",2,0.9649888173543772,False
Strata,"a=0.9, t0=0.38, t1=0.54","a=0.96, t0=0.38, t1=0.54",2,0.9408953797039488,False
Strata,"a=0.9, t0=0.38, t1=0.54","a=0.97, t0=0.38, t1=0.54",2,0.9024418895099783,False
Strata,"a=0.9, t0=0.38, t1=0.54","a=0.98, t0=0.38, t1=0.54",2,0.8380972840780206,False
Strata,"a=0.9, t0=0.38, t1=0.54","a=0.99, t0=0.38, t1=0.54",2,0.7203381938686613,False
Strata,"a=0.9, t0=0.38, t1=0.54","a=0.9, t0=0.38, t1=0.54",3,0.99999999999982,True
Strata,"a=0.9, t0=0.38, t1=0.54","a=0.91, t0=0.38, t1=0.54",3,0.9990493882463926,False
Strata,"a=0.9, t0=0.38, t1=0.54","a=0.92, t0=0.38, t1=0.54",3,0.9958472637116966,False
Strata,"a=0.9, t0=0.38, t1=0.54","a=0.93, t0=0.38, t1=0.54",3,0.9896683805976522,False
Strata,"a=0.9, t0=0.38, t1=0.54","a=0.94, t0=0.38, t1=0.54",3,0.9793861210200262,False
Strata,"a=0.9, t0=0.38, t1=0.54","a=0.95, t0=0.38, t1=0.54",3,0.9631929522594173,False
Strata,"a=0.9, t0=0.38, t1=0.54","a=0.96, t0=0.38, t1=0.54",3,0.9380553343566417,False
Strata,"a=0.9, t0=0.38, t1=0.54","a=0.97, t0=0.38, t1=0.54",3,0.8984848362590323,False
Strata,"a=0.9, t0=0.38, t1=0.54","a=0.98, t0=0.38, t1=0.54",3,0.8330891977335796,False
Strata,"a=0.9, t0=0.38, t1=0.54","a=0.99, t0=0.38, t1=0.54",3,0.7110637448680999,False
Strata,"a=0.9, t0=0.38, t1=0.54","a=0.9, t0=0.38, t1=0.54",4,0.9999999999999084,True
Strata,"a=0.9, t0=0.38, t1=0.54","a=0.91, t0=0.38, t1=0.54",4,0.9990365870833559,False
Strata,"a=0.9, t0=0.38, t1=0.54","a=0.92, t0=0.38, t1=0.54",4,0.9957897898871866,False
Strata,"a=0.9, t0=0.38, t1=0.54","a=0.93, t0=0.38, t1=0.54",4,0.9895277388308936,False
Strata,"a=0.9, t0=0.38, t1=0.54","a=0.94, t0=0.38, t1=0.54",4,0.9791246849680693,False
Strata,"a=0.9, t0=0.38, t1=0.54","a=0.95, t0=0.38, t1=0.54",4,0.9627866197441424,False
Strata,"a=0.9, t0=0.38, t1=0.54","a=0.96, t0=0.38, t1=0.54",4,0.9375103964869879,False
Strata,"a=0.9, t0=0.38, t1=0.54","a=0.97, t0=0.38, t1=0.54",4,0.8978611424779833,False
Strata,"a=0.9, t0=0.38, t1=0.54","a=0.98, t0=0.38, t1=0.54",4,0.8326165787836575,False
Strata,"a=0.9, t0=0.38, t1=0.54","a=0.99, t0=0.38, t1=0.54",4,0.7123911847326247,False
Strata,"a=0.9, t0=0.38, t1=0.54","a=0.9, t0=0.38, t1=0.54",5,0.9999999999998419,True
Strata,"a=0.9, t0=0.38, t1=0.54","a=0.91, t0=0.38, t1=0.54",5,0.998952126372771,False
Strata,"a=0.9, t0=0.38, t1=0.54","a=0.92, t0=0.38, t1=0.54",5,0.9954234006122868,False
Strata,"a=0.9, t0=0.38, t1=0.54","a=0.93, t0=0.38, t1=0.54",5,0.9886200566077935,False
Strata,"a=0.9, t0=0.38, t1=0.54","a=0.94, t0=0.38, t1=0.54",5,0.9773124476448973,False
Strata,"a=0.9, t0=0.38, t1=0.54","a=0.95, t0=0.38, t1=0.54",5,0.9595295220349834,False
Strata,"a=0.9, t0=0.38, t1=0.54","a=0.96, t0=0.38, t1=0.54",5,0.9319767464976785,False
Strata,"a=0.9, t0=0.38, t1=0.54","a=0.97, t0=0.38, t1=0.54",5,0.8887859147109948,False
Strata,"a=0.9, t0=0.38, t1=0.54","a=0.98, t0=0.38, t1=0.54",5,0.8180447544532372,False
Strata,"a=0.9, t0=0.38, t1=0.54","a=0.99, t0=0.38, t1=0.54",5,0.687402633306465,False
Strata,"a=0.9, t0=0.38, t1=0.54","a=0.9, t0=0.38, t1=0.54",6,0.9999999999999512,True
Strata,"a=0.9, t0=0.38, t1=0.54","a=0.91, t0=0.38, t1=0.54",6,0.9990061584728582,False
Strata,"a=0.9, t0=0.38, t1=0.54","a=0.92, t0=0.38, t1=0.54",6,0.995676991698023,False
Strata,"a=0.9, t0=0.38, t1=0.54","a=0.93, t0=0.38, t1=0.54",6,0.9893002369484548,False
Strata,"a=0.9, t0=0.38, t1=0.54","a=0.94, t0=0.38, t1=0.54",6,0.9787761195349072,False
Strata,"a=0.9, t0=0.38, t1=0.54","a=0.95, t0=0.38, t1=0.54",6,0.9623249736619252,False
Strata,"a=0.9, t0=0.38, t1=0.54","a=0.96, t0=0.38, t1=0.54",6,0.9368680652537301,False
Strata,"a=0.9, t0=0.38, t1=0.54","a=0.97, t0=0.38, t1=0.54",6,0.8965379968725615,False
Strata,"a=0.9, t0=0.38, t1=0.54","a=0.98, t0=0.38, t1=0.54",6,0.828565571549732,False
Strata,"a=0.9, t0=0.38, t1=0.54","a=0.99, t0=0.38, t1=0.54",6,0.69868636588671,False
Strata,"a=0.9, t0=0.38, t1=0.54","a=0.9, t0=0.38, t1=0.54",7,0.9999999999999821,True
Strata,"a=0.9, t0=0.38, t1=0.54","a=0.91, t0=0.38, t1=0.54",7,0.9990602055106519,False
Strata,"a=0.9, t0=0.38, t1=0.54","a=0.92, t0=0.38, t1=0.54",7,0.9959111945845768,False
Strata,"a=0.9, t0=0.38, t1=0.54","a=0.93, t0=0.38, t1=0.54",7,0.989871647195438,False
Strata,"a=0.9, t0=0.38, t1=0.54","a=0.94, t0=0.38, t1=0.54",7,0.9798720080473913,False
Strata,"a=0.9, t0=0.38, t1=0.54","a=0.95, t0=0.38, t1=0.54",7,0.9641440100171377,False
Strata,"a=0.9, t0=0.38, t1=0.54","a=0.96, t0=0.38, t1=0.54",7,0.9395692903532482,False
Strata,"a=0.9, t0=0.38, t1=0.54","a=0.97, t0=0.38, t1=0.54",7,0.900223723150329,False
Strata,"a=0.9, t0=0.38, t1=0.54","a=0.98, t0=0.38, t1=0.54",7,0.834024642719532,False
Strata,"a=0.9, t0=0.38, t1=0.54","a=0.99, t0=0.38, t1=0.54",7,0.7128500495016759,False
Strata,"a=0.9, t0=0.38, t1=0.54","a=0.9, t0=0.38, t1=0.54",8,0.9999999999998482,True
Strata,"a=0.9, t0=0.38, t1=0.54","a=0.91, t0=0.38, t1=0.54",8,0.999037411570233,False
Strata,"a=0.9, t0=0.38, t1=0.54","a=0.92, t0=0.38, t1=0.54",8,0.9958117206279458,False
Strata,"a=0.9, t0=0.38, t1=0.54","a=0.93, t0=0.38, t1=0.54",8,0.9896250438273543,False
Strata,"a=0.9, t0=0.38, t1=0.54","a=0.94, t0=0.38, t1=0.54",8,0.9793842720861776,False
Strata,"a=0.9, t0=0.38, t1=0.54","a=0.95, t0=0.38, t1=0.54",8,0.963290592793047,False
Strata,"a=0.9, t0=0.38, t1=0.54","a=0.96, t0=0.38, t1=0.54",8,0.9381958435120185,False
Strata,"a=0.9, t0=0.38, t1=0.54","a=0.97, t0=0.38, t1=0.54",8,0.8981458430612776,False
Strata,"a=0.9, t0=0.38, t1=0.54","a=0.98, t0=0.38, t1=0.54",8,0.8308556520555839,False
Strata,"a=0.9, t0=0.38, t1=0.54","a=0.99, t0=0.38, t1=0.54",8,0.7069883025057002,False
Strata,"a=0.9, t0=0.38, t1=0.54","a=0.9, t0=0.38, t1=0.54",9,0.9999999999999729,True
Strata,"a=0.9, t0=0.38, t1=0.54","a=0.91, t0=0.38, t1=0.54",9,0.999092603689343,False
Strata,"a=0.9, t0=0.38, t1=0.54","a=0.92, t0=0.38, t1=0.54",9,0.9960389354869746,False
Strata,"a=0.9, t0=0.38, t1=0.54","a=0.93, t0=0.38, t1=0.54",9,0.9901484309065769,False
Strata,"a=0.9, t0=0.38, t1=0.54","a=0.94, t0=0.38, t1=0.54",9,0.9803350859912846,False
Strata,"a=0.9, t0=0.38, t1=0.54","a=0.95, t0=0.38, t1=0.54",9,0.9648268939356713,False
Strata,"a=0.9, t0=0.38, t1=0.54","a=0.96, t0=0.38, t1=0.54",9,0.9406003788945468,False
Strata,"a=0.9, t0=0.38, t1=0.54","a=0.97, t0=0.38, t1=0.54",9,0.9021636330064041,False
Strata,"a=0.9, t0=0.38, t1=0.54","a=0.98, t0=0.38, t1=0.54",9,0.838424930460012,False
Strata,"a=0.9, t0=0.38, t1=0.54","a=0.99, t0=0.38, t1=0.54",9,0.7214604507893208,False
Strata,"a=0.91, t0=0.38, t1=0.54","a=0.9, t0=0.38, t1=0.54",0,0.9990246741340791,False
Strata,"a=0.91, t0=0.38, t1=0.54","a=0.91, t0=0.38, t1=0.54",0,0.9999999999999702,True
Strata,"a=0.91, t0=0.38, t1=0.54","a=0.92, t0=0.38, t1=0.54",0,0.9988439442199009,False
Strata,"a=0.91, t0=0.38, t1=0.54","a=0.93, t0=0.38, t1=0.54",0,0.9948773277846926,False
Strata,"a=0.91, t0=0.38, t1=0.54","a=0.94, t0=0.38, t1=0.54",0,0.9870373752859816,False
Strata,"a=0.91, t0=0.38, t1=0.54","a=0.95, t0=0.38, t1=0.54",0,0.9735901898629266,False
Strata,"a=0.91, t0=0.38, t1=0.54","a=0.96, t0=0.38, t1=0.54",0,0.9515615696459858,False
Strata,"a=0.91, t0=0.38, t1=0.54","a=0.97, t0=0.38, t1=0.54",0,0.9155294228564246,False
Strata,"a=0.91, t0=0.38, t1=0.54","a=0.98, t0=0.38, t1=0.54",0,0.8547431028124313,False
Strata,"a=0.91, t0=0.38, t1=0.54","a=0.99, t0=0.38, t1=0.54",0,0.7426506858720121,False
Strata,"a=0.91, t0=0.38, t1=0.54","a=0.9, t0=0.38, t1=0.54",1,0.9990208013439477,False
Strata,"a=0.91, t0=0.38, t1=0.54","a=0.91, t0=0.38, t1=0.54",1,0.9999999999999403,True
Strata,"a=0.91, t0=0.38, t1=0.54","a=0.92, t0=0.38, t1=0.54",1,0.9988313135005652,False
Strata,"a=0.91, t0=0.38, t1=0.54","a=0.93, t0=0.38, t1=0.54",1,0.994797312687676,False
Strata,"a=0.91, t0=0.38, t1=0.54","a=0.94, t0=0.38, t1=0.54",1,0.9867599019162894,False
Strata,"a=0.91, t0=0.38, t1=0.54","a=0.95, t0=0.38, t1=0.54",1,0.9728371188048348,False
Strata,"a=0.91, t0=0.38, t1=0.54","a=0.96, t0=0.38, t1=0.54",1,0.9497535593738594,False
Strata,"a=0.91, t0=0.38, t1=0.54","a=0.97, t0=0.38, t1=0.54",1,0.9113982278728715,False
Strata,"a=0.91, t0=0.38, t1=0.54","a=0.98, t0=0.38, t1=0.54",1,0.845044834241437,False
Strata,"a=0.91, t0=0.38, t1=0.54","a=0.99, t0=0.38, t1=0.54",1,0.7175714256705497,False
Strata,"a=0.91, t0=0.38, t1=0.54","a=0.9, t0=0.38, t1=0.54",2,0.9991167911532177,False
Strata,"a=0.91, t0=0.38, t1=0.54","a=0.91, t0=0.38, t1=0.54",2,0.9999999999999349,True
Strata,"a=0.91, t0=0.38, t1=0.54","a=0.92, t0=0.38, t1=0.54",2,0.9989561822000607,False
Strata,"a=0.91, t0=0.38, t1=0.54","a=0.93, t0=0.38, t1=0.54",2,0.9953769663041296,False
Strata,"a=0.91, t0=0.38, t1=0.54","a=0.94, t0=0.38, t1=0.54",2,0.9882961979153623,False
Strata,"a=0.91, t0=0.38, t1=0.54","a=0.95, t0=0.38, t1=0.54",2,0.9761101177834706,False
Strata,"a=0.91, t0=0.38, t1=0.54","a=0.96, t0=0.38, t1=0.54",2,0.9560000923232569,False
Strata,"a=0.91, t0=0.38, t1=0.54","a=0.97, t0=0.38, t1=0.54",2,0.9226352149748147,False
Strata,"a=0.91, t0=0.38, t1=0.54","a=0.98, t0=0.38, t1=0.54",2,0.8649900083466757,False
Strata,"a=0.91, t0=0.38, t1=0.54","a=0.99, t0=0.38, t1=0.54",2,0.7561791906820302,False
Strata,"a=0.91, t0=0.38, t1=0.54","a=0.9, t0=0.38, t1=0.54",3,0.9990681533025569,False
Strata,"a=0.91, t0=0.38, t1=0.54","a=0.91, t0=0.38, t1=0.54",3,0.9999999999997334,True
Strata,"a=0.91, t0=0.38, t1=0.54","a=0.92, t0=0.38, t1=0.54",3,0.9988883661148119,False
Strata,"a=0.91, t0=0.38, t1=0.54","a=0.93, t0=0.38, t1=0.54",3,0.995052727973085,False
Strata,"a=0.91, t0=0.38, t1=0.54","a=0.94, t0=0.38, t1=0.54",3,0.9874196282620519,False
Strata,"a=0.91, t0=0.38, t1=0.54","a=0.95, t0=0.38, t1=0.54",3,0.9742364771245796,False
Strata,"a=0.91, t0=0.38, t1=0.54","a=0.96, t0=0.38, t1=0.54",3,0.952495268743855,False
Strata,"a=0.91, t0=0.38, t1=0.54","a=0.97, t0=0.38, t1=0.54",3,0.9165718574955559,False
Strata,"a=0.91, t0=0.38, t1=0.54","a=0.98, t0=0.38, t1=0.54",3,0.8542680018981161,False
Strata,"a=0.91, t0=0.38, t1=0.54","a=0.99, t0=0.38, t1=0.54",3,0.7320401004363356,False
Strata,"a=0.91, t0=0.38, t1=0.54","a=0.9, t0=0.38, t1=0.54",4,0.9991083571687028,False
Strata,"a=0.91, t0=0.38, t1=0.54","a=0.91, t0=0.38, t1=0.54",4,0.9999999999999456,True
Strata,"a=0.91, t0=0.38, t1=0.54","a=0.92, t0=0.38, t1=0.54",4,0.9989408369319128,False
Strata,"a=0.91, t0=0.38, t1=0.54","a=0.93, t0=0.38, t1=0.54",4,0.9953019899184519,False
Strata,"a=0.91, t0=0.38, t1=0.54","a=0.94, t0=0.38, t1=0.54",4,0.98810563452961,False
Strata,"a=0.91, t0=0.38, t1=0.54","a=0.95, t0=0.38, t1=0.54",4,0.9757753693125184,False
Strata,"a=0.91, t0=0.38, t1=0.54","a=0.96, t0=0.38, t1=0.54",4,0.9556323318923232,False
Strata,"a=0.91, t0=0.38, t1=0.54","a=0.97, t0=0.38, t1=0.54",4,0.9227031423531022,False
Strata,"a=0.91, t0=0.38, t1=0.54","a=0.98, t0=0.38, t1=0.54",4,0.8661259126710551,False
Strata,"a=0.91, t0=0.38, t1=0.54","a=0.99, t0=0.38, t1=0.54",4,0.7537348519318376,False
Strata,"a=0.91, t0=0.38, t1=0.54","a=0.9, t0=0.38, t1=0.54",5,0.999007907631907,False
Strata,"a=0.91, t0=0.38, t1=0.54","a=0.91, t0=0.38, t1=0.54",5,0.9999999999999639,True
Strata,"a=0.91, t0=0.38, t1=0.54","a=0.92, t0=0.38, t1=0.54",5,0.9988197892443023,False
Strata,"a=0.91, t0=0.38, t1=0.54","a=0.93, t0=0.38, t1=0.54",5,0.9947542746873845,False
Strata,"a=0.91, t0=0.38, t1=0.54","a=0.94, t0=0.38, t1=0.54",5,0.9866691712643548,False
Strata,"a=0.91, t0=0.38, t1=0.54","a=0.95, t0=0.38, t1=0.54",5,0.9726792271588555,False
Strata,"a=0.91, t0=0.38, t1=0.54","a=0.96, t0=0.38, t1=0.54",5,0.9494747008838423,False
Strata,"a=0.91, t0=0.38, t1=0.54","a=0.97, t0=0.38, t1=0.54",5,0.9108094783425592,False
Strata,"a=0.91, t0=0.38, t1=0.54","a=0.98, t0=0.38, t1=0.54",5,0.8437329802132286,False
Strata,"a=0.91, t0=0.38, t1=0.54","a=0.99, t0=0.38, t1=0.54",5,0.7174243280359611,False
Strata,"a=0.91, t0=0.38, t1=0.54","a=0.9, t0=0.38, t1=0.54",6,0.9990320494826201,False
Strata,"a=0.91, t0=0.38, t1=0.54","a=0.91, t0=0.38, t1=0.54",6,0.9999999999999399,True
Strata,"a=0.91, t0=0.38, t1=0.54","a=0.92, t0=0.38, t1=0.54",6,0.9988573691711683,False
Strata,"a=0.91, t0=0.38, t1=0.54","a=0.93, t0=0.38, t1=0.54",6,0.99494751705819,False
Strata,"a=0.91, t0=0.38, t1=0.54","a=0.94, t0=0.38, t1=0.54",6,0.9872406462493771,False
Strata,"a=0.91, t0=0.38, t1=0.54","a=0.95, t0=0.38, t1=0.54",6,0.9740449288374255,False
Strata,"a=0.91, t0=0.38, t1=0.54","a=0.96, t0=0.38, t1=0.54",6,0.9524023557397049,False
Strata,"a=0.91, t0=0.38, t1=0.54","a=0.97, t0=0.38, t1=0.54",6,0.9166616599343363,False
Strata,"a=0.91, t0=0.38, t1=0.54","a=0.98, t0=0.38, t1=0.54",6,0.8546086322780126,False
Strata,"a=0.91, t0=0.38, t1=0.54","a=0.99, t0=0.38, t1=0.54",6,0.7341370318790683,False
Strata,"a=0.91, t0=0.38, t1=0.54","a=0.9, t0=0.38, t1=0.54",7,0.9990514618982042,False
Strata,"a=0.91, t0=0.38, t1=0.54","a=0.91, t0=0.38, t1=0.54",7,0.9999999999997886,True
Strata,"a=0.91, t0=0.38, t1=0.54","a=0.92, t0=0.38, t1=0.54",7,0.9988665477707314,False
Strata,"a=0.91, t0=0.38, t1=0.54","a=0.93, t0=0.38, t1=0.54",7,0.9949480304565029,False
Strata,"a=0.91, t0=0.38, t1=0.54","a=0.94, t0=0.38, t1=0.54",7,0.9871201756076283,False
Strata,"a=0.91, t0=0.38, t1=0.54","a=0.95, t0=0.38, t1=0.54",7,0.9735066633232727,False
Strata,"a=0.91, t0=0.38, t1=0.54","a=0.96, t0=0.38, t1=0.54",7,0.9508085957575413,False
Strata,"a=0.91, t0=0.38, t1=0.54","a=0.97, t0=0.38, t1=0.54",7,0.9128461792774477,False
Strata,"a=0.91, t0=0.38, t1=0.54","a=0.98, t0=0.38, t1=0.54",7,0.847153501786504,False
Strata,"a=0.91, t0=0.38, t1=0.54","a=0.99, t0=0.38, t1=0.54",7,0.723505329848088,False
Strata,"a=0.91, t0=0.38, t1=0.54","a=0.9, t0=0.38, t1=0.54",8,0.9990164956472013,False
Strata,"a=0.91, t0=0.38, t1=0.54","a=0.91, t0=0.38, t1=0.54",8,0.9999999999999667,True
Strata,"a=0.91, t0=0.38, t1=0.54","a=0.92, t0=0.38, t1=0.54",8,0.9988354641489663,False
Strata,"a=0.91, t0=0.38, t1=0.54","a=0.93, t0=0.38, t1=0.54",8,0.994842483354092,False
Strata,"a=0.91, t0=0.38, t1=0.54","a=0.94, t0=0.38, t1=0.54",8,0.9869530795870525,False
Strata,"a=0.91, t0=0.38, t1=0.54","a=0.95, t0=0.38, t1=0.54",8,0.9734088115594373,False
Strata,"a=0.91, t0=0.38, t1=0.54","a=0.96, t0=0.38, t1=0.54",8,0.951130988462717,False
Strata,"a=0.91, t0=0.38, t1=0.54","a=0.97, t0=0.38, t1=0.54",8,0.9142502170482046,False
Strata,"a=0.91, t0=0.38, t1=0.54","a=0.98, t0=0.38, t1=0.54",8,0.8500723925940868,False
Strata,"a=0.91, t0=0.38, t1=0.54","a=0.99, t0=0.38, t1=0.54",8,0.7260186817561419,False
Strata,"a=0.91, t0=0.38, t1=0.54","a=0.9, t0=0.38, t1=0.54",9,0.9991446569629218,False
Strata,"a=0.91, t0=0.38, t1=0.54","a=0.91, t0=0.38, t1=0.54",9,0.9999999999999539,True
Strata,"a=0.91, t0=0.38, t1=0.54","a=0.92, t0=0.38, t1=0.54",9,0.9989877028834808,False
Strata,"a=0.91, t0=0.38, t1=0.54","a=0.93, t0=0.38, t1=0.54",9,0.9955129702368761,False
Strata,"a=0.91, t0=0.38, t1=0.54","a=0.94, t0=0.38, t1=0.54",9,0.9886311098918277,False
Strata,"a=0.91, t0=0.38, t1=0.54","a=0.95, t0=0.38, t1=0.54",9,0.9767770195418243,False
Strata,"a=0.91, t0=0.38, t1=0.54","a=0.96, t0=0.38, t1=0.54",9,0.9572107544353166,False
Strata,"a=0.91, t0=0.38, t1=0.54","a=0.97, t0=0.38, t1=0.54",9,0.9247315806248257,False
Strata,"a=0.91, t0=0.38, t1=0.54","a=0.98, t0=0.38, t1=0.54",9,0.8680883896933373,False
Strata,"a=0.91, t0=0.38, t1=0.54","a=0.99, t0=0.38, t1=0.54",9,0.7562922298883623,False
Strata,"a=0.92, t0=0.38, t1=0.54","a=0.9, t0=0.38, t1=0.54",0,0.995957728461992,False
Strata,"a=0.92, t0=0.38, t1=0.54","a=0.91, t0=0.38, t1=0.54",0,0.9988999052067312,False
Strata,"a=0.92, t0=0.38, t1=0.54","a=0.92, t0=0.38, t1=0.54",0,0.9999999999999649,True
Strata,"a=0.92, t0=0.38, t1=0.54","a=0.93, t0=0.38, t1=0.54",0,0.9986502900256133,False
Strata,"a=0.92, t0=0.38, t1=0.54","a=0.94, t0=0.38, t1=0.54",0,0.993883951520415,False
Strata,"a=0.92, t0=0.38, t1=0.54","a=0.95, t0=0.38, t1=0.54",0,0.9841007704479617,False
Strata,"a=0.92, t0=0.38, t1=0.54","a=0.96, t0=0.38, t1=0.54",0,0.9665266248260143,False
Strata,"a=0.92, t0=0.38, t1=0.54","a=0.97, t0=0.38, t1=0.54",0,0.9360596337678415,False
Strata,"a=0.92, t0=0.38, t1=0.54","a=0.98, t0=0.38, t1=0.54",0,0.8822818991252108,False
Strata,"a=0.92, t0=0.38, t1=0.54","a=0.99, t0=0.38, t1=0.54",0,0.7769923907094388,False
Strata,"a=0.92, t0=0.38, t1=0.54","a=0.9, t0=0.38, t1=0.54",1,0.9958199030418139,False
Strata,"a=0.92, t0=0.38, t1=0.54","a=0.91, t0=0.38, t1=0.54",1,0.9988590391814923,False
Strata,"a=0.92, t0=0.38, t1=0.54","a=0.92, t0=0.38, t1=0.54",1,0.9999999999999456,True
Strata,"a=0.92, t0=0.38, t1=0.54","a=0.93, t0=0.38, t1=0.54",1,0.9985871891090244,False
Strata,"a=0.92, t0=0.38, t1=0.54","a=0.94, t0=0.38, t1=0.54",1,0.9935530084156481,False
Strata,"a=0.92, t0=0.38, t1=0.54","a=0.95, t0=0.38, t1=0.54",1,0.9830839587039114,False
Strata,"a=0.92, t0=0.38, t1=0.54","a=0.96, t0=0.38, t1=0.54",1,0.9639347443495205,False
Strata,"a=0.92, t0=0.38, t1=0.54","a=0.97, t0=0.38, t1=0.54",1,0.9298486030998866,False
Strata,"a=0.92, t0=0.38, t1=0.54","a=0.98, t0=0.38, t1=0.54",1,0.8671806275187192,False
Strata,"a=0.92, t0=0.38, t1=0.54","a=0.99, t0=0.38, t1=0.54",1,0.739998601150496,False
Strata,"a=0.92, t0=0.38, t1=0.54","a=0.9, t0=0.38, t1=0.54",2,0.9963489583955855,False
Strata,"a=0.92, t0=0.38, t1=0.54","a=0.91, t0=0.38, t1=0.54",2,0.9990068633523134,False
Strata,"a=0.92, t0=0.38, t1=0.54","a=0.92, t0=0.38, t1=0.54",2,0.9999999999998448,True
Strata,"a=0.92, t0=0.38, t1=0.54","a=0.93, t0=0.38, t1=0.54",2,0.9987800742319332,False
Strata,"a=0.92, t0=0.38, t1=0.54","a=0.94, t0=0.38, t1=0.54",2,0.9944610581034655,False
Strata,"a=0.92, t0=0.38, t1=0.54","a=0.95, t0=0.38, t1=0.54",2,0.9855539384310907,False
Strata,"a=0.92, t0=0.38, t1=0.54","a=0.96, t0=0.38, t1=0.54",2,0.9694311485774777,False
Strata,"a=0.92, t0=0.38, t1=0.54","a=0.97, t0=0.38, t1=0.54",2,0.9411519537210205,False
Strata,"a=0.92, t0=0.38, t1=0.54","a=0.98, t0=0.38, t1=0.54",2,0.8904594266360241,False
Strata,"a=0.92, t0=0.38, t1=0.54","a=0.99, t0=0.38, t1=0.54",2,0.7898400624502534,False
Strata,"a=0.92, t0=0.38, t1=0.54","a=0.9, t0=0.38, t1=0.54",3,0.9960602139507101,False
Strata,"a=0.92, t0=0.38, t1=0.54","a=0.91, t0=0.38, t1=0.54",3,0.9989268545915488,False
Strata,"a=0.92, t0=0.38, t1=0.54","a=0.92, t0=0.38, t1=0.54",3,0.9999999999999502,True
Strata,"a=0.92, t0=0.38, t1=0.54","a=0.93, t0=0.38, t1=0.54",3,0.9986795830964071,False
Strata,"a=0.92, t0=0.38, t1=0.54","a=0.94, t0=0.38, t1=0.54",3,0.9940065053880579,False
Strata,"a=0.92, t0=0.38, t1=0.54","a=0.95, t0=0.38, t1=0.54",3,0.9843967619365745,False
Strata,"a=0.92, t0=0.38, t1=0.54","a=0.96, t0=0.38, t1=0.54",3,0.9671192186364015,False
Strata,"a=0.92, t0=0.38, t1=0.54","a=0.97, t0=0.38, t1=0.54",3,0.9370989871072616,False
Strata,"a=0.92, t0=0.38, t1=0.54","a=0.98, t0=0.38, t1=0.54",3,0.8832975581837548,False
Strata,"a=0.92, t0=0.38, t1=0.54","a=0.99, t0=0.38, t1=0.54",3,0.772939716414939,False
Strata,"a=0.92, t0=0.38, t1=0.54","a=0.9, t0=0.38, t1=0.54",4,0.9960251992273261,False
Strata,"a=0.92, t0=0.38, t1=0.54","a=0.91, t0=0.38, t1=0.54",4,0.9989155068342342,False
Strata,"a=0.92, t0=0.38, t1=0.54","a=0.92, t0=0.38, t1=0.54",4,0.9999999999999388,True
Strata,"a=0.92, t0=0.38, t1=0.54","a=0.93, t0=0.38, t1=0.54",4,0.998662139065605,False
Strata,"a=0.92, t0=0.38, t1=0.54","a=0.94, t0=0.38, t1=0.54",4,0.9939217665912063,False
Strata,"a=0.92, t0=0.38, t1=0.54","a=0.95, t0=0.38, t1=0.54",4,0.9841601451061717,False
Strata,"a=0.92, t0=0.38, t1=0.54","a=0.96, t0=0.38, t1=0.54",4,0.9665570793230505,False
Strata,"a=0.92, t0=0.38, t1=0.54","a=0.97, t0=0.38, t1=0.54",4,0.9357766418034875,False
Strata,"a=0.92, t0=0.38, t1=0.54","a=0.98, t0=0.38, t1=0.54",4,0.8801327755641151,False
Strata,"a=0.92, t0=0.38, t1=0.54","a=0.99, t0=0.38, t1=0.54",4,0.7656058447990546,False
Strata,"a=0.92, t0=0.38, t1=0.54","a=0.9, t0=0.38, t1=0.54",5,0.9957215853881377,False
Strata,"a=0.92, t0=0.38, t1=0.54","a=0.91, t0=0.38, t1=0.54",5,0.998830587759092,False
Strata,"a=0.92, t0=0.38, t1=0.54","a=0.92, t0=0.38, t1=0.54",5,0.9999999999998549,True
Strata,"a=0.92, t0=0.38, t1=0.54","a=0.93, t0=0.38, t1=0.54",5,0.9985479486778094,False
Strata,"a=0.92, t0=0.38, t1=0.54","a=0.94, t0=0.38, t1=0.54",5,0.9933678976418786,False
Strata,"a=0.92, t0=0.38, t1=0.54","a=0.95, t0=0.38, t1=0.54",5,0.9825989786407221,False
Strata,"a=0.92, t0=0.38, t1=0.54","a=0.96, t0=0.38, t1=0.54",5,0.9629764702396191,False
Strata,"a=0.92, t0=0.38, t1=0.54","a=0.97, t0=0.38, t1=0.54",5,0.9284243632007714,False
Strata,"a=0.92, t0=0.38, t1=0.54","a=0.98, t0=0.38, t1=0.54",5,0.8663185088640852,False
Strata,"a=0.92, t0=0.38, t1=0.54","a=0.99, t0=0.38, t1=0.54",5,0.7428397369571775,False
Strata,"a=0.92, t0=0.38, t1=0.54","a=0.9, t0=0.38, t1=0.54",6,0.9961629311453171,False
Strata,"a=0.92, t0=0.38, t1=0.54","a=0.91, t0=0.38, t1=0.54",6,0.9989602278097266,False
Strata,"a=0.92, t0=0.38, t1=0.54","a=0.92, t0=0.38, t1=0.54",6,0.9999999999999407,True
Strata,"a=0.92, t0=0.38, t1=0.54","a=0.93, t0=0.38, t1=0.54",6,0.9987347174877581,False
Strata,"a=0.92, t0=0.38, t1=0.54","a=0.94, t0=0.38, t1=0.54",6,0.994285797299502,False
Strata,"a=0.92, t0=0.38, t1=0.54","a=0.95, t0=0.38, t1=0.54",6,0.9851767914640193,False
Strata,"a=0.92, t0=0.38, t1=0.54","a=0.96, t0=0.38, t1=0.54",6,0.9687767096768756,False
Strata,"a=0.92, t0=0.38, t1=0.54","a=0.97, t0=0.38, t1=0.54",6,0.9399921080197732,False
Strata,"a=0.92, t0=0.38, t1=0.54","a=0.98, t0=0.38, t1=0.54",6,0.8874914834561787,False
Strata,"a=0.92, t0=0.38, t1=0.54","a=0.99, t0=0.38, t1=0.54",6,0.778992382477215,False
Strata,"a=0.92, t0=0.38, t1=0.54","a=0.9, t0=0.38, t1=0.54",7,0.9960122453789569,False
Strata,"a=0.92, t0=0.38, t1=0.54","a=0.91, t0=0.38, t1=0.54",7,0.9989137556558279,False
Strata,"a=0.92, t0=0.38, t1=0.54","a=0.92, t0=0.38, t1=0.54",7,0.9999999999999454,True
Strata,"a=0.92, t0=0.38, t1=0.54","a=0.93, t0=0.38, t1=0.54",7,0.9986613100191352,False
Strata,"a=0.92, t0=0.38, t1=0.54","a=0.94, t0=0.38, t1=0.54",7,0.9939059575590261,False
Strata,"a=0.92, t0=0.38, t1=0.54","a=0.95, t0=0.38, t1=0.54",7,0.9840412133440825,False
Strata,"a=0.92, t0=0.38, t1=0.54","a=0.96, t0=0.38, t1=0.54",7,0.9660079248348596,False
Strata,"a=0.92, t0=0.38, t1=0.54","a=0.97, t0=0.38, t1=0.54",7,0.9338939895314349,False
Strata,"a=0.92, t0=0.38, t1=0.54","a=0.98, t0=0.38, t1=0.54",7,0.875370856945361,False
Strata,"a=0.92, t0=0.38, t1=0.54","a=0.99, t0=0.38, t1=0.54",7,0.7601283364005214,False
Strata,"a=0.92, t0=0.38, t1=0.54","a=0.9, t0=0.38, t1=0.54",8,0.9958528712314144,False
Strata,"a=0.92, t0=0.38, t1=0.54","a=0.91, t0=0.38, t1=0.54",8,0.9988708406765011,False
Strata,"a=0.92, t0=0.38, t1=0.54","a=0.92, t0=0.38, t1=0.54",8,0.9999999999999512,True
Strata,"a=0.92, t0=0.38, t1=0.54","a=0.93, t0=0.38, t1=0.54",8,0.99861153917359,False
Strata,"a=0.92, t0=0.38, t1=0.54","a=0.94, t0=0.38, t1=0.54",8,0.9936919149565191,False
Strata,"a=0.92, t0=0.38, t1=0.54","a=0.95, t0=0.38, t1=0.54",8,0.9835239946511392,False
Strata,"a=0.92, t0=0.38, t1=0.54","a=0.96, t0=0.38, t1=0.54",8,0.9650168866873081,False
Strata,"a=0.92, t0=0.38, t1=0.54","a=0.97, t0=0.38, t1=0.54",8,0.9321418575877194,False
Strata,"a=0.92, t0=0.38, t1=0.54","a=0.98, t0=0.38, t1=0.54",8,0.8715536792334578,False
Strata,"a=0.92, t0=0.38, t1=0.54","a=0.99, t0=0.38, t1=0.54",8,0.7467210944748335,False
Strata,"a=0.92, t0=0.38, t1=0.54","a=0.9, t0=0.38, t1=0.54",9,0.9963112338374529,False
Strata,"a=0.92, t0=0.38, t1=0.54","a=0.91, t0=0.38, t1=0.54",9,0.998996941862182,False
Strata,"a=0.92, t0=0.38, t1=0.54","a=0.92, t0=0.38, t1=0.54",9,0.9999999999999404,True
Strata,"a=0.92, t0=0.38, t1=0.54","a=0.93, t0=0.38, t1=0.54",9,0.9987689710738955,False
Strata,"a=0.92, t0=0.38, t1=0.54","a=0.94, t0=0.38, t1=0.54",9,0.9944111643802499,False
Strata,"a=0.92, t0=0.38, t1=0.54","a=0.95, t0=0.38, t1=0.54",9,0.9854105072427579,False
Strata,"a=0.92, t0=0.38, t1=0.54","a=0.96, t0=0.38, t1=0.54",9,0.9690261028377396,False
Strata,"a=0.92, t0=0.38, t1=0.54","a=0.97, t0=0.38, t1=0.54",9,0.9398911624810373,False
Strata,"a=0.92, t0=0.38, t1=0.54","a=0.98, t0=0.38, t1=0.54",9,0.8864932566461446,False
Strata,"a=0.92, t0=0.38, t1=0.54","a=0.99, t0=0.38, t1=0.54",9,0.7798062611563166,False
Strata,"a=0.93, t0=0.38, t1=0.54","a=0.9, t0=0.38, t1=0.54",0,0.9898826519594982,False
Strata,"a=0.93, t0=0.38, t1=0.54","a=0.91, t0=0.38, t1=0.54",0,0.9950782509856599,False
Strata,"a=0.93, t0=0.38, t1=0.54","a=0.92, t0=0.38, t1=0.54",0,0.9986379911897382,False
Strata,"a=0.93, t0=0.38, t1=0.54","a=0.93, t0=0.38, t1=0.54",0,0.999999999999964,True
Strata,"a=0.93, t0=0.38, t1=0.54","a=0.94, t0=0.38, t1=0.54",0,0.9982577515226208,False
Strata,"a=0.93, t0=0.38, t1=0.54","a=0.95, t0=0.38, t1=0.54",0,0.991896342046363,False
Strata,"a=0.93, t0=0.38, t1=0.54","a=0.96, t0=0.38, t1=0.54",0,0.978276406431427,False
Strata,"a=0.93, t0=0.38, t1=0.54","a=0.97, t0=0.38, t1=0.54",0,0.9525273836108291,False
Strata,"a=0.93, t0=0.38, t1=0.54","a=0.98, t0=0.38, t1=0.54",0,0.9045909096134224,False
Strata,"a=0.93, t0=0.38, t1=0.54","a=0.99, t0=0.38, t1=0.54",0,0.8054736121146627,False
Strata,"a=0.93, t0=0.38, t1=0.54","a=0.9, t0=0.38, t1=0.54",1,0.9897856130429745,False
Strata,"a=0.93, t0=0.38, t1=0.54","a=0.91, t0=0.38, t1=0.54",1,0.9950231857466039,False
Strata,"a=0.93, t0=0.38, t1=0.54","a=0.92, t0=0.38, t1=0.54",1,0.9986193934014509,False
Strata,"a=0.93, t0=0.38, t1=0.54","a=0.93, t0=0.38, t1=0.54",1,0.9999999999999791,True
Strata,"a=0.93, t0=0.38, t1=0.54","a=0.94, t0=0.38, t1=0.54",1,0.998216212311905,False
Strata,"a=0.93, t0=0.38, t1=0.54","a=0.95, t0=0.38, t1=0.54",1,0.9916207678149475,False
Strata,"a=0.93, t0=0.38, t1=0.54","a=0.96, t0=0.38, t1=0.54",1,0.9771720885420008,False
Strata,"a=0.93, t0=0.38, t1=0.54","a=0.97, t0=0.38, t1=0.54",1,0.9487449119445269,False
Strata,"a=0.93, t0=0.38, t1=0.54","a=0.98, t0=0.38, t1=0.54",1,0.8923310566771733,False
Strata,"a=0.93, t0=0.38, t1=0.54","a=0.99, t0=0.38, t1=0.54",1,0.7705696043131199,False
Strata,"a=0.93, t0=0.38, t1=0.54","a=0.9, t0=0.38, t1=0.54",2,0.9913877705681147,False
Strata,"a=0.93, t0=0.38, t1=0.54","a=0.91, t0=0.38, t1=0.54",2,0.9958188377457032,False
Strata,"a=0.93, t0=0.38, t1=0.54","a=0.92, t0=0.38, t1=0.54",2,0.9988446614492095,False
Strata,"a=0.93, t0=0.38, t1=0.54","a=0.93, t0=0.38, t1=0.54",2,0.9999999999998855,True
Strata,"a=0.93, t0=0.38, t1=0.54","a=0.94, t0=0.38, t1=0.54",2,0.9985225916803974,False
Strata,"a=0.93, t0=0.38, t1=0.54","a=0.95, t0=0.38, t1=0.54",2,0.9931116864582238,False
Strata,"a=0.93, t0=0.38, t1=0.54","a=0.96, t0=0.38, t1=0.54",2,0.9814250203758895,False
Strata,"a=0.93, t0=0.38, t1=0.54","a=0.97, t0=0.38, t1=0.54",2,0.9589090299069365,False
Strata,"a=0.93, t0=0.38, t1=0.54","a=0.98, t0=0.38, t1=0.54",2,0.9154551536686041,False
Strata,"a=0.93, t0=0.38, t1=0.54","a=0.99, t0=0.38, t1=0.54",2,0.8209047410805992,False
Strata,"a=0.93, t0=0.38, t1=0.54","a=0.9, t0=0.38, t1=0.54",3,0.9907422210928931,False
Strata,"a=0.93, t0=0.38, t1=0.54","a=0.91, t0=0.38, t1=0.54",3,0.9954952668362284,False
Strata,"a=0.93, t0=0.38, t1=0.54","a=0.92, t0=0.38, t1=0.54",3,0.9987521190432473,False
Strata,"a=0.93, t0=0.38, t1=0.54","a=0.93, t0=0.38, t1=0.54",3,0.9999999999998311,True
Strata,"a=0.93, t0=0.38, t1=0.54","a=0.94, t0=0.38, t1=0.54",3,0.998396407676123,False
Strata,"a=0.93, t0=0.38, t1=0.54","a=0.95, t0=0.38, t1=0.54",3,0.9925143180310418,False
Strata,"a=0.93, t0=0.38, t1=0.54","a=0.96, t0=0.38, t1=0.54",3,0.9798384869712261,False
Strata,"a=0.93, t0=0.38, t1=0.54","a=0.97, t0=0.38, t1=0.54",3,0.9556292326716035,False
Strata,"a=0.93, t0=0.38, t1=0.54","a=0.98, t0=0.38, t1=0.54",3,0.9094463367906687,False
Strata,"a=0.93, t0=0.38, t1=0.54","a=0.99, t0=0.38, t1=0.54",3,0.8085182651857756,False
Strata,"a=0.93, t0=0.38, t1=0.54","a=0.9, t0=0.38, t1=0.54",4,0.9903531215905302,False
Strata,"a=0.93, t0=0.38, t1=0.54","a=0.91, t0=0.38, t1=0.54",4,0.995292189212145,False
Strata,"a=0.93, t0=0.38, t1=0.54","a=0.92, t0=0.38, t1=0.54",4,0.9986922543921349,False
Strata,"a=0.93, t0=0.38, t1=0.54","a=0.93, t0=0.38, t1=0.54",4,0.9999999999999706,True
Strata,"a=0.93, t0=0.38, t1=0.54","a=0.94, t0=0.38, t1=0.54",4,0.9983097645185298,False
Strata,"a=0.93, t0=0.38, t1=0.54","a=0.95, t0=0.38, t1=0.54",4,0.9920782270345625,False
Strata,"a=0.93, t0=0.38, t1=0.54","a=0.96, t0=0.38, t1=0.54",4,0.9785341580590637,False
Strata,"a=0.93, t0=0.38, t1=0.54","a=0.97, t0=0.38, t1=0.54",4,0.9523152903330044,False
Strata,"a=0.93, t0=0.38, t1=0.54","a=0.98, t0=0.38, t1=0.54",4,0.9015408817344105,False
Strata,"a=0.93, t0=0.38, t1=0.54","a=0.99, t0=0.38, t1=0.54",4,0.7912110800675821,False
Strata,"a=0.93, t0=0.38, t1=0.54","a=0.9, t0=0.38, t1=0.54",5,0.9906035551835487,False
Strata,"a=0.93, t0=0.38, t1=0.54","a=0.91, t0=0.38, t1=0.54",5,0.9954340937766687,False
Strata,"a=0.93, t0=0.38, t1=0.54","a=0.92, t0=0.38, t1=0.54",5,0.9987371244234089,False
Strata,"a=0.93, t0=0.38, t1=0.54","a=0.93, t0=0.38, t1=0.54",5,0.9999999999999161,True
Strata,"a=0.93, t0=0.38, t1=0.54","a=0.94, t0=0.38, t1=0.54",5,0.9983818448732376,False
Strata,"a=0.93, t0=0.38, t1=0.54","a=0.95, t0=0.38, t1=0.54",5,0.9924531961270234,False
Strata,"a=0.93, t0=0.38, t1=0.54","a=0.96, t0=0.38, t1=0.54",5,0.9796812636287001,False
Strata,"a=0.93, t0=0.38, t1=0.54","a=0.97, t0=0.38, t1=0.54",5,0.9552897503647538,False
Strata,"a=0.93, t0=0.38, t1=0.54","a=0.98, t0=0.38, t1=0.54",5,0.9089736947052822,False
Strata,"a=0.93, t0=0.38, t1=0.54","a=0.99, t0=0.38, t1=0.54",5,0.8102036755111983,False
Strata,"a=0.93, t0=0.38, t1=0.54","a=0.9, t0=0.38, t1=0.54",6,0.9911291168357246,False
Strata,"a=0.93, t0=0.38, t1=0.54","a=0.91, t0=0.38, t1=0.54",6,0.9957067872082067,False
Strata,"a=0.93, t0=0.38, t1=0.54","a=0.92, t0=0.38, t1=0.54",6,0.998817546079928,False
Strata,"a=0.93, t0=0.38, t1=0.54","a=0.93, t0=0.38, t1=0.54",6,0.999999999999893,True
Strata,"a=0.93, t0=0.38, t1=0.54","a=0.94, t0=0.38, t1=0.54",6,0.9984967311786044,False
Strata,"a=0.93, t0=0.38, t1=0.54","a=0.95, t0=0.38, t1=0.54",6,0.9930050484476347,False
Strata,"a=0.93, t0=0.38, t1=0.54","a=0.96, t0=0.38, t1=0.54",6,0.9811570239065203,False
Strata,"a=0.93, t0=0.38, t1=0.54","a=0.97, t0=0.38, t1=0.54",6,0.9583122023574605,False
Strata,"a=0.93, t0=0.38, t1=0.54","a=0.98, t0=0.38, t1=0.54",6,0.9141163126849647,False
Strata,"a=0.93, t0=0.38, t1=0.54","a=0.99, t0=0.38, t1=0.54",6,0.8188764055304432,False
Strata,"a=0.93, t0=0.38, t1=0.54","a=0.9, t0=0.38, t1=0.54",7,0.9903178792545911,False
Strata,"a=0.93, t0=0.38, t1=0.54","a=0.91, t0=0.38, t1=0.54",7,0.9952873119697149,False
Strata,"a=0.93, t0=0.38, t1=0.54","a=0.92, t0=0.38, t1=0.54",7,0.9986949982533472,False
Strata,"a=0.93, t0=0.38, t1=0.54","a=0.93, t0=0.38, t1=0.54",7,0.9999999999999325,True
Strata,"a=0.93, t0=0.38, t1=0.54","a=0.94, t0=0.38, t1=0.54",7,0.9983274005128605,False
Strata,"a=0.93, t0=0.38, t1=0.54","a=0.95, t0=0.38, t1=0.54",7,0.9922033439319682,False
Strata,"a=0.93, t0=0.38, t1=0.54","a=0.96, t0=0.38, t1=0.54",7,0.9789936598337204,False
Strata,"a=0.93, t0=0.38, t1=0.54","a=0.97, t0=0.38, t1=0.54",7,0.9535229759207657,False
Strata,"a=0.93, t0=0.38, t1=0.54","a=0.98, t0=0.38, t1=0.54",7,0.9040126643853232,False
Strata,"a=0.93, t0=0.38, t1=0.54","a=0.99, t0=0.38, t1=0.54",7,0.796030802639875,False
Strata,"a=0.93, t0=0.38, t1=0.54","a=0.9, t0=0.38, t1=0.54",8,0.9902939754061938,False
Strata,"a=0.93, t0=0.38, t1=0.54","a=0.91, t0=0.38, t1=0.54",8,0.995294865760847,False
Strata,"a=0.93, t0=0.38, t1=0.54","a=0.92, t0=0.38, t1=0.54",8,0.9987023152062389,False
Strata,"a=0.93, t0=0.38, t1=0.54","a=0.93, t0=0.38, t1=0.54",8,0.9999999999999192,True
Strata,"a=0.93, t0=0.38, t1=0.54","a=0.94, t0=0.38, t1=0.54",8,0.9983468218486388,False
Strata,"a=0.93, t0=0.38, t1=0.54","a=0.95, t0=0.38, t1=0.54",8,0.9922990848659852,False
Strata,"a=0.93, t0=0.38, t1=0.54","a=0.96, t0=0.38, t1=0.54",8,0.9792149502292072,False
Strata,"a=0.93, t0=0.38, t1=0.54","a=0.97, t0=0.38, t1=0.54",8,0.9538136412527649,False
Strata,"a=0.93, t0=0.38, t1=0.54","a=0.98, t0=0.38, t1=0.54",8,0.9039082321565354,False
Strata,"a=0.93, t0=0.38, t1=0.54","a=0.99, t0=0.38, t1=0.54",8,0.7944753070585772,False
Strata,"a=0.93, t0=0.38, t1=0.54","a=0.9, t0=0.38, t1=0.54",9,0.9911894448277052,False
Strata,"a=0.93, t0=0.38, t1=0.54","a=0.91, t0=0.38, t1=0.54",9,0.9957187335481006,False
Strata,"a=0.93, t0=0.38, t1=0.54","a=0.92, t0=0.38, t1=0.54",9,0.9988158600331016,False
Strata,"a=0.93, t0=0.38, t1=0.54","a=0.93, t0=0.38, t1=0.54",9,0.9999999999998909,True
Strata,"a=0.93, t0=0.38, t1=0.54","a=0.94, t0=0.38, t1=0.54",9,0.9984819475221222,False
Strata,"a=0.93, t0=0.38, t1=0.54","a=0.95, t0=0.38, t1=0.54",9,0.9929085679531482,False
Strata,"a=0.93, t0=0.38, t1=0.54","a=0.96, t0=0.38, t1=0.54",9,0.9808230564761212,False
Strata,"a=0.93, t0=0.38, t1=0.54","a=0.97, t0=0.38, t1=0.54",9,0.957403975617618,False
Strata,"a=0.93, t0=0.38, t1=0.54","a=0.98, t0=0.38, t1=0.54",9,0.9120907383513204,False
Strata,"a=0.93, t0=0.38, t1=0.54","a=0.99, t0=0.38, t1=0.54",9,0.8158925972075936,False
Strata,"a=0.94, t0=0.38, t1=0.54","a=0.9, t0=0.38, t1=0.54",0,0.9815404659279824,False
Strata,"a=0.94, t0=0.38, t1=0.54","a=0.91, t0=0.38, t1=0.54",0,0.9885956862215222,False
Strata,"a=0.94, t0=0.38, t1=0.54","a=0.92, t0=0.38, t1=0.54",0,0.9943655905500481,False
Strata,"a=0.94, t0=0.38, t1=0.54","a=0.93, t0=0.38, t1=0.54",0,0.9984112521487449,False
Strata,"a=0.94, t0=0.38, t1=0.54","a=0.94, t0=0.38, t1=0.54",0,0.9999999999999518,True
Strata,"a=0.94, t0=0.38, t1=0.54","a=0.95, t0=0.38, t1=0.54",0,0.9978613243471993,False
Strata,"a=0.94, t0=0.38, t1=0.54","a=0.96, t0=0.38, t1=0.54",0,0.9897015268043947,False
Strata,"a=0.94, t0=0.38, t1=0.54","a=0.97, t0=0.38, t1=0.54",0,0.9711663195803941,False
Strata,"a=0.94, t0=0.38, t1=0.54","a=0.98, t0=0.38, t1=0.54",0,0.9329768436703103,False
Strata,"a=0.94, t0=0.38, t1=0.54","a=0.99, t0=0.38, t1=0.54",0,0.8463959655872844,False
Strata,"a=0.94, t0=0.38, t1=0.54","a=0.9, t0=0.38, t1=0.54",1,0.9797842033681607,False
Strata,"a=0.94, t0=0.38, t1=0.54","a=0.91, t0=0.38, t1=0.54",1,0.9874363840558579,False
Strata,"a=0.94, t0=0.38, t1=0.54","a=0.92, t0=0.38, t1=0.54",1,0.9937521420628694,False
Strata,"a=0.94, t0=0.38, t1=0.54","a=0.93, t0=0.38, t1=0.54",1,0.9982253196446951,False
Strata,"a=0.94, t0=0.38, t1=0.54","a=0.94, t0=0.38, t1=0.54",1,0.9999999999998626,True
Strata,"a=0.94, t0=0.38, t1=0.54","a=0.95, t0=0.38, t1=0.54",1,0.9975650135065863,False
Strata,"a=0.94, t0=0.38, t1=0.54","a=0.96, t0=0.38, t1=0.54",1,0.9881028805369102,False
Strata,"a=0.94, t0=0.38, t1=0.54","a=0.97, t0=0.38, t1=0.54",1,0.9659494137324116,False
Strata,"a=0.94, t0=0.38, t1=0.54","a=0.98, t0=0.38, t1=0.54",1,0.91840512491698,False
Strata,"a=0.94, t0=0.38, t1=0.54","a=0.99, t0=0.38, t1=0.54",1,0.8112380889410685,False
Strata,"a=0.94, t0=0.38, t1=0.54","a=0.9, t0=0.38, t1=0.54",2,0.9821544776892774,False
Strata,"a=0.94, t0=0.38, t1=0.54","a=0.91, t0=0.38, t1=0.54",2,0.9889708120157106,False
Strata,"a=0.94, t0=0.38, t1=0.54","a=0.92, t0=0.38, t1=0.54",2,0.9945494890591318,False
Strata,"a=0.94, t0=0.38, t1=0.54","a=0.93, t0=0.38, t1=0.54",2,0.9984629543229397,False
Strata,"a=0.94, t0=0.38, t1=0.54","a=0.94, t0=0.38, t1=0.54",2,0.9999999999999262,True
Strata,"a=0.94, t0=0.38, t1=0.54","a=0.95, t0=0.38, t1=0.54",2,0.9979301002344217,False
Strata,"a=0.94, t0=0.38, t1=0.54","a=0.96, t0=0.38, t1=0.54",2,0.9900096261763252,False
Strata,"a=0.94, t0=0.38, t1=0.54","a=0.97, t0=0.38, t1=0.54",2,0.97179949455602,False
Strata,"a=0.94, t0=0.38, t1=0.54","a=0.98, t0=0.38, t1=0.54",2,0.9330766199343097,False
Strata,"a=0.94, t0=0.38, t1=0.54","a=0.99, t0=0.38, t1=0.54",2,0.8410460274859198,False
Strata,"a=0.94, t0=0.38, t1=0.54","a=0.9, t0=0.38, t1=0.54",3,0.9821320315339885,False
Strata,"a=0.94, t0=0.38, t1=0.54","a=0.91, t0=0.38, t1=0.54",3,0.9889416067774028,False
Strata,"a=0.94, t0=0.38, t1=0.54","a=0.92, t0=0.38, t1=0.54",3,0.9945261061713884,False
Strata,"a=0.94, t0=0.38, t1=0.54","a=0.93, t0=0.38, t1=0.54",3,0.9984535841231011,False
Strata,"a=0.94, t0=0.38, t1=0.54","a=0.94, t0=0.38, t1=0.54",3,0.9999999999998523,True
Strata,"a=0.94, t0=0.38, t1=0.54","a=0.95, t0=0.38, t1=0.54",3,0.9979102212932741,False
Strata,"a=0.94, t0=0.38, t1=0.54","a=0.96, t0=0.38, t1=0.54",3,0.9899002834940749,False
Strata,"a=0.94, t0=0.38, t1=0.54","a=0.97, t0=0.38, t1=0.54",3,0.9714721685105144,False
Strata,"a=0.94, t0=0.38, t1=0.54","a=0.98, t0=0.38, t1=0.54",3,0.9323843555297093,False
Strata,"a=0.94, t0=0.38, t1=0.54","a=0.99, t0=0.38, t1=0.54",3,0.8411551756875972,False
Strata,"a=0.94, t0=0.38, t1=0.54","a=0.9, t0=0.38, t1=0.54",4,0.982448803245342,False
Strata,"a=0.94, t0=0.38, t1=0.54","a=0.91, t0=0.38, t1=0.54",4,0.989131848878624,False
Strata,"a=0.94, t0=0.38, t1=0.54","a=0.92, t0=0.38, t1=0.54",4,0.9946158334552828,False
Strata,"a=0.94, t0=0.38, t1=0.54","a=0.93, t0=0.38, t1=0.54",4,0.9984768031231911,False
Strata,"a=0.94, t0=0.38, t1=0.54","a=0.94, t0=0.38, t1=0.54",4,0.9999999999999177,True
Strata,"a=0.94, t0=0.38, t1=0.54","a=0.95, t0=0.38, t1=0.54",4,0.9979286656316025,False
Strata,"a=0.94, t0=0.38, t1=0.54","a=0.96, t0=0.38, t1=0.54",4,0.9899298975967146,False
Strata,"a=0.94, t0=0.38, t1=0.54","a=0.97, t0=0.38, t1=0.54",4,0.9713135390010247,False
Strata,"a=0.94, t0=0.38, t1=0.54","a=0.98, t0=0.38, t1=0.54",4,0.9311698185098776,False
Strata,"a=0.94, t0=0.38, t1=0.54","a=0.99, t0=0.38, t1=0.54",4,0.8357100487108879,False
Strata,"a=0.94, t0=0.38, t1=0.54","a=0.9, t0=0.38, t1=0.54",5,0.9826857273862973,False
Strata,"a=0.94, t0=0.38, t1=0.54","a=0.91, t0=0.38, t1=0.54",5,0.9893095618464833,False
Strata,"a=0.94, t0=0.38, t1=0.54","a=0.92, t0=0.38, t1=0.54",5,0.9947209721935003,False
Strata,"a=0.94, t0=0.38, t1=0.54","a=0.93, t0=0.38, t1=0.54",5,0.9985122879996174,False
Strata,"a=0.94, t0=0.38, t1=0.54","a=0.94, t0=0.38, t1=0.54",5,0.999999999999857,True
Strata,"a=0.94, t0=0.38, t1=0.54","a=0.95, t0=0.38, t1=0.54",5,0.9980007266181328,False
Strata,"a=0.94, t0=0.38, t1=0.54","a=0.96, t0=0.38, t1=0.54",5,0.990376602492114,False
Strata,"a=0.94, t0=0.38, t1=0.54","a=0.97, t0=0.38, t1=0.54",5,0.9729751505048957,False
Strata,"a=0.94, t0=0.38, t1=0.54","a=0.98, t0=0.38, t1=0.54",5,0.9363672245448087,False
Strata,"a=0.94, t0=0.38, t1=0.54","a=0.99, t0=0.38, t1=0.54",5,0.8498225635073391,False
Strata,"a=0.94, t0=0.38, t1=0.54","a=0.9, t0=0.38, t1=0.54",6,0.983459317822974,False
Strata,"a=0.94, t0=0.38, t1=0.54","a=0.91, t0=0.38, t1=0.54",6,0.9898069420300484,False
Strata,"a=0.94, t0=0.38, t1=0.54","a=0.92, t0=0.38, t1=0.54",6,0.9949741628627505,False
Strata,"a=0.94, t0=0.38, t1=0.54","a=0.93, t0=0.38, t1=0.54",6,0.9985845016310839,False
Strata,"a=0.94, t0=0.38, t1=0.54","a=0.94, t0=0.38, t1=0.54",6,0.9999999999998594,True
Strata,"a=0.94, t0=0.38, t1=0.54","a=0.95, t0=0.38, t1=0.54",6,0.9980893013910707,False
Strata,"a=0.94, t0=0.38, t1=0.54","a=0.96, t0=0.38, t1=0.54",6,0.9907423787937795,False
Strata,"a=0.94, t0=0.38, t1=0.54","a=0.97, t0=0.38, t1=0.54",6,0.9737796891664579,False
Strata,"a=0.94, t0=0.38, t1=0.54","a=0.98, t0=0.38, t1=0.54",6,0.9380884027934281,False
Strata,"a=0.94, t0=0.38, t1=0.54","a=0.99, t0=0.38, t1=0.54",6,0.8581931632321862,False
Strata,"a=0.94, t0=0.38, t1=0.54","a=0.9, t0=0.38, t1=0.54",7,0.9824636133261866,False
Strata,"a=0.94, t0=0.38, t1=0.54","a=0.91, t0=0.38, t1=0.54",7,0.9891655366220601,False
Strata,"a=0.94, t0=0.38, t1=0.54","a=0.92, t0=0.38, t1=0.54",7,0.9946471198750098,False
Strata,"a=0.94, t0=0.38, t1=0.54","a=0.93, t0=0.38, t1=0.54",7,0.9984906336245871,False
Strata,"a=0.94, t0=0.38, t1=0.54","a=0.94, t0=0.38, t1=0.54",7,0.9999999999999547,True
Strata,"a=0.94, t0=0.38, t1=0.54","a=0.95, t0=0.38, t1=0.54",7,0.9979647669452864,False
Strata,"a=0.94, t0=0.38, t1=0.54","a=0.96, t0=0.38, t1=0.54",7,0.9901511117954362,False
Strata,"a=0.94, t0=0.38, t1=0.54","a=0.97, t0=0.38, t1=0.54",7,0.9720532820629669,False
Strata,"a=0.94, t0=0.38, t1=0.54","a=0.98, t0=0.38, t1=0.54",7,0.9332738137465988,False
Strata,"a=0.94, t0=0.38, t1=0.54","a=0.99, t0=0.38, t1=0.54",7,0.84219489348291,False
Strata,"a=0.94, t0=0.38, t1=0.54","a=0.9, t0=0.38, t1=0.54",8,0.9812826882497815,False
Strata,"a=0.94, t0=0.38, t1=0.54","a=0.91, t0=0.38, t1=0.54",8,0.9884673948881052,False
Strata,"a=0.94, t0=0.38, t1=0.54","a=0.92, t0=0.38, t1=0.54",8,0.9943206418971756,False
Strata,"a=0.94, t0=0.38, t1=0.54","a=0.93, t0=0.38, t1=0.54",8,0.9984042889755896,False
Strata,"a=0.94, t0=0.38, t1=0.54","a=0.94, t0=0.38, t1=0.54",8,0.9999999999999718,True
Strata,"a=0.94, t0=0.38, t1=0.54","a=0.95, t0=0.38, t1=0.54",8,0.9978617205388518,False
Strata,"a=0.94, t0=0.38, t1=0.54","a=0.96, t0=0.38, t1=0.54",8,0.9896577423873225,False
Strata,"a=0.94, t0=0.38, t1=0.54","a=0.97, t0=0.38, t1=0.54",8,0.9705095156515882,False
Strata,"a=0.94, t0=0.38, t1=0.54","a=0.98, t0=0.38, t1=0.54",8,0.9283121736954675,False
Strata,"a=0.94, t0=0.38, t1=0.54","a=0.99, t0=0.38, t1=0.54",8,0.8256366627931908,False
Strata,"a=0.94, t0=0.38, t1=0.54","a=0.9, t0=0.38, t1=0.54",9,0.9826624379274019,False
Strata,"a=0.94, t0=0.38, t1=0.54","a=0.91, t0=0.38, t1=0.54",9,0.9892729579966677,False
Strata,"a=0.94, t0=0.38, t1=0.54","a=0.92, t0=0.38, t1=0.54",9,0.9946903890826555,False
Strata,"a=0.94, t0=0.38, t1=0.54","a=0.93, t0=0.38, t1=0.54",9,0.9984993229333573,False
Strata,"a=0.94, t0=0.38, t1=0.54","a=0.94, t0=0.38, t1=0.54",9,0.9999999999999679,True
Strata,"a=0.94, t0=0.38, t1=0.54","a=0.95, t0=0.38, t1=0.54",9,0.9979641380903171,False
Strata,"a=0.94, t0=0.38, t1=0.54","a=0.96, t0=0.38, t1=0.54",9,0.9901206066295425,False
Strata,"a=0.94, t0=0.38, t1=0.54","a=0.97, t0=0.38, t1=0.54",9,0.971959201266639,False
Strata,"a=0.94, t0=0.38, t1=0.54","a=0.98, t0=0.38, t1=0.54",9,0.9334916490359322,False
Strata,"a=0.94, t0=0.38, t1=0.54","a=0.99, t0=0.38, t1=0.54",9,0.846272616969766,False
Strata,"a=0.95, t0=0.38, t1=0.54","a=0.9, t0=0.38, t1=0.54",0,0.9702555081353604,False
Strata,"a=0.95, t0=0.38, t1=0.54","a=0.91, t0=0.38, t1=0.54",0,0.9790234304030219,False
Strata,"a=0.95, t0=0.38, t1=0.54","a=0.92, t0=0.38, t1=0.54",0,0.9868334745103652,False
Strata,"a=0.95, t0=0.38, t1=0.54","a=0.93, t0=0.38, t1=0.54",0,0.993370933846941,False
Strata,"a=0.95, t0=0.38, t1=0.54","a=0.94, t0=0.38, t1=0.54",0,0.9980881469492987,False
Strata,"a=0.95, t0=0.38, t1=0.54","a=0.95, t0=0.38, t1=0.54",0,0.9999999999998573,True
Strata,"a=0.95, t0=0.38, t1=0.54","a=0.96, t0=0.38, t1=0.54",0,0.9972640635804987,False
Strata,"a=0.95, t0=0.38, t1=0.54","a=0.97, t0=0.38, t1=0.54",0,0.9861994325539338,False
Strata,"a=0.95, t0=0.38, t1=0.54","a=0.98, t0=0.38, t1=0.54",0,0.9582667263266526,False
Strata,"a=0.95, t0=0.38, t1=0.54","a=0.99, t0=0.38, t1=0.54",0,0.8852585920684429,False
Strata,"a=0.95, t0=0.38, t1=0.54","a=0.9, t0=0.38, t1=0.54",1,0.9626658548669809,False
Strata,"a=0.95, t0=0.38, t1=0.54","a=0.91, t0=0.38, t1=0.54",1,0.9733912750363047,False
Strata,"a=0.95, t0=0.38, t1=0.54","a=0.92, t0=0.38, t1=0.54",1,0.9831131391734971,False
Strata,"a=0.95, t0=0.38, t1=0.54","a=0.93, t0=0.38, t1=0.54",1,0.991399830935574,False
Strata,"a=0.95, t0=0.38, t1=0.54","a=0.94, t0=0.38, t1=0.54",1,0.9974900625555344,False
Strata,"a=0.95, t0=0.38, t1=0.54","a=0.95, t0=0.38, t1=0.54",1,0.9999999999998539,True
Strata,"a=0.95, t0=0.38, t1=0.54","a=0.96, t0=0.38, t1=0.54",1,0.9963185725789045,False
Strata,"a=0.95, t0=0.38, t1=0.54","a=0.97, t0=0.38, t1=0.54",1,0.9812167757515773,False
Strata,"a=0.95, t0=0.38, t1=0.54","a=0.98, t0=0.38, t1=0.54",1,0.9428403234828828,False
Strata,"a=0.95, t0=0.38, t1=0.54","a=0.99, t0=0.38, t1=0.54",1,0.8438304269207123,False
Strata,"a=0.95, t0=0.38, t1=0.54","a=0.9, t0=0.38, t1=0.54",2,0.970451540437728,False
Strata,"a=0.95, t0=0.38, t1=0.54","a=0.91, t0=0.38, t1=0.54",2,0.9791042207942334,False
Strata,"a=0.95, t0=0.38, t1=0.54","a=0.92, t0=0.38, t1=0.54",2,0.9868430362249195,False
Strata,"a=0.95, t0=0.38, t1=0.54","a=0.93, t0=0.38, t1=0.54",2,0.9933505870128131,False
Strata,"a=0.95, t0=0.38, t1=0.54","a=0.94, t0=0.38, t1=0.54",2,0.9980724790909856,False
Strata,"a=0.95, t0=0.38, t1=0.54","a=0.95, t0=0.38, t1=0.54",2,0.9999999999999014,True
Strata,"a=0.95, t0=0.38, t1=0.54","a=0.96, t0=0.38, t1=0.54",2,0.9971840519774854,False
Strata,"a=0.95, t0=0.38, t1=0.54","a=0.97, t0=0.38, t1=0.54",2,0.9854942453953178,False
Strata,"a=0.95, t0=0.38, t1=0.54","a=0.98, t0=0.38, t1=0.54",2,0.954928230206762,False
Strata,"a=0.95, t0=0.38, t1=0.54","a=0.99, t0=0.38, t1=0.54",2,0.8740625849341057,False
Strata,"a=0.95, t0=0.38, t1=0.54","a=0.9, t0=0.38, t1=0.54",3,0.9686917785752482,False
Strata,"a=0.95, t0=0.38, t1=0.54","a=0.91, t0=0.38, t1=0.54",3,0.9777490284808922,False
Strata,"a=0.95, t0=0.38, t1=0.54","a=0.92, t0=0.38, t1=0.54",3,0.9859126339255092,False
Strata,"a=0.95, t0=0.38, t1=0.54","a=0.93, t0=0.38, t1=0.54",3,0.992839371903673,False
Strata,"a=0.95, t0=0.38, t1=0.54","a=0.94, t0=0.38, t1=0.54",3,0.9979131235428047,False
Strata,"a=0.95, t0=0.38, t1=0.54","a=0.95, t0=0.38, t1=0.54",3,0.999999999999936,True
Strata,"a=0.95, t0=0.38, t1=0.54","a=0.96, t0=0.38, t1=0.54",3,0.9969437974636293,False
Strata,"a=0.95, t0=0.38, t1=0.54","a=0.97, t0=0.38, t1=0.54",3,0.9844261984784736,False
Strata,"a=0.95, t0=0.38, t1=0.54","a=0.98, t0=0.38, t1=0.54",3,0.9528523919771388,False
Strata,"a=0.95, t0=0.38, t1=0.54","a=0.99, t0=0.38, t1=0.54",3,0.8741329845531134,False
Strata,"a=0.95, t0=0.38, t1=0.54","a=0.9, t0=0.38, t1=0.54",4,0.970835988617853,False
Strata,"a=0.95, t0=0.38, t1=0.54","a=0.91, t0=0.38, t1=0.54",4,0.979321397563259,False
Strata,"a=0.95, t0=0.38, t1=0.54","a=0.92, t0=0.38, t1=0.54",4,0.9869330935886407,False
Strata,"a=0.95, t0=0.38, t1=0.54","a=0.93, t0=0.38, t1=0.54",4,0.993364187176991,False
Strata,"a=0.95, t0=0.38, t1=0.54","a=0.94, t0=0.38, t1=0.54",4,0.9980641668978096,False
Strata,"a=0.95, t0=0.38, t1=0.54","a=0.95, t0=0.38, t1=0.54",4,0.9999999999998291,True
Strata,"a=0.95, t0=0.38, t1=0.54","a=0.96, t0=0.38, t1=0.54",4,0.9971248835167146,False
Strata,"a=0.95, t0=0.38, t1=0.54","a=0.97, t0=0.38, t1=0.54",4,0.985095449104437,False
Strata,"a=0.95, t0=0.38, t1=0.54","a=0.98, t0=0.38, t1=0.54",4,0.9537971350074195,False
Strata,"a=0.95, t0=0.38, t1=0.54","a=0.99, t0=0.38, t1=0.54",4,0.8738730320494236,False
Strata,"a=0.95, t0=0.38, t1=0.54","a=0.9, t0=0.38, t1=0.54",5,0.9698326195053141,False
Strata,"a=0.95, t0=0.38, t1=0.54","a=0.91, t0=0.38, t1=0.54",5,0.9786658090728148,False
Strata,"a=0.95, t0=0.38, t1=0.54","a=0.92, t0=0.38, t1=0.54",5,0.9865711453488006,False
Strata,"a=0.95, t0=0.38, t1=0.54","a=0.93, t0=0.38, t1=0.54",5,0.993220045374666,False
Strata,"a=0.95, t0=0.38, t1=0.54","a=0.94, t0=0.38, t1=0.54",5,0.9980393793756697,False
Strata,"a=0.95, t0=0.38, t1=0.54","a=0.95, t0=0.38, t1=0.54",5,0.999999999999919,True
Strata,"a=0.95, t0=0.38, t1=0.54","a=0.96, t0=0.38, t1=0.54",5,0.9971779850069108,False
Strata,"a=0.95, t0=0.38, t1=0.54","a=0.97, t0=0.38, t1=0.54",5,0.9856975251344491,False
Strata,"a=0.95, t0=0.38, t1=0.54","a=0.98, t0=0.38, t1=0.54",5,0.9563990503405861,False
Strata,"a=0.95, t0=0.38, t1=0.54","a=0.99, t0=0.38, t1=0.54",5,0.8786951687815492,False
Strata,"a=0.95, t0=0.38, t1=0.54","a=0.9, t0=0.38, t1=0.54",6,0.9698182545490068,False
Strata,"a=0.95, t0=0.38, t1=0.54","a=0.91, t0=0.38, t1=0.54",6,0.9786579785711295,False
Strata,"a=0.95, t0=0.38, t1=0.54","a=0.92, t0=0.38, t1=0.54",6,0.9865545746127585,False
Strata,"a=0.95, t0=0.38, t1=0.54","a=0.93, t0=0.38, t1=0.54",6,0.9931954724075486,False
Strata,"a=0.95, t0=0.38, t1=0.54","a=0.94, t0=0.38, t1=0.54",6,0.9980231590408551,False
Strata,"a=0.95, t0=0.38, t1=0.54","a=0.95, t0=0.38, t1=0.54",6,0.9999999999999234,True
Strata,"a=0.95, t0=0.38, t1=0.54","a=0.96, t0=0.38, t1=0.54",6,0.9971016031576267,False
Strata,"a=0.95, t0=0.38, t1=0.54","a=0.97, t0=0.38, t1=0.54",6,0.9851304062516669,False
Strata,"a=0.95, t0=0.38, t1=0.54","a=0.98, t0=0.38, t1=0.54",6,0.9544159690861641,False
Strata,"a=0.95, t0=0.38, t1=0.54","a=0.99, t0=0.38, t1=0.54",6,0.8759668204923338,False
Strata,"a=0.95, t0=0.38, t1=0.54","a=0.9, t0=0.38, t1=0.54",7,0.9699145459669515,False
Strata,"a=0.95, t0=0.38, t1=0.54","a=0.91, t0=0.38, t1=0.54",7,0.9786993780865733,False
Strata,"a=0.95, t0=0.38, t1=0.54","a=0.92, t0=0.38, t1=0.54",7,0.9865713267586123,False
Strata,"a=0.95, t0=0.38, t1=0.54","a=0.93, t0=0.38, t1=0.54",7,0.9932049167935717,False
Strata,"a=0.95, t0=0.38, t1=0.54","a=0.94, t0=0.38, t1=0.54",7,0.9980284015650437,False
Strata,"a=0.95, t0=0.38, t1=0.54","a=0.95, t0=0.38, t1=0.54",7,0.9999999999999533,True
Strata,"a=0.95, t0=0.38, t1=0.54","a=0.96, t0=0.38, t1=0.54",7,0.9971251373086495,False
Strata,"a=0.95, t0=0.38, t1=0.54","a=0.97, t0=0.38, t1=0.54",7,0.9852645470605209,False
Strata,"a=0.95, t0=0.38, t1=0.54","a=0.98, t0=0.38, t1=0.54",7,0.9544761669477434,False
Strata,"a=0.95, t0=0.38, t1=0.54","a=0.99, t0=0.38, t1=0.54",7,0.8730894104798305,False
Strata,"a=0.95, t0=0.38, t1=0.54","a=0.9, t0=0.38, t1=0.54",8,0.9688314477526846,False
Strata,"a=0.95, t0=0.38, t1=0.54","a=0.91, t0=0.38, t1=0.54",8,0.9779968898003367,False
Strata,"a=0.95, t0=0.38, t1=0.54","a=0.92, t0=0.38, t1=0.54",8,0.9861746210418703,False
Strata,"a=0.95, t0=0.38, t1=0.54","a=0.93, t0=0.38, t1=0.54",8,0.9930292067737706,False
Strata,"a=0.95, t0=0.38, t1=0.54","a=0.94, t0=0.38, t1=0.54",8,0.9979843490354325,False
Strata,"a=0.95, t0=0.38, t1=0.54","a=0.95, t0=0.38, t1=0.54",8,0.999999999999957,True
Strata,"a=0.95, t0=0.38, t1=0.54","a=0.96, t0=0.38, t1=0.54",8,0.9970662717043036,False
Strata,"a=0.95, t0=0.38, t1=0.54","a=0.97, t0=0.38, t1=0.54",8,0.9848552860579497,False
Strata,"a=0.95, t0=0.38, t1=0.54","a=0.98, t0=0.38, t1=0.54",8,0.9523759465818749,False
Strata,"a=0.95, t0=0.38, t1=0.54","a=0.99, t0=0.38, t1=0.54",8,0.8659926051809014,False
Strata,"a=0.95, t0=0.38, t1=0.54","a=0.9, t0=0.38, t1=0.54",9,0.9697484420782381,False
Strata,"a=0.95, t0=0.38, t1=0.54","a=0.91, t0=0.38, t1=0.54",9,0.9785388751838293,False
Strata,"a=0.95, t0=0.38, t1=0.54","a=0.92, t0=0.38, t1=0.54",9,0.9864370276881211,False
Strata,"a=0.95, t0=0.38, t1=0.54","a=0.93, t0=0.38, t1=0.54",9,0.9931161243422305,False
Strata,"a=0.95, t0=0.38, t1=0.54","a=0.94, t0=0.38, t1=0.54",9,0.9979952398888375,False
Strata,"a=0.95, t0=0.38, t1=0.54","a=0.95, t0=0.38, t1=0.54",9,0.999999999999966,True
Strata,"a=0.95, t0=0.38, t1=0.54","a=0.96, t0=0.38, t1=0.54",9,0.9970554527649986,False
Strata,"a=0.95, t0=0.38, t1=0.54","a=0.97, t0=0.38, t1=0.54",9,0.9849286161883594,False
Strata,"a=0.95, t0=0.38, t1=0.54","a=0.98, t0=0.38, t1=0.54",9,0.9540619425127606,False
Strata,"a=0.95, t0=0.38, t1=0.54","a=0.99, t0=0.38, t1=0.54",9,0.8754684349621793,False
Strata,"a=0.96, t0=0.38, t1=0.54","a=0.9, t0=0.38, t1=0.54",0,0.9579270839796786,False
Strata,"a=0.96, t0=0.38, t1=0.54","a=0.91, t0=0.38, t1=0.54",0,0.9676386529066612,False
Strata,"a=0.96, t0=0.38, t1=0.54","a=0.92, t0=0.38, t1=0.54",0,0.9767321275282844,False
Strata,"a=0.96, t0=0.38, t1=0.54","a=0.93, t0=0.38, t1=0.54",0,0.9850410422184667,False
Strata,"a=0.96, t0=0.38, t1=0.54","a=0.94, t0=0.38, t1=0.54",0,0.992239587106682,False
Strata,"a=0.96, t0=0.38, t1=0.54","a=0.95, t0=0.38, t1=0.54",0,0.9976754380670316,False
Strata,"a=0.96, t0=0.38, t1=0.54","a=0.96, t0=0.38, t1=0.54",0,0.9999999999999427,True
Strata,"a=0.96, t0=0.38, t1=0.54","a=0.97, t0=0.38, t1=0.54",0,0.9962720488839003,False
Strata,"a=0.96, t0=0.38, t1=0.54","a=0.98, t0=0.38, t1=0.54",0,0.9794136047841023,False
Strata,"a=0.96, t0=0.38, t1=0.54","a=0.99, t0=0.38, t1=0.54",0,0.9278633685866443,False
Strata,"a=0.96, t0=0.38, t1=0.54","a=0.9, t0=0.38, t1=0.54",1,0.9485051486227218,False
Strata,"a=0.96, t0=0.38, t1=0.54","a=0.91, t0=0.38, t1=0.54",1,0.9601419411305367,False
Strata,"a=0.96, t0=0.38, t1=0.54","a=0.92, t0=0.38, t1=0.54",1,0.9711757157793157,False
Strata,"a=0.96, t0=0.38, t1=0.54","a=0.93, t0=0.38, t1=0.54",1,0.981373014897472,False
Strata,"a=0.96, t0=0.38, t1=0.54","a=0.94, t0=0.38, t1=0.54",1,0.9902939850418705,False
Strata,"a=0.96, t0=0.38, t1=0.54","a=0.95, t0=0.38, t1=0.54",1,0.997082260821812,False
Strata,"a=0.96, t0=0.38, t1=0.54","a=0.96, t0=0.38, t1=0.54",1,0.9999999999999607,True
Strata,"a=0.96, t0=0.38, t1=0.54","a=0.97, t0=0.38, t1=0.54",1,0.9952991037032594,False
Strata,"a=0.96, t0=0.38, t1=0.54","a=0.98, t0=0.38, t1=0.54",1,0.9738847947285876,False
Strata,"a=0.96, t0=0.38, t1=0.54","a=0.99, t0=0.38, t1=0.54",1,0.9052578228026087,False
Strata,"a=0.96, t0=0.38, t1=0.54","a=0.9, t0=0.38, t1=0.54",2,0.9558859821532503,False
Strata,"a=0.96, t0=0.38, t1=0.54","a=0.91, t0=0.38, t1=0.54",2,0.9659920908754351,False
Strata,"a=0.96, t0=0.38, t1=0.54","a=0.92, t0=0.38, t1=0.54",2,0.9754967450119341,False
Strata,"a=0.96, t0=0.38, t1=0.54","a=0.93, t0=0.38, t1=0.54",2,0.9842152676780213,False
Strata,"a=0.96, t0=0.38, t1=0.54","a=0.94, t0=0.38, t1=0.54",2,0.9917940074295013,False
Strata,"a=0.96, t0=0.38, t1=0.54","a=0.95, t0=0.38, t1=0.54",2,0.9975352244317629,False
Strata,"a=0.96, t0=0.38, t1=0.54","a=0.96, t0=0.38, t1=0.54",2,0.9999999999999646,True
Strata,"a=0.96, t0=0.38, t1=0.54","a=0.97, t0=0.38, t1=0.54",2,0.995991744014959,False
Strata,"a=0.96, t0=0.38, t1=0.54","a=0.98, t0=0.38, t1=0.54",2,0.9774491382867769,False
Strata,"a=0.96, t0=0.38, t1=0.54","a=0.99, t0=0.38, t1=0.54",2,0.9183637687788611,False
Strata,"a=0.96, t0=0.38, t1=0.54","a=0.9, t0=0.38, t1=0.54",3,0.950913038918833,False
Strata,"a=0.96, t0=0.38, t1=0.54","a=0.91, t0=0.38, t1=0.54",3,0.9618238196372839,False
Strata,"a=0.96, t0=0.38, t1=0.54","a=0.92, t0=0.38, t1=0.54",3,0.9722218352412239,False
Strata,"a=0.96, t0=0.38, t1=0.54","a=0.93, t0=0.38, t1=0.54",3,0.9819121712420876,False
Strata,"a=0.96, t0=0.38, t1=0.54","a=0.94, t0=0.38, t1=0.54",3,0.990489773569468,False
Strata,"a=0.96, t0=0.38, t1=0.54","a=0.95, t0=0.38, t1=0.54",3,0.9971122089078965,False
Strata,"a=0.96, t0=0.38, t1=0.54","a=0.96, t0=0.38, t1=0.54",3,0.9999999999998538,True
Strata,"a=0.96, t0=0.38, t1=0.54","a=0.97, t0=0.38, t1=0.54",3,0.995260563672979,False
Strata,"a=0.96, t0=0.38, t1=0.54","a=0.98, t0=0.38, t1=0.54",3,0.9736979720992059,False
Strata,"a=0.96, t0=0.38, t1=0.54","a=0.99, t0=0.38, t1=0.54",3,0.9080645336173228,False
Strata,"a=0.96, t0=0.38, t1=0.54","a=0.9, t0=0.38, t1=0.54",4,0.9554798273497672,False
Strata,"a=0.96, t0=0.38, t1=0.54","a=0.91, t0=0.38, t1=0.54",4,0.9655482221739826,False
Strata,"a=0.96, t0=0.38, t1=0.54","a=0.92, t0=0.38, t1=0.54",4,0.9750605998984194,False
Strata,"a=0.96, t0=0.38, t1=0.54","a=0.93, t0=0.38, t1=0.54",4,0.9838394299320717,False
Strata,"a=0.96, t0=0.38, t1=0.54","a=0.94, t0=0.38, t1=0.54",4,0.991534813054013,False
Strata,"a=0.96, t0=0.38, t1=0.54","a=0.95, t0=0.38, t1=0.54",4,0.9974323200117321,False
Strata,"a=0.96, t0=0.38, t1=0.54","a=0.96, t0=0.38, t1=0.54",4,0.9999999999998618,True
Strata,"a=0.96, t0=0.38, t1=0.54","a=0.97, t0=0.38, t1=0.54",4,0.9957128501636775,False
Strata,"a=0.96, t0=0.38, t1=0.54","a=0.98, t0=0.38, t1=0.54",4,0.9756557116964111,False
Strata,"a=0.96, t0=0.38, t1=0.54","a=0.99, t0=0.38, t1=0.54",4,0.9130951501526273,False
Strata,"a=0.96, t0=0.38, t1=0.54","a=0.9, t0=0.38, t1=0.54",5,0.951431861625043,False
Strata,"a=0.96, t0=0.38, t1=0.54","a=0.91, t0=0.38, t1=0.54",5,0.9624689243099424,False
Strata,"a=0.96, t0=0.38, t1=0.54","a=0.92, t0=0.38, t1=0.54",5,0.9728983072468631,False
Strata,"a=0.96, t0=0.38, t1=0.54","a=0.93, t0=0.38, t1=0.54",5,0.9825095857705338,False
Strata,"a=0.96, t0=0.38, t1=0.54","a=0.94, t0=0.38, t1=0.54",5,0.9908976157928346,False
Strata,"a=0.96, t0=0.38, t1=0.54","a=0.95, t0=0.38, t1=0.54",5,0.9972665928442842,False
Strata,"a=0.96, t0=0.38, t1=0.54","a=0.96, t0=0.38, t1=0.54",5,0.99999999999995,True
Strata,"a=0.96, t0=0.38, t1=0.54","a=0.97, t0=0.38, t1=0.54",5,0.9955849715183392,False
Strata,"a=0.96, t0=0.38, t1=0.54","a=0.98, t0=0.38, t1=0.54",5,0.9753303666773094,False
Strata,"a=0.96, t0=0.38, t1=0.54","a=0.99, t0=0.38, t1=0.54",5,0.9115564293748007,False
Strata,"a=0.96, t0=0.38, t1=0.54","a=0.9, t0=0.38, t1=0.54",6,0.9505932582454177,False
Strata,"a=0.96, t0=0.38, t1=0.54","a=0.91, t0=0.38, t1=0.54",6,0.961797139646958,False
Strata,"a=0.96, t0=0.38, t1=0.54","a=0.92, t0=0.38, t1=0.54",6,0.9723721683249045,False
Strata,"a=0.96, t0=0.38, t1=0.54","a=0.93, t0=0.38, t1=0.54",6,0.9821193646897668,False
Strata,"a=0.96, t0=0.38, t1=0.54","a=0.94, t0=0.38, t1=0.54",6,0.9906497168584918,False
Strata,"a=0.96, t0=0.38, t1=0.54","a=0.95, t0=0.38, t1=0.54",6,0.9971713480442905,False
Strata,"a=0.96, t0=0.38, t1=0.54","a=0.96, t0=0.38, t1=0.54",6,0.9999999999999811,True
Strata,"a=0.96, t0=0.38, t1=0.54","a=0.97, t0=0.38, t1=0.54",6,0.99532723275421,False
Strata,"a=0.96, t0=0.38, t1=0.54","a=0.98, t0=0.38, t1=0.54",6,0.9735259357671546,False
Strata,"a=0.96, t0=0.38, t1=0.54","a=0.99, t0=0.38, t1=0.54",6,0.9033245846115923,False
Strata,"a=0.96, t0=0.38, t1=0.54","a=0.9, t0=0.38, t1=0.54",7,0.9479903762384433,False
Strata,"a=0.96, t0=0.38, t1=0.54","a=0.91, t0=0.38, t1=0.54",7,0.959732990410668,False
Strata,"a=0.96, t0=0.38, t1=0.54","a=0.92, t0=0.38, t1=0.54",7,0.9708754991520215,False
Strata,"a=0.96, t0=0.38, t1=0.54","a=0.93, t0=0.38, t1=0.54",7,0.981179211472551,False
Strata,"a=0.96, t0=0.38, t1=0.54","a=0.94, t0=0.38, t1=0.54",7,0.9901943663418479,False
Strata,"a=0.96, t0=0.38, t1=0.54","a=0.95, t0=0.38, t1=0.54",7,0.9970519896300143,False
Strata,"a=0.96, t0=0.38, t1=0.54","a=0.96, t0=0.38, t1=0.54",7,0.999999999999982,True
Strata,"a=0.96, t0=0.38, t1=0.54","a=0.97, t0=0.38, t1=0.54",7,0.9952127732798187,False
Strata,"a=0.96, t0=0.38, t1=0.54","a=0.98, t0=0.38, t1=0.54",7,0.9730331919235675,False
Strata,"a=0.96, t0=0.38, t1=0.54","a=0.99, t0=0.38, t1=0.54",7,0.901783840030971,False
Strata,"a=0.96, t0=0.38, t1=0.54","a=0.9, t0=0.38, t1=0.54",8,0.9533007150337871,False
Strata,"a=0.96, t0=0.38, t1=0.54","a=0.91, t0=0.38, t1=0.54",8,0.9640713301802437,False
Strata,"a=0.96, t0=0.38, t1=0.54","a=0.92, t0=0.38, t1=0.54",8,0.9741745139815426,False
Strata,"a=0.96, t0=0.38, t1=0.54","a=0.93, t0=0.38, t1=0.54",8,0.9834065819765888,False
Strata,"a=0.96, t0=0.38, t1=0.54","a=0.94, t0=0.38, t1=0.54",8,0.9913937755058604,False
Strata,"a=0.96, t0=0.38, t1=0.54","a=0.95, t0=0.38, t1=0.54",8,0.9974177048262063,False
Strata,"a=0.96, t0=0.38, t1=0.54","a=0.96, t0=0.38, t1=0.54",8,0.9999999999999476,True
Strata,"a=0.96, t0=0.38, t1=0.54","a=0.97, t0=0.38, t1=0.54",8,0.9957448309461627,False
Strata,"a=0.96, t0=0.38, t1=0.54","a=0.98, t0=0.38, t1=0.54",8,0.9753901097354879,False
Strata,"a=0.96, t0=0.38, t1=0.54","a=0.99, t0=0.38, t1=0.54",8,0.9075780761247035,False
Strata,"a=0.96, t0=0.38, t1=0.54","a=0.9, t0=0.38, t1=0.54",9,0.9450308824697848,False
Strata,"a=0.96, t0=0.38, t1=0.54","a=0.91, t0=0.38, t1=0.54",9,0.9571951601016638,False
Strata,"a=0.96, t0=0.38, t1=0.54","a=0.92, t0=0.38, t1=0.54",9,0.9688273052707941,False
Strata,"a=0.96, t0=0.38, t1=0.54","a=0.93, t0=0.38, t1=0.54",9,0.9796930199780355,False
Strata,"a=0.96, t0=0.38, t1=0.54","a=0.94, t0=0.38, t1=0.54",9,0.9893226170348114,False
Strata,"a=0.96, t0=0.38, t1=0.54","a=0.95, t0=0.38, t1=0.54",9,0.9967585547591017,False
Strata,"a=0.96, t0=0.38, t1=0.54","a=0.96, t0=0.38, t1=0.54",9,0.9999999999999537,True
Strata,"a=0.96, t0=0.38, t1=0.54","a=0.97, t0=0.38, t1=0.54",9,0.9946691099075313,False
Strata,"a=0.96, t0=0.38, t1=0.54","a=0.98, t0=0.38, t1=0.54",9,0.970172735445173,False
Strata,"a=0.96, t0=0.38, t1=0.54","a=0.99, t0=0.38, t1=0.54",9,0.8942716178703471,False
Strata,"a=0.97, t0=0.38, t1=0.54","a=0.9, t0=0.38, t1=0.54",0,0.9357998732887612,False
Strata,"a=0.97, t0=0.38, t1=0.54","a=0.91, t0=0.38, t1=0.54",0,0.9473040937736912,False
Strata,"a=0.97, t0=0.38, t1=0.54","a=0.92, t0=0.38, t1=0.54",0,0.9584624856053583,False
Strata,"a=0.97, t0=0.38, t1=0.54","a=0.93, t0=0.38, t1=0.54",0,0.9692294920096426,False
Strata,"a=0.97, t0=0.38, t1=0.54","a=0.94, t0=0.38, t1=0.54",0,0.9794709719751182,False
Strata,"a=0.97, t0=0.38, t1=0.54","a=0.95, t0=0.38, t1=0.54",0,0.9888377243198678,False
Strata,"a=0.97, t0=0.38, t1=0.54","a=0.96, t0=0.38, t1=0.54",0,0.9964461287753636,False
Strata,"a=0.97, t0=0.38, t1=0.54","a=0.97, t0=0.38, t1=0.54",0,0.9999999999999232,True
Strata,"a=0.97, t0=0.38, t1=0.54","a=0.98, t0=0.38, t1=0.54",0,0.993084861334175,False
Strata,"a=0.97, t0=0.38, t1=0.54","a=0.99, t0=0.38, t1=0.54",0,0.9545349496470298,False
Strata,"a=0.97, t0=0.38, t1=0.54","a=0.9, t0=0.38, t1=0.54",1,0.9156649685758645,False
Strata,"a=0.97, t0=0.38, t1=0.54","a=0.91, t0=0.38, t1=0.54",1,0.9302914700384699,False
Strata,"a=0.97, t0=0.38, t1=0.54","a=0.92, t0=0.38, t1=0.54",1,0.9447473597428333,False
Strata,"a=0.97, t0=0.38, t1=0.54","a=0.93, t0=0.38, t1=0.54",1,0.9589352444628098,False
Strata,"a=0.97, t0=0.38, t1=0.54","a=0.94, t0=0.38, t1=0.54",1,0.9726057363932352,False
Strata,"a=0.97, t0=0.38, t1=0.54","a=0.95, t0=0.38, t1=0.54",1,0.9851769687074267,False
Strata,"a=0.97, t0=0.38, t1=0.54","a=0.96, t0=0.38, t1=0.54",1,0.9953308093893336,False
Strata,"a=0.97, t0=0.38, t1=0.54","a=0.97, t0=0.38, t1=0.54",1,0.9999999999999708,True
Strata,"a=0.97, t0=0.38, t1=0.54","a=0.98, t0=0.38, t1=0.54",1,0.9911282146561492,False
Strata,"a=0.97, t0=0.38, t1=0.54","a=0.99, t0=0.38, t1=0.54",1,0.9400542136434773,False
Strata,"a=0.97, t0=0.38, t1=0.54","a=0.9, t0=0.38, t1=0.54",2,0.9333259420681177,False
Strata,"a=0.97, t0=0.38, t1=0.54","a=0.91, t0=0.38, t1=0.54",2,0.944923808126857,False
Strata,"a=0.97, t0=0.38, t1=0.54","a=0.92, t0=0.38, t1=0.54",2,0.9562931467757227,False
Strata,"a=0.97, t0=0.38, t1=0.54","a=0.93, t0=0.38, t1=0.54",2,0.9673978188314301,False
Strata,"a=0.97, t0=0.38, t1=0.54","a=0.94, t0=0.38, t1=0.54",2,0.978099870097356,False
Strata,"a=0.97, t0=0.38, t1=0.54","a=0.95, t0=0.38, t1=0.54",2,0.9880162955930069,False
Strata,"a=0.97, t0=0.38, t1=0.54","a=0.96, t0=0.38, t1=0.54",2,0.9961639952947839,False
Strata,"a=0.97, t0=0.38, t1=0.54","a=0.97, t0=0.38, t1=0.54",2,0.9999999999998531,True
Strata,"a=0.97, t0=0.38, t1=0.54","a=0.98, t0=0.38, t1=0.54",2,0.9924841977020608,False
Strata,"a=0.97, t0=0.38, t1=0.54","a=0.99, t0=0.38, t1=0.54",2,0.9499466861858038,False
Strata,"a=0.97, t0=0.38, t1=0.54","a=0.9, t0=0.38, t1=0.54",3,0.9288513915083296,False
Strata,"a=0.97, t0=0.38, t1=0.54","a=0.91, t0=0.38, t1=0.54",3,0.9411666073794474,False
Strata,"a=0.97, t0=0.38, t1=0.54","a=0.92, t0=0.38, t1=0.54",3,0.9533024220059328,False
Strata,"a=0.97, t0=0.38, t1=0.54","a=0.93, t0=0.38, t1=0.54",3,0.9652085474861138,False
Strata,"a=0.97, t0=0.38, t1=0.54","a=0.94, t0=0.38, t1=0.54",3,0.9767107605157158,False
Strata,"a=0.97, t0=0.38, t1=0.54","a=0.95, t0=0.38, t1=0.54",3,0.9873485184621283,False
Strata,"a=0.97, t0=0.38, t1=0.54","a=0.96, t0=0.38, t1=0.54",3,0.9960035273347608,False
Strata,"a=0.97, t0=0.38, t1=0.54","a=0.97, t0=0.38, t1=0.54",3,0.9999999999999251,True
Strata,"a=0.97, t0=0.38, t1=0.54","a=0.98, t0=0.38, t1=0.54",3,0.9925351509405115,False
Strata,"a=0.97, t0=0.38, t1=0.54","a=0.99, t0=0.38, t1=0.54",3,0.9507302413967653,False
Strata,"a=0.97, t0=0.38, t1=0.54","a=0.9, t0=0.38, t1=0.54",4,0.9346695413502834,False
Strata,"a=0.97, t0=0.38, t1=0.54","a=0.91, t0=0.38, t1=0.54",4,0.9461628632290962,False
Strata,"a=0.97, t0=0.38, t1=0.54","a=0.92, t0=0.38, t1=0.54",4,0.9573845419817425,False
Strata,"a=0.97, t0=0.38, t1=0.54","a=0.93, t0=0.38, t1=0.54",4,0.9682887460074419,False
Strata,"a=0.97, t0=0.38, t1=0.54","a=0.94, t0=0.38, t1=0.54",4,0.9787384895623363,False
Strata,"a=0.97, t0=0.38, t1=0.54","a=0.95, t0=0.38, t1=0.54",4,0.9883733852700122,False
Strata,"a=0.97, t0=0.38, t1=0.54","a=0.96, t0=0.38, t1=0.54",4,0.9962714513822237,False
Strata,"a=0.97, t0=0.38, t1=0.54","a=0.97, t0=0.38, t1=0.54",4,0.9999999999998906,True
Strata,"a=0.97, t0=0.38, t1=0.54","a=0.98, t0=0.38, t1=0.54",4,0.9925114977124746,False
Strata,"a=0.97, t0=0.38, t1=0.54","a=0.99, t0=0.38, t1=0.54",4,0.9483497928991549,False
Strata,"a=0.97, t0=0.38, t1=0.54","a=0.9, t0=0.38, t1=0.54",5,0.9263686934009375,False
Strata,"a=0.97, t0=0.38, t1=0.54","a=0.91, t0=0.38, t1=0.54",5,0.9392308137796072,False
Strata,"a=0.97, t0=0.38, t1=0.54","a=0.92, t0=0.38, t1=0.54",5,0.9518412733768746,False
Strata,"a=0.97, t0=0.38, t1=0.54","a=0.93, t0=0.38, t1=0.54",5,0.9641403631932769,False
Strata,"a=0.97, t0=0.38, t1=0.54","a=0.94, t0=0.38, t1=0.54",5,0.97595714636638,False
Strata,"a=0.97, t0=0.38, t1=0.54","a=0.95, t0=0.38, t1=0.54",5,0.986860646842534,False
Strata,"a=0.97, t0=0.38, t1=0.54","a=0.96, t0=0.38, t1=0.54",5,0.9957893559677221,False
Strata,"a=0.97, t0=0.38, t1=0.54","a=0.97, t0=0.38, t1=0.54",5,0.9999999999999689,True
Strata,"a=0.97, t0=0.38, t1=0.54","a=0.98, t0=0.38, t1=0.54",5,0.9915186104268787,False
Strata,"a=0.97, t0=0.38, t1=0.54","a=0.99, t0=0.38, t1=0.54",5,0.942179366923632,False
Strata,"a=0.97, t0=0.38, t1=0.54","a=0.9, t0=0.38, t1=0.54",6,0.9272447985372954,False
Strata,"a=0.97, t0=0.38, t1=0.54","a=0.91, t0=0.38, t1=0.54",6,0.9400585733842639,False
Strata,"a=0.97, t0=0.38, t1=0.54","a=0.92, t0=0.38, t1=0.54",6,0.9525643841562561,False
Strata,"a=0.97, t0=0.38, t1=0.54","a=0.93, t0=0.38, t1=0.54",6,0.964709020214288,False
Strata,"a=0.97, t0=0.38, t1=0.54","a=0.94, t0=0.38, t1=0.54",6,0.9763384754346436,False
Strata,"a=0.97, t0=0.38, t1=0.54","a=0.95, t0=0.38, t1=0.54",6,0.9870533889173246,False
Strata,"a=0.97, t0=0.38, t1=0.54","a=0.96, t0=0.38, t1=0.54",6,0.9958391811634102,False
Strata,"a=0.97, t0=0.38, t1=0.54","a=0.97, t0=0.38, t1=0.54",6,0.9999999999998954,True
Strata,"a=0.97, t0=0.38, t1=0.54","a=0.98, t0=0.38, t1=0.54",6,0.9914758882887625,False
Strata,"a=0.97, t0=0.38, t1=0.54","a=0.99, t0=0.38, t1=0.54",6,0.9406139093721706,False
Strata,"a=0.97, t0=0.38, t1=0.54","a=0.9, t0=0.38, t1=0.54",7,0.9231059664781599,False
Strata,"a=0.97, t0=0.38, t1=0.54","a=0.91, t0=0.38, t1=0.54",7,0.9365247325559305,False
Strata,"a=0.97, t0=0.38, t1=0.54","a=0.92, t0=0.38, t1=0.54",7,0.9497159768502152,False
Strata,"a=0.97, t0=0.38, t1=0.54","a=0.93, t0=0.38, t1=0.54",7,0.9626026053721051,False
Strata,"a=0.97, t0=0.38, t1=0.54","a=0.94, t0=0.38, t1=0.54",7,0.9749852407416161,False
Strata,"a=0.97, t0=0.38, t1=0.54","a=0.95, t0=0.38, t1=0.54",7,0.986385923038431,False
Strata,"a=0.97, t0=0.38, t1=0.54","a=0.96, t0=0.38, t1=0.54",7,0.9956679305676406,False
Strata,"a=0.97, t0=0.38, t1=0.54","a=0.97, t0=0.38, t1=0.54",7,0.9999999999999379,True
Strata,"a=0.97, t0=0.38, t1=0.54","a=0.98, t0=0.38, t1=0.54",7,0.9915302972123567,False
Strata,"a=0.97, t0=0.38, t1=0.54","a=0.99, t0=0.38, t1=0.54",7,0.9423089000922278,False
Strata,"a=0.97, t0=0.38, t1=0.54","a=0.9, t0=0.38, t1=0.54",8,0.926099206526132,False
Strata,"a=0.97, t0=0.38, t1=0.54","a=0.91, t0=0.38, t1=0.54",8,0.9391836390301916,False
Strata,"a=0.97, t0=0.38, t1=0.54","a=0.92, t0=0.38, t1=0.54",8,0.9519798473911111,False
Strata,"a=0.97, t0=0.38, t1=0.54","a=0.93, t0=0.38, t1=0.54",8,0.9644087546664813,False
Strata,"a=0.97, t0=0.38, t1=0.54","a=0.94, t0=0.38, t1=0.54",8,0.9762771266212343,False
Strata,"a=0.97, t0=0.38, t1=0.54","a=0.95, t0=0.38, t1=0.54",8,0.9871329953166602,False
Strata,"a=0.97, t0=0.38, t1=0.54","a=0.96, t0=0.38, t1=0.54",8,0.9959165878240404,False
Strata,"a=0.97, t0=0.38, t1=0.54","a=0.97, t0=0.38, t1=0.54",8,0.9999999999999281,True
Strata,"a=0.97, t0=0.38, t1=0.54","a=0.98, t0=0.38, t1=0.54",8,0.9920255035399969,False
Strata,"a=0.97, t0=0.38, t1=0.54","a=0.99, t0=0.38, t1=0.54",8,0.9476264427481996,False
Strata,"a=0.97, t0=0.38, t1=0.54","a=0.9, t0=0.38, t1=0.54",9,0.9164349836750438,False
Strata,"a=0.97, t0=0.38, t1=0.54","a=0.91, t0=0.38, t1=0.54",9,0.9306481536808948,False
Strata,"a=0.97, t0=0.38, t1=0.54","a=0.92, t0=0.38, t1=0.54",9,0.9447323510473468,False
Strata,"a=0.97, t0=0.38, t1=0.54","a=0.93, t0=0.38, t1=0.54",9,0.9586266888511246,False
Strata,"a=0.97, t0=0.38, t1=0.54","a=0.94, t0=0.38, t1=0.54",9,0.9721355285847506,False
Strata,"a=0.97, t0=0.38, t1=0.54","a=0.95, t0=0.38, t1=0.54",9,0.9847369055529578,False
Strata,"a=0.97, t0=0.38, t1=0.54","a=0.96, t0=0.38, t1=0.54",9,0.9951209550953783,False
Strata,"a=0.97, t0=0.38, t1=0.54","a=0.97, t0=0.38, t1=0.54",9,0.999999999999854,True
Strata,"a=0.97, t0=0.38, t1=0.54","a=0.98, t0=0.38, t1=0.54",9,0.9905293197282611,False
Strata,"a=0.97, t0=0.38, t1=0.54","a=0.99, t0=0.38, t1=0.54",9,0.9373371588952182,False
Strata,"a=0.98, t0=0.38, t1=0.54","a=0.9, t0=0.38, t1=0.54",0,0.9143039629179344,False
Strata,"a=0.98, t0=0.38, t1=0.54","a=0.91, t0=0.38, t1=0.54",0,0.9259164635587038,False
Strata,"a=0.98, t0=0.38, t1=0.54","a=0.92, t0=0.38, t1=0.54",0,0.9374588405347055,False
Strata,"a=0.98, t0=0.38, t1=0.54","a=0.93, t0=0.38, t1=0.54",0,0.9490128360601282,False
Strata,"a=0.98, t0=0.38, t1=0.54","a=0.94, t0=0.38, t1=0.54",0,0.9606536748216402,False
Strata,"a=0.98, t0=0.38, t1=0.54","a=0.95, t0=0.38, t1=0.54",0,0.9723922627442757,False
Strata,"a=0.98, t0=0.38, t1=0.54","a=0.96, t0=0.38, t1=0.54",0,0.9840002558962319,False
Strata,"a=0.98, t0=0.38, t1=0.54","a=0.97, t0=0.38, t1=0.54",0,0.9944593433795276,False
Strata,"a=0.98, t0=0.38, t1=0.54","a=0.98, t0=0.38, t1=0.54",0,0.9999999999998496,True
Strata,"a=0.98, t0=0.38, t1=0.54","a=0.99, t0=0.38, t1=0.54",0,0.9854255183250485,False
Strata,"a=0.98, t0=0.38, t1=0.54","a=0.9, t0=0.38, t1=0.54",1,0.8723027136377759,False
Strata,"a=0.98, t0=0.38, t1=0.54","a=0.91, t0=0.38, t1=0.54",1,0.888855397757154,False
Strata,"a=0.98, t0=0.38, t1=0.54","a=0.92, t0=0.38, t1=0.54",1,0.905598145588197,False
Strata,"a=0.98, t0=0.38, t1=0.54","a=0.93, t0=0.38, t1=0.54",1,0.9226363392337862,False
Strata,"a=0.98, t0=0.38, t1=0.54","a=0.94, t0=0.38, t1=0.54",1,0.9400589135398149,False
Strata,"a=0.98, t0=0.38, t1=0.54","a=0.95, t0=0.38, t1=0.54",1,0.9578422889873306,False
Strata,"a=0.98, t0=0.38, t1=0.54","a=0.96, t0=0.38, t1=0.54",1,0.9755673689026519,False
Strata,"a=0.98, t0=0.38, t1=0.54","a=0.97, t0=0.38, t1=0.54",1,0.9915634573972845,False
Strata,"a=0.98, t0=0.38, t1=0.54","a=0.98, t0=0.38, t1=0.54",1,0.9999999999999513,True
Strata,"a=0.98, t0=0.38, t1=0.54","a=0.99, t0=0.38, t1=0.54",1,0.9777915092820287,False
Strata,"a=0.98, t0=0.38, t1=0.54","a=0.9, t0=0.38, t1=0.54",2,0.9088076784222008,False
Strata,"a=0.98, t0=0.38, t1=0.54","a=0.91, t0=0.38, t1=0.54",2,0.9209278324394418,False
Strata,"a=0.98, t0=0.38, t1=0.54","a=0.92, t0=0.38, t1=0.54",2,0.933064662508793,False
Strata,"a=0.98, t0=0.38, t1=0.54","a=0.93, t0=0.38, t1=0.54",2,0.9453198423065241,False
Strata,"a=0.98, t0=0.38, t1=0.54","a=0.94, t0=0.38, t1=0.54",2,0.9577806544018869,False
Strata,"a=0.98, t0=0.38, t1=0.54","a=0.95, t0=0.38, t1=0.54",2,0.9704401825791715,False
Strata,"a=0.98, t0=0.38, t1=0.54","a=0.96, t0=0.38, t1=0.54",2,0.9829790299869529,False
Strata,"a=0.98, t0=0.38, t1=0.54","a=0.97, t0=0.38, t1=0.54",2,0.9941724034642696,False
Strata,"a=0.98, t0=0.38, t1=0.54","a=0.98, t0=0.38, t1=0.54",2,0.9999999999998949,True
Strata,"a=0.98, t0=0.38, t1=0.54","a=0.99, t0=0.38, t1=0.54",2,0.9847279602918545,False
Strata,"a=0.98, t0=0.38, t1=0.54","a=0.9, t0=0.38, t1=0.54",3,0.8919382906724926,False
Strata,"a=0.98, t0=0.38, t1=0.54","a=0.91, t0=0.38, t1=0.54",3,0.9062181744971516,False
Strata,"a=0.98, t0=0.38, t1=0.54","a=0.92, t0=0.38, t1=0.54",3,0.9206002340775451,False
Strata,"a=0.98, t0=0.38, t1=0.54","a=0.93, t0=0.38, t1=0.54",3,0.9351796360925696,False
Strata,"a=0.98, t0=0.38, t1=0.54","a=0.94, t0=0.38, t1=0.54",3,0.9500249464074614,False
Strata,"a=0.98, t0=0.38, t1=0.54","a=0.95, t0=0.38, t1=0.54",3,0.9650872255581849,False
Strata,"a=0.98, t0=0.38, t1=0.54","a=0.96, t0=0.38, t1=0.54",3,0.9799570226055743,False
Strata,"a=0.98, t0=0.38, t1=0.54","a=0.97, t0=0.38, t1=0.54",3,0.9931729748571524,False
Strata,"a=0.98, t0=0.38, t1=0.54","a=0.98, t0=0.38, t1=0.54",3,0.9999999999999258,True
Strata,"a=0.98, t0=0.38, t1=0.54","a=0.99, t0=0.38, t1=0.54",3,0.9820045262975432,False
Strata,"a=0.98, t0=0.38, t1=0.54","a=0.9, t0=0.38, t1=0.54",4,0.9140765827844812,False
Strata,"a=0.98, t0=0.38, t1=0.54","a=0.91, t0=0.38, t1=0.54",4,0.9258305984100054,False
Strata,"a=0.98, t0=0.38, t1=0.54","a=0.92, t0=0.38, t1=0.54",4,0.9374528790340849,False
Strata,"a=0.98, t0=0.38, t1=0.54","a=0.93, t0=0.38, t1=0.54",4,0.949013073028941,False
Strata,"a=0.98, t0=0.38, t1=0.54","a=0.94, t0=0.38, t1=0.54",4,0.9605861816050295,False
Strata,"a=0.98, t0=0.38, t1=0.54","a=0.95, t0=0.38, t1=0.54",4,0.972212806224586,False
Strata,"a=0.98, t0=0.38, t1=0.54","a=0.96, t0=0.38, t1=0.54",4,0.9837464090964095,False
Strata,"a=0.98, t0=0.38, t1=0.54","a=0.97, t0=0.38, t1=0.54",4,0.9942867383417604,False
Strata,"a=0.98, t0=0.38, t1=0.54","a=0.98, t0=0.38, t1=0.54",4,0.9999999999998882,True
Strata,"a=0.98, t0=0.38, t1=0.54","a=0.99, t0=0.38, t1=0.54",4,0.9838195745213477,False
Strata,"a=0.98, t0=0.38, t1=0.54","a=0.9, t0=0.38, t1=0.54",5,0.8805378837740779,False
Strata,"a=0.98, t0=0.38, t1=0.54","a=0.91, t0=0.38, t1=0.54",5,0.8962403665538643,False
Strata,"a=0.98, t0=0.38, t1=0.54","a=0.92, t0=0.38, t1=0.54",5,0.9121148574784258,False
Strata,"a=0.98, t0=0.38, t1=0.54","a=0.93, t0=0.38, t1=0.54",5,0.9282610146839513,False
Strata,"a=0.98, t0=0.38, t1=0.54","a=0.94, t0=0.38, t1=0.54",5,0.9447432026875064,False
Strata,"a=0.98, t0=0.38, t1=0.54","a=0.95, t0=0.38, t1=0.54",5,0.9614816726855419,False
Strata,"a=0.98, t0=0.38, t1=0.54","a=0.96, t0=0.38, t1=0.54",5,0.977973164649335,False
Strata,"a=0.98, t0=0.38, t1=0.54","a=0.97, t0=0.38, t1=0.54",5,0.9925411142403802,False
Strata,"a=0.98, t0=0.38, t1=0.54","a=0.98, t0=0.38, t1=0.54",5,0.9999999999998492,True
Strata,"a=0.98, t0=0.38, t1=0.54","a=0.99, t0=0.38, t1=0.54",5,0.981418093615302,False
Strata,"a=0.98, t0=0.38, t1=0.54","a=0.9, t0=0.38, t1=0.54",6,0.8920663935640076,False
Strata,"a=0.98, t0=0.38, t1=0.54","a=0.91, t0=0.38, t1=0.54",6,0.9065803285676909,False
Strata,"a=0.98, t0=0.38, t1=0.54","a=0.92, t0=0.38, t1=0.54",6,0.9211189485420449,False
Strata,"a=0.98, t0=0.38, t1=0.54","a=0.93, t0=0.38, t1=0.54",6,0.935755938933758,False
Strata,"a=0.98, t0=0.38, t1=0.54","a=0.94, t0=0.38, t1=0.54",6,0.9505429727928123,False
Strata,"a=0.98, t0=0.38, t1=0.54","a=0.95, t0=0.38, t1=0.54",6,0.9654344700171009,False
Strata,"a=0.98, t0=0.38, t1=0.54","a=0.96, t0=0.38, t1=0.54",6,0.9800748405526103,False
Strata,"a=0.98, t0=0.38, t1=0.54","a=0.97, t0=0.38, t1=0.54",6,0.9931421862433747,False
Strata,"a=0.98, t0=0.38, t1=0.54","a=0.98, t0=0.38, t1=0.54",6,0.9999999999997882,True
Strata,"a=0.98, t0=0.38, t1=0.54","a=0.99, t0=0.38, t1=0.54",6,0.9819465692815118,False
Strata,"a=0.98, t0=0.38, t1=0.54","a=0.9, t0=0.38, t1=0.54",7,0.8988588327893946,False
Strata,"a=0.98, t0=0.38, t1=0.54","a=0.91, t0=0.38, t1=0.54",7,0.9126201653579261,False
Strata,"a=0.98, t0=0.38, t1=0.54","a=0.92, t0=0.38, t1=0.54",7,0.9263573827095631,False
Strata,"a=0.98, t0=0.38, t1=0.54","a=0.93, t0=0.38, t1=0.54",7,0.940139456451357,False
Strata,"a=0.98, t0=0.38, t1=0.54","a=0.94, t0=0.38, t1=0.54",7,0.954016439860825,False
Strata,"a=0.98, t0=0.38, t1=0.54","a=0.95, t0=0.38, t1=0.54",7,0.9679467036942506,False
Strata,"a=0.98, t0=0.38, t1=0.54","a=0.96, t0=0.38, t1=0.54",7,0.9815916286141386,False
Strata,"a=0.98, t0=0.38, t1=0.54","a=0.97, t0=0.38, t1=0.54",7,0.9937008817804072,False
Strata,"a=0.98, t0=0.38, t1=0.54","a=0.98, t0=0.38, t1=0.54",7,0.9999999999999155,True
Strata,"a=0.98, t0=0.38, t1=0.54","a=0.99, t0=0.38, t1=0.54",7,0.9836543742480129,False
Strata,"a=0.98, t0=0.38, t1=0.54","a=0.9, t0=0.38, t1=0.54",8,0.8885974025811658,False
Strata,"a=0.98, t0=0.38, t1=0.54","a=0.91, t0=0.38, t1=0.54",8,0.9033926293789784,False
Strata,"a=0.98, t0=0.38, t1=0.54","a=0.92, t0=0.38, t1=0.54",8,0.9182782224342049,False
Strata,"a=0.98, t0=0.38, t1=0.54","a=0.93, t0=0.38, t1=0.54",8,0.9333340896957977,False
Strata,"a=0.98, t0=0.38, t1=0.54","a=0.94, t0=0.38, t1=0.54",8,0.9486163798872593,False
Strata,"a=0.98, t0=0.38, t1=0.54","a=0.95, t0=0.38, t1=0.54",8,0.9640748938755619,False
Strata,"a=0.98, t0=0.38, t1=0.54","a=0.96, t0=0.38, t1=0.54",8,0.9793204037876575,False
Strata,"a=0.98, t0=0.38, t1=0.54","a=0.97, t0=0.38, t1=0.54",8,0.9929202422992486,False
Strata,"a=0.98, t0=0.38, t1=0.54","a=0.98, t0=0.38, t1=0.54",8,0.9999999999999576,True
Strata,"a=0.98, t0=0.38, t1=0.54","a=0.99, t0=0.38, t1=0.54",8,0.9821438557170149,False
Strata,"a=0.98, t0=0.38, t1=0.54","a=0.9, t0=0.38, t1=0.54",9,0.8897733429669238,False
Strata,"a=0.98, t0=0.38, t1=0.54","a=0.91, t0=0.38, t1=0.54",9,0.9043494813953505,False
Strata,"a=0.98, t0=0.38, t1=0.54","a=0.92, t0=0.38, t1=0.54",9,0.9189742997543686,False
Strata,"a=0.98, t0=0.38, t1=0.54","a=0.93, t0=0.38, t1=0.54",9,0.9337410410691904,False
Strata,"a=0.98, t0=0.38, t1=0.54","a=0.94, t0=0.38, t1=0.54",9,0.9487318305825694,False
Strata,"a=0.98, t0=0.38, t1=0.54","a=0.95, t0=0.38, t1=0.54",9,0.9639425500350076,False
Strata,"a=0.98, t0=0.38, t1=0.54","a=0.96, t0=0.38, t1=0.54",9,0.9790576428340723,False
Strata,"a=0.98, t0=0.38, t1=0.54","a=0.97, t0=0.38, t1=0.54",9,0.9927311337268491,False
Strata,"a=0.98, t0=0.38, t1=0.54","a=0.98, t0=0.38, t1=0.54",9,0.999999999999877,True
Strata,"a=0.98, t0=0.38, t1=0.54","a=0.99, t0=0.38, t1=0.54",9,0.980299847294888,False
Strata,"a=0.99, t0=0.38, t1=0.54","a=0.9, t0=0.38, t1=0.54",0,0.8992029139195654,False
Strata,"a=0.99, t0=0.38, t1=0.54","a=0.91, t0=0.38, t1=0.54",0,0.9093820481225384,False
Strata,"a=0.99, t0=0.38, t1=0.54","a=0.92, t0=0.38, t1=0.54",0,0.9195219784506237,False
Strata,"a=0.99, t0=0.38, t1=0.54","a=0.93, t0=0.38, t1=0.54",0,0.9297614485596708,False
Strata,"a=0.99, t0=0.38, t1=0.54","a=0.94, t0=0.38, t1=0.54",0,0.9402971124237355,False
Strata,"a=0.99, t0=0.38, t1=0.54","a=0.95, t0=0.38, t1=0.54",0,0.9513986748414214,False
Strata,"a=0.99, t0=0.38, t1=0.54","a=0.96, t0=0.38, t1=0.54",0,0.9634042625863319,False
Strata,"a=0.99, t0=0.38, t1=0.54","a=0.97, t0=0.38, t1=0.54",0,0.9766112801075992,False
Strata,"a=0.99, t0=0.38, t1=0.54","a=0.98, t0=0.38, t1=0.54",0,0.9906251093917643,False
Strata,"a=0.99, t0=0.38, t1=0.54","a=0.99, t0=0.38, t1=0.54",0,0.9999999999992805,True
Strata,"a=0.99, t0=0.38, t1=0.54","a=0.9, t0=0.38, t1=0.54",1,0.7807018300525376,False
Strata,"a=0.99, t0=0.38, t1=0.54","a=0.91, t0=0.38, t1=0.54",1,0.8002293449806541,False
Strata,"a=0.99, t0=0.38, t1=0.54","a=0.92, t0=0.38, t1=0.54",1,0.820347779810273,False
Strata,"a=0.99, t0=0.38, t1=0.54","a=0.93, t0=0.38, t1=0.54",1,0.8413411752036024,False
Strata,"a=0.99, t0=0.38, t1=0.54","a=0.94, t0=0.38, t1=0.54",1,0.8636295566471223,False
Strata,"a=0.99, t0=0.38, t1=0.54","a=0.95, t0=0.38, t1=0.54",1,0.8878127242790989,False
Strata,"a=0.99, t0=0.38, t1=0.54","a=0.96, t0=0.38, t1=0.54",1,0.9146705072370906,False
Strata,"a=0.99, t0=0.38, t1=0.54","a=0.97, t0=0.38, t1=0.54",1,0.9448977449917889,False
Strata,"a=0.99, t0=0.38, t1=0.54","a=0.98, t0=0.38, t1=0.54",1,0.9775528218829842,False
Strata,"a=0.99, t0=0.38, t1=0.54","a=0.99, t0=0.38, t1=0.54",1,0.9999999999998974,True
Strata,"a=0.99, t0=0.38, t1=0.54","a=0.9, t0=0.38, t1=0.54",2,0.8494720912132195,False
Strata,"a=0.99, t0=0.38, t1=0.54","a=0.91, t0=0.38, t1=0.54",2,0.8636128141795123,False
Strata,"a=0.99, t0=0.38, t1=0.54","a=0.92, t0=0.38, t1=0.54",2,0.8779570411659882,False
Strata,"a=0.99, t0=0.38, t1=0.54","a=0.93, t0=0.38, t1=0.54",2,0.8927188876957524,False
Strata,"a=0.99, t0=0.38, t1=0.54","a=0.94, t0=0.38, t1=0.54",2,0.9082060259842775,False
Strata,"a=0.99, t0=0.38, t1=0.54","a=0.95, t0=0.38, t1=0.54",2,0.9248417363127681,False
Strata,"a=0.99, t0=0.38, t1=0.54","a=0.96, t0=0.38, t1=0.54",2,0.9431513127090557,False
Strata,"a=0.99, t0=0.38, t1=0.54","a=0.97, t0=0.38, t1=0.54",2,0.9635794222455977,False
Strata,"a=0.99, t0=0.38, t1=0.54","a=0.98, t0=0.38, t1=0.54",2,0.9854321326557216,False
Strata,"a=0.99, t0=0.38, t1=0.54","a=0.99, t0=0.38, t1=0.54",2,0.999999999999865,True
Strata,"a=0.99, t0=0.38, t1=0.54","a=0.9, t0=0.38, t1=0.54",3,0.8804520532752103,False
Strata,"a=0.99, t0=0.38, t1=0.54","a=0.91, t0=0.38, t1=0.54",3,0.892021431685585,False
Strata,"a=0.99, t0=0.38, t1=0.54","a=0.92, t0=0.38, t1=0.54",3,0.9036232854956857,False
Strata,"a=0.99, t0=0.38, t1=0.54","a=0.93, t0=0.38, t1=0.54",3,0.9154209848391341,False
Strata,"a=0.99, t0=0.38, t1=0.54","a=0.94, t0=0.38, t1=0.54",3,0.92765059393606,False
Strata,"a=0.99, t0=0.38, t1=0.54","a=0.95, t0=0.38, t1=0.54",3,0.9406500197857317,False
Strata,"a=0.99, t0=0.38, t1=0.54","a=0.96, t0=0.38, t1=0.54",3,0.9548800966404918,False
Strata,"a=0.99, t0=0.38, t1=0.54","a=0.97, t0=0.38, t1=0.54",3,0.9708291256277691,False
Strata,"a=0.99, t0=0.38, t1=0.54","a=0.98, t0=0.38, t1=0.54",3,0.9881684758225205,False
Strata,"a=0.99, t0=0.38, t1=0.54","a=0.99, t0=0.38, t1=0.54",3,0.9999999999998345,True
Strata,"a=0.99, t0=0.38, t1=0.54","a=0.9, t0=0.38, t1=0.54",4,0.8701432912254243,False
Strata,"a=0.99, t0=0.38, t1=0.54","a=0.91, t0=0.38, t1=0.54",4,0.8827739166799426,False
Strata,"a=0.99, t0=0.38, t1=0.54","a=0.92, t0=0.38, t1=0.54",4,0.8954370276217429,False
Strata,"a=0.99, t0=0.38, t1=0.54","a=0.93, t0=0.38, t1=0.54",4,0.9083039340654849,False
Strata,"a=0.99, t0=0.38, t1=0.54","a=0.94, t0=0.38, t1=0.54",4,0.9216304476359088,False
Strata,"a=0.99, t0=0.38, t1=0.54","a=0.95, t0=0.38, t1=0.54",4,0.9357902435842003,False
Strata,"a=0.99, t0=0.38, t1=0.54","a=0.96, t0=0.38, t1=0.54",4,0.9512884499251021,False
Strata,"a=0.99, t0=0.38, t1=0.54","a=0.97, t0=0.38, t1=0.54",4,0.9686188985219244,False
Strata,"a=0.99, t0=0.38, t1=0.54","a=0.98, t0=0.38, t1=0.54",4,0.9873059929293748,False
Strata,"a=0.99, t0=0.38, t1=0.54","a=0.99, t0=0.38, t1=0.54",4,0.9999999999996545,True
Strata,"a=0.99, t0=0.38, t1=0.54","a=0.9, t0=0.38, t1=0.54",5,0.8204272802662692,False
Strata,"a=0.99, t0=0.38, t1=0.54","a=0.91, t0=0.38, t1=0.54",5,0.8374956629642261,False
Strata,"a=0.99, t0=0.38, t1=0.54","a=0.92, t0=0.38, t1=0.54",5,0.8549405261323262,False
Strata,"a=0.99, t0=0.38, t1=0.54","a=0.93, t0=0.38, t1=0.54",5,0.8729720598809874,False
Strata,"a=0.99, t0=0.38, t1=0.54","a=0.94, t0=0.38, t1=0.54",5,0.891879608008512,False
Strata,"a=0.99, t0=0.38, t1=0.54","a=0.95, t0=0.38, t1=0.54",5,0.9120404716267625,False
Strata,"a=0.99, t0=0.38, t1=0.54","a=0.96, t0=0.38, t1=0.54",5,0.9338888781542818,False
Strata,"a=0.99, t0=0.38, t1=0.54","a=0.97, t0=0.38, t1=0.54",5,0.9577280047536897,False
Strata,"a=0.99, t0=0.38, t1=0.54","a=0.98, t0=0.38, t1=0.54",5,0.9827965307402541,False
Strata,"a=0.99, t0=0.38, t1=0.54","a=0.99, t0=0.38, t1=0.54",5,0.9999999999999414,True
Strata,"a=0.99, t0=0.38, t1=0.54","a=0.9, t0=0.38, t1=0.54",6,0.8326810852979927,False
Strata,"a=0.99, t0=0.38, t1=0.54","a=0.91, t0=0.38, t1=0.54",6,0.848549785576037,False
Strata,"a=0.99, t0=0.38, t1=0.54","a=0.92, t0=0.38, t1=0.54",6,0.8646270980192238,False
Strata,"a=0.99, t0=0.38, t1=0.54","a=0.93, t0=0.38, t1=0.54",6,0.8811111273296526,False
Strata,"a=0.99, t0=0.38, t1=0.54","a=0.94, t0=0.38, t1=0.54",6,0.8982918647182746,False
Strata,"a=0.99, t0=0.38, t1=0.54","a=0.95, t0=0.38, t1=0.54",6,0.9165900800619171,False
Strata,"a=0.99, t0=0.38, t1=0.54","a=0.96, t0=0.38, t1=0.54",6,0.9365914345978643,False
Strata,"a=0.99, t0=0.38, t1=0.54","a=0.97, t0=0.38, t1=0.54",6,0.9589375040632331,False
Strata,"a=0.99, t0=0.38, t1=0.54","a=0.98, t0=0.38, t1=0.54",6,0.9832346612626034,False
Strata,"a=0.99, t0=0.38, t1=0.54","a=0.99, t0=0.38, t1=0.54",6,0.9999999999999791,True
Strata,"a=0.99, t0=0.38, t1=0.54","a=0.9, t0=0.38, t1=0.54",7,0.845292689099251,False
Strata,"a=0.99, t0=0.38, t1=0.54","a=0.91, t0=0.38, t1=0.54",7,0.859778707015705,False
Strata,"a=0.99, t0=0.38, t1=0.54","a=0.92, t0=0.38, t1=0.54",7,0.8744367524416186,False
Strata,"a=0.99, t0=0.38, t1=0.54","a=0.93, t0=0.38, t1=0.54",7,0.8894725196239797,False
Strata,"a=0.99, t0=0.38, t1=0.54","a=0.94, t0=0.38, t1=0.54",7,0.9051898419854989,False
Strata,"a=0.99, t0=0.38, t1=0.54","a=0.95, t0=0.38, t1=0.54",7,0.9220263298618416,False
Strata,"a=0.99, t0=0.38, t1=0.54","a=0.96, t0=0.38, t1=0.54",7,0.940572675844414,False
Strata,"a=0.99, t0=0.38, t1=0.54","a=0.97, t0=0.38, t1=0.54",7,0.9614408679363271,False
Strata,"a=0.99, t0=0.38, t1=0.54","a=0.98, t0=0.38, t1=0.54",7,0.9842212902171679,False
Strata,"a=0.99, t0=0.38, t1=0.54","a=0.99, t0=0.38, t1=0.54",7,0.9999999999999234,True
Strata,"a=0.99, t0=0.38, t1=0.54","a=0.9, t0=0.38, t1=0.54",8,0.8274794895458994,False
Strata,"a=0.99, t0=0.38, t1=0.54","a=0.91, t0=0.38, t1=0.54",8,0.8432035268640576,False
Strata,"a=0.99, t0=0.38, t1=0.54","a=0.92, t0=0.38, t1=0.54",8,0.8591486026374132,False
Strata,"a=0.99, t0=0.38, t1=0.54","a=0.93, t0=0.38, t1=0.54",8,0.8755458915844385,False
Strata,"a=0.99, t0=0.38, t1=0.54","a=0.94, t0=0.38, t1=0.54",8,0.8927395274095515,False
Strata,"a=0.99, t0=0.38, t1=0.54","a=0.95, t0=0.38, t1=0.54",8,0.9112295351011271,False
Strata,"a=0.99, t0=0.38, t1=0.54","a=0.96, t0=0.38, t1=0.54",8,0.9317099352053673,False
Strata,"a=0.99, t0=0.38, t1=0.54","a=0.97, t0=0.38, t1=0.54",8,0.9550023542817391,False
Strata,"a=0.99, t0=0.38, t1=0.54","a=0.98, t0=0.38, t1=0.54",8,0.9811100215414857,False
Strata,"a=0.99, t0=0.38, t1=0.54","a=0.99, t0=0.38, t1=0.54",8,0.9999999999999641,True
Strata,"a=0.99, t0=0.38, t1=0.54","a=0.9, t0=0.38, t1=0.54",9,0.840599443554828,False
Strata,"a=0.99, t0=0.38, t1=0.54","a=0.91, t0=0.38, t1=0.54",9,0.8557495825831447,False
Strata,"a=0.99, t0=0.38, t1=0.54","a=0.92, t0=0.38, t1=0.54",9,0.8711280811084325,False
Strata,"a=0.99, t0=0.38, t1=0.54","a=0.93, t0=0.38, t1=0.54",9,0.8869340362614199,False
Strata,"a=0.99, t0=0.38, t1=0.54","a=0.94, t0=0.38, t1=0.54",9,0.9034568593317519,False
Strata,"a=0.99, t0=0.38, t1=0.54","a=0.95, t0=0.38, t1=0.54",9,0.9211049224190512,False
Strata,"a=0.99, t0=0.38, t1=0.54","a=0.96, t0=0.38, t1=0.54",9,0.9404072167271458,False
Strata,"a=0.99, t0=0.38, t1=0.54","a=0.97, t0=0.38, t1=0.54",9,0.9618379683412622,False
Strata,"a=0.99, t0=0.38, t1=0.54","a=0.98, t0=0.38, t1=0.54",9,0.9847028501516899,False
Strata,"a=0.99, t0=0.38, t1=0.54","a=0.99, t0=0.38, t1=0.54",9,0.9999999999999013,True
Arch,a=0.9,a=0.9,0,0.9999999999999215,True
Arch,a=0.9,a=0.91,0,0.9984647908045859,False
Arch,a=0.9,a=0.92,0,0.9932145348344218,False
Arch,a=0.9,a=0.93,0,0.9829798892074408,False
Arch,a=0.9,a=0.94,0,0.9658867758399896,False
Arch,a=0.9,a=0.95,0,0.9390147690771441,False
Arch,a=0.9,a=0.96,0,0.8974949525903744,False
Arch,a=0.9,a=0.97,0,0.8325267112297599,False
Arch,a=0.9,a=0.98,0,0.7266430117262157,False
Arch,a=0.9,a=0.99,0,0.5404062152812277,False
Arch,a=0.9,a=0.9,1,0.9999999999996783,True
Arch,a=0.9,a=0.91,1,0.9984519319980795,False
Arch,a=0.9,a=0.92,1,0.9931658348779241,False
Arch,a=0.9,a=0.93,1,0.9828925937020155,False
Arch,a=0.9,a=0.94,1,0.965823884198504,False
Arch,a=0.9,a=0.95,1,0.9392180500195119,False
Arch,a=0.9,a=0.96,1,0.8986714608152986,False
Arch,a=0.9,a=0.97,1,0.8365481584827389,False
Arch,a=0.9,a=0.98,1,0.737855678723079,False
Arch,a=0.9,a=0.99,1,0.5658489446663366,False
Arch,a=0.9,a=0.9,2,0.9999999999999182,True
Arch,a=0.9,a=0.91,2,0.9984220727817261,False
Arch,a=0.9,a=0.92,2,0.9930322148212358,False
Arch,a=0.9,a=0.93,2,0.9825525389641611,False
Arch,a=0.9,a=0.94,2,0.9651221896352649,False
Arch,a=0.9,a=0.95,2,0.9378728497102587,False
Arch,a=0.9,a=0.96,2,0.8960424191509602,False
Arch,a=0.9,a=0.97,2,0.8309515351504067,False
Arch,a=0.9,a=0.98,2,0.7246587489835996,False
Arch,a=0.9,a=0.99,2,0.5326988347627843,False
Arch,a=0.9,a=0.9,3,0.9999999999999304,True
Arch,a=0.9,a=0.91,3,0.9983955723985245,False
Arch,a=0.9,a=0.92,3,0.9928996346782086,False
Arch,a=0.9,a=0.93,3,0.9821905056903022,False
Arch,a=0.9,a=0.94,3,0.9643749084623293,False
Arch,a=0.9,a=0.95,3,0.9366275688154616,False
Arch,a=0.9,a=0.96,3,0.8945004080908869,False
Arch,a=0.9,a=0.97,3,0.8304294155411069,False
Arch,a=0.9,a=0.98,3,0.7297305051839342,False
Arch,a=0.9,a=0.99,3,0.5555058631039484,False
Arch,a=0.9,a=0.9,4,0.9999999999999283,True
Arch,a=0.9,a=0.91,4,0.998565441360069,False
Arch,a=0.9,a=0.92,4,0.9936904079143859,False
Arch,a=0.9,a=0.93,4,0.9842732991385357,False
Arch,a=0.9,a=0.94,4,0.9687310867797424,False
Arch,a=0.9,a=0.95,4,0.9446527586977285,False
Arch,a=0.9,a=0.96,4,0.9080681160260616,False
Arch,a=0.9,a=0.97,4,0.8517708928547436,False
Arch,a=0.9,a=0.98,4,0.761028801973235,False
Arch,a=0.9,a=0.99,4,0.5985379021471968,False
Arch,a=0.9,a=0.9,5,0.9999999999998652,True
Arch,a=0.9,a=0.91,5,0.9985510312030852,False
Arch,a=0.9,a=0.92,5,0.9936015476033062,False
Arch,a=0.9,a=0.93,5,0.9839869682096316,False
Arch,a=0.9,a=0.94,5,0.9680487378516,False
Arch,a=0.9,a=0.95,5,0.943339897953585,False
Arch,a=0.9,a=0.96,5,0.9060683437354695,False
Arch,a=0.9,a=0.97,5,0.849853116127127,False
Arch,a=0.9,a=0.98,5,0.7620193233831688,False
Arch,a=0.9,a=0.99,5,0.6068275817814481,False
Arch,a=0.9,a=0.9,6,0.9999999999999742,True
Arch,a=0.9,a=0.91,6,0.9985173429213444,False
Arch,a=0.9,a=0.92,6,0.9934560923520166,False
Arch,a=0.9,a=0.93,6,0.9836272184624103,False
Arch,a=0.9,a=0.94,6,0.9673141804815284,False
Arch,a=0.9,a=0.95,6,0.9419055675730763,False
Arch,a=0.9,a=0.96,6,0.9031411848379661,False
Arch,a=0.9,a=0.97,6,0.8433523059855614,False
Arch,a=0.9,a=0.98,6,0.7465259017343846,False
Arch,a=0.9,a=0.99,6,0.5726850440458402,False
Arch,a=0.9,a=0.9,7,0.9999999999999755,True
Arch,a=0.9,a=0.91,7,0.9985055364050924,False
Arch,a=0.9,a=0.92,7,0.9933820590582246,False
Arch,a=0.9,a=0.93,7,0.983382809018477,False
Arch,a=0.9,a=0.94,7,0.966705619984695,False
Arch,a=0.9,a=0.95,7,0.9406212400541897,False
Arch,a=0.9,a=0.96,7,0.9007004958239706,False
Arch,a=0.9,a=0.97,7,0.8389790226614926,False
Arch,a=0.9,a=0.98,7,0.7391130153776528,False
Arch,a=0.9,a=0.99,7,0.5621532962764695,False
Arch,a=0.9,a=0.9,8,0.9999999999999134,True
Arch,a=0.9,a=0.91,8,0.9984538583892549,False
Arch,a=0.9,a=0.92,8,0.9931744999246611,False
Arch,a=0.9,a=0.93,8,0.9829211652715659,False
Arch,a=0.9,a=0.94,8,0.9659104072949153,False
Arch,a=0.9,a=0.95,8,0.9394539956461606,False
Arch,a=0.9,a=0.96,8,0.8992371357761696,False
Arch,a=0.9,a=0.97,8,0.8376945569072016,False
Arch,a=0.9,a=0.98,8,0.7395057184637097,False
Arch,a=0.9,a=0.99,8,0.5643300348254711,False
Arch,a=0.9,a=0.9,9,0.9999999999999675,True
Arch,a=0.9,a=0.91,9,0.9984697058265747,False
Arch,a=0.9,a=0.92,9,0.9932242211312898,False
Arch,a=0.9,a=0.93,9,0.9829900166115421,False
Arch,a=0.9,a=0.94,9,0.9659267954935525,False
Arch,a=0.9,a=0.95,9,0.9392541646596025,False
Arch,a=0.9,a=0.96,9,0.8985210335613396,False
Arch,a=0.9,a=0.97,9,0.8360359348890148,False
Arch,a=0.9,a=0.98,9,0.7371245581912873,False
Arch,a=0.9,a=0.99,9,0.5685603585109048,False
Arch,a=0.91,a=0.9,0,0.9985147908886104,False
Arch,a=0.91,a=0.91,0,0.999999999999958,True
Arch,a=0.91,a=0.92,0,0.9981860963360552,False
Arch,a=0.91,a=0.93,0,0.991875713282782,False
Arch,a=0.91,a=0.94,0,0.9792937881839746,False
Arch,a=0.91,a=0.95,0,0.9576850147255607,False
Arch,a=0.91,a=0.96,0,0.9225219949129473,False
Arch,a=0.91,a=0.97,0,0.8657689514823392,False
Arch,a=0.91,a=0.98,0,0.7712695514797606,False
Arch,a=0.91,a=0.99,0,0.5979609140016782,False
Arch,a=0.91,a=0.9,1,0.998454234966355,False
Arch,a=0.91,a=0.91,1,0.9999999999999007,True
Arch,a=0.91,a=0.92,1,0.9981200273122101,False
Arch,a=0.91,a=0.93,1,0.9916114139127361,False
Arch,a=0.91,a=0.94,1,0.9787281550453428,False
Arch,a=0.91,a=0.95,1,0.9567973080817287,False
Arch,a=0.91,a=0.96,1,0.9214026454562275,False
Arch,a=0.91,a=0.97,1,0.8644250518052571,False
Arch,a=0.91,a=0.98,1,0.7686463449182852,False
Arch,a=0.91,a=0.99,1,0.5897532157051604,False
Arch,a=0.91,a=0.9,2,0.9984400058957978,False
Arch,a=0.91,a=0.91,2,0.999999999999891,True
Arch,a=0.91,a=0.92,2,0.9980856770319915,False
Arch,a=0.91,a=0.93,2,0.991410934747895,False
Arch,a=0.91,a=0.94,2,0.9780777393397088,False
Arch,a=0.91,a=0.95,2,0.9551290361404151,False
Arch,a=0.91,a=0.96,2,0.9176230390900615,False
Arch,a=0.91,a=0.97,2,0.8565677430969348,False
Arch,a=0.91,a=0.98,2,0.7535995755252325,False
Arch,a=0.91,a=0.99,2,0.5637468478209064,False
Arch,a=0.91,a=0.9,3,0.9984125158655589,False
Arch,a=0.91,a=0.91,3,0.9999999999999318,True
Arch,a=0.91,a=0.92,3,0.9980534261626958,False
Arch,a=0.91,a=0.93,3,0.9912817415040185,False
Arch,a=0.91,a=0.94,3,0.9778275821863069,False
Arch,a=0.91,a=0.95,3,0.954916062740405,False
Arch,a=0.91,a=0.96,3,0.9181728119062491,False
Arch,a=0.91,a=0.97,3,0.8600721963177758,False
Arch,a=0.91,a=0.98,3,0.7652728621844606,False
Arch,a=0.91,a=0.99,3,0.5922708784310129,False
Arch,a=0.91,a=0.9,4,0.9985475446655999,False
Arch,a=0.91,a=0.91,4,0.9999999999998702,True
Arch,a=0.91,a=0.92,4,0.9982401650599118,False
Arch,a=0.91,a=0.93,4,0.9921596768533759,False
Arch,a=0.91,a=0.94,4,0.9801380503187495,False
Arch,a=0.91,a=0.95,4,0.9596631144139798,False
Arch,a=0.91,a=0.96,4,0.9265279778163178,False
Arch,a=0.91,a=0.97,4,0.8729646126338367,False
Arch,a=0.91,a=0.98,4,0.7827981364387127,False
Arch,a=0.91,a=0.99,4,0.616952247083679,False
Arch,a=0.91,a=0.9,5,0.9985641180424673,False
Arch,a=0.91,a=0.91,5,0.9999999999998634,True
Arch,a=0.91,a=0.92,5,0.9982500981781264,False
Arch,a=0.91,a=0.93,5,0.9921875675694216,False
Arch,a=0.91,a=0.94,5,0.9801988103434885,False
Arch,a=0.91,a=0.95,5,0.9598892023795503,False
Arch,a=0.91,a=0.96,5,0.9275160893500629,False
Arch,a=0.91,a=0.97,5,0.8767361808250316,False
Arch,a=0.91,a=0.98,5,0.7951938555404837,False
Arch,a=0.91,a=0.99,5,0.6506168784048483,False
Arch,a=0.91,a=0.9,6,0.9985874540846487,False
Arch,a=0.91,a=0.91,6,0.9999999999999408,True
Arch,a=0.91,a=0.92,6,0.9982594976494812,False
Arch,a=0.91,a=0.93,6,0.9921682736613282,False
Arch,a=0.91,a=0.94,6,0.9799481627231572,False
Arch,a=0.91,a=0.95,6,0.9588472561143423,False
Arch,a=0.91,a=0.96,6,0.9243707375226329,False
Arch,a=0.91,a=0.97,6,0.8685626953724161,False
Arch,a=0.91,a=0.98,6,0.7752155347113321,False
Arch,a=0.91,a=0.99,6,0.603039205769269,False
Arch,a=0.91,a=0.9,7,0.9985024399283227,False
Arch,a=0.91,a=0.91,7,0.999999999999859,True
Arch,a=0.91,a=0.92,7,0.9981595607,False
Arch,a=0.91,a=0.93,7,0.9917359485245493,False
Arch,a=0.91,a=0.94,7,0.9789025122983303,False
Arch,a=0.91,a=0.95,7,0.9568701928989198,False
Arch,a=0.91,a=0.96,7,0.9211203404970644,False
Arch,a=0.91,a=0.97,7,0.8636273410055072,False
Arch,a=0.91,a=0.98,7,0.7682813231402069,False
Arch,a=0.91,a=0.99,7,0.59731655621143,False
Arch,a=0.91,a=0.9,8,0.9984553914388159,False
Arch,a=0.91,a=0.91,8,0.9999999999999559,True
Arch,a=0.91,a=0.92,8,0.9981115818820752,False
Arch,a=0.91,a=0.93,8,0.9915485889462917,False
Arch,a=0.91,a=0.94,8,0.9785011718733757,False
Arch,a=0.91,a=0.95,8,0.9562065620345763,False
Arch,a=0.91,a=0.96,8,0.9201848417778735,False
Arch,a=0.91,a=0.97,8,0.8625082512586574,False
Arch,a=0.91,a=0.98,8,0.7669303039719352,False
Arch,a=0.91,a=0.99,8,0.5910109366037923,False
Arch,a=0.91,a=0.9,9,0.9984808766415759,False
Arch,a=0.91,a=0.91,9,0.9999999999997329,True
Arch,a=0.91,a=0.92,9,0.9981289933645637,False
Arch,a=0.91,a=0.93,9,0.9915876253174263,False
Arch,a=0.91,a=0.94,9,0.9784929757512051,False
Arch,a=0.91,a=0.95,9,0.9559800655368659,False
Arch,a=0.91,a=0.96,9,0.9195089477167933,False
Arch,a=0.91,a=0.97,9,0.8614577374523905,False
Arch,a=0.91,a=0.98,9,0.7676431065385547,False
Arch,a=0.91,a=0.99,9,0.6036849774661993,False
Arch,a=0.92,a=0.9,0,0.993784234650378,False
Arch,a=0.92,a=0.91,0,0.9982844916652799,False
Arch,a=0.92,a=0.92,0,0.9999999999999245,True
Arch,a=0.92,a=0.93,0,0.9978556051150081,False
Arch,a=0.92,a=0.94,0,0.99024380315858,False
Arch,a=0.92,a=0.95,0,0.9746208769698713,False
Arch,a=0.92,a=0.96,0,0.9466520980350743,False
Arch,a=0.92,a=0.97,0,0.8982669952689957,False
Arch,a=0.92,a=0.98,0,0.8128665246268829,False
Arch,a=0.92,a=0.99,0,0.6499683160795896,False
Arch,a=0.92,a=0.9,1,0.9933571291859808,False
Arch,a=0.92,a=0.91,1,0.9981695474591735,False
Arch,a=0.92,a=0.92,1,0.9999999999997693,True
Arch,a=0.92,a=0.93,1,0.9977263309449276,False
Arch,a=0.92,a=0.94,1,0.9897137988324965,False
Arch,a=0.92,a=0.95,1,0.9734650677111717,False
Arch,a=0.92,a=0.96,1,0.9449078384808791,False
Arch,a=0.92,a=0.97,1,0.8967622191939688,False
Arch,a=0.92,a=0.98,1,0.8140940209767005,False
Arch,a=0.92,a=0.99,1,0.657072831219135,False
Arch,a=0.92,a=0.9,2,0.9934076866791179,False
Arch,a=0.92,a=0.91,2,0.9981738041938235,False
Arch,a=0.92,a=0.92,2,0.9999999999999449,True
Arch,a=0.92,a=0.93,2,0.9977047853996681,False
Arch,a=0.92,a=0.94,2,0.989548757985644,False
Arch,a=0.92,a=0.95,2,0.9728479568123675,False
Arch,a=0.92,a=0.96,2,0.94316852850727,False
Arch,a=0.92,a=0.97,2,0.8924138012183125,False
Arch,a=0.92,a=0.98,2,0.8032546433160769,False
Arch,a=0.92,a=0.99,2,0.6278613816347642,False
Arch,a=0.92,a=0.9,3,0.9929899576003741,False
Arch,a=0.92,a=0.91,3,0.9980582949045093,False
Arch,a=0.92,a=0.92,3,0.9999999999999328,True
Arch,a=0.92,a=0.93,3,0.9975590711634227,False
Arch,a=0.92,a=0.94,3,0.9888841525520626,False
Arch,a=0.92,a=0.95,3,0.9711378787447927,False
Arch,a=0.92,a=0.96,3,0.9397434558990677,False
Arch,a=0.92,a=0.97,3,0.8867268895400596,False
Arch,a=0.92,a=0.98,3,0.7961302101457532,False
Arch,a=0.92,a=0.99,3,0.6261225696235337,False
Arch,a=0.92,a=0.9,4,0.9939421091942958,False
Arch,a=0.92,a=0.91,4,0.9983291904516479,False
Arch,a=0.92,a=0.92,4,0.9999999999999444,True
Arch,a=0.92,a=0.93,4,0.9979144734140784,False
Arch,a=0.92,a=0.94,4,0.9905178437129761,False
Arch,a=0.92,a=0.95,4,0.9753489144256009,False
Arch,a=0.92,a=0.96,4,0.9482259769817785,False
Arch,a=0.92,a=0.97,4,0.9014474814625432,False
Arch,a=0.92,a=0.98,4,0.8193453945732914,False
Arch,a=0.92,a=0.99,4,0.6633541019111735,False
Arch,a=0.92,a=0.9,5,0.9936832556718541,False
Arch,a=0.92,a=0.91,5,0.9982538579478085,False
Arch,a=0.92,a=0.92,5,0.9999999999999079,True
Arch,a=0.92,a=0.93,5,0.9978147547367141,False
Arch,a=0.92,a=0.94,5,0.9900774757649006,False
Arch,a=0.92,a=0.95,5,0.9743389260680827,False
Arch,a=0.92,a=0.96,5,0.9467502941476513,False
Arch,a=0.92,a=0.97,5,0.9009008099975994,False
Arch,a=0.92,a=0.98,5,0.8247548687546696,False
Arch,a=0.92,a=0.99,5,0.6857875744418082,False
Arch,a=0.92,a=0.9,6,0.993521405719783,False
Arch,a=0.92,a=0.91,6,0.9982045551783701,False
Arch,a=0.92,a=0.92,6,0.999999999999909,True
Arch,a=0.92,a=0.93,6,0.9977382344278795,False
Arch,a=0.92,a=0.94,6,0.9896841237332571,False
Arch,a=0.92,a=0.95,6,0.9731632049961494,False
Arch,a=0.92,a=0.96,6,0.9438325240844482,False
Arch,a=0.92,a=0.97,6,0.8940526598527194,False
Arch,a=0.92,a=0.98,6,0.8082819361456952,False
Arch,a=0.92,a=0.99,6,0.6437375340921168,False
Arch,a=0.92,a=0.9,7,0.9938246348341947,False
Arch,a=0.92,a=0.91,7,0.9982870628639847,False
Arch,a=0.92,a=0.92,7,0.9999999999998431,True
Arch,a=0.92,a=0.93,7,0.9978320035000836,False
Arch,a=0.92,a=0.94,7,0.9900640862609111,False
Arch,a=0.92,a=0.95,7,0.9739614876302128,False
Arch,a=0.92,a=0.96,7,0.9449226943871648,False
Arch,a=0.92,a=0.97,7,0.8946416341983482,False
Arch,a=0.92,a=0.98,7,0.8067456178594614,False
Arch,a=0.92,a=0.99,7,0.6425973329192147,False
Arch,a=0.92,a=0.9,8,0.9934573967799109,False
Arch,a=0.92,a=0.91,8,0.9981928619087536,False
Arch,a=0.92,a=0.92,8,0.9999999999998875,True
Arch,a=0.92,a=0.93,8,0.9977401210123151,False
Arch,a=0.92,a=0.94,8,0.989728214424235,False
Arch,a=0.92,a=0.95,8,0.9733515795173399,False
Arch,a=0.92,a=0.96,8,0.9443226931698222,False
Arch,a=0.92,a=0.97,8,0.895110139493031,False
Arch,a=0.92,a=0.98,8,0.8112410113619034,False
Arch,a=0.92,a=0.99,8,0.6588035984915113,False
Arch,a=0.92,a=0.9,9,0.993351124086107,False
Arch,a=0.92,a=0.91,9,0.9981547775407101,False
Arch,a=0.92,a=0.92,9,0.9999999999997906,True
Arch,a=0.92,a=0.93,9,0.9976661409381641,False
Arch,a=0.92,a=0.94,9,0.989323122343808,False
Arch,a=0.92,a=0.95,9,0.9721180949774554,False
Arch,a=0.92,a=0.96,9,0.9414042301881786,False
Arch,a=0.92,a=0.97,9,0.8892294404626223,False
Arch,a=0.92,a=0.98,9,0.8009954278500855,False
Arch,a=0.92,a=0.99,9,0.6434144503005935,False
Arch,a=0.93,a=0.9,0,0.9846273760940617,False
Arch,a=0.93,a=0.91,0,0.9924302731598251,False
Arch,a=0.93,a=0.92,0,0.9978855828073677,False
Arch,a=0.93,a=0.93,0,0.999999999999874,True
Arch,a=0.93,a=0.94,0,0.9972699155074903,False
Arch,a=0.93,a=0.95,0,0.9872988561867799,False
Arch,a=0.93,a=0.96,0,0.966007671263581,False
Arch,a=0.93,a=0.97,0,0.9258042361943908,False
Arch,a=0.93,a=0.98,0,0.850598093936343,False
Arch,a=0.93,a=0.99,0,0.69751969978753,False
Arch,a=0.93,a=0.9,1,0.9842379326757658,False
Arch,a=0.93,a=0.91,1,0.992244695524621,False
Arch,a=0.93,a=0.92,1,0.9978362773270912,False
Arch,a=0.93,a=0.93,1,0.999999999999963,True
Arch,a=0.93,a=0.94,1,0.9972172420615312,False
Arch,a=0.93,a=0.95,1,0.9870920066932741,False
Arch,a=0.93,a=0.96,1,0.9655816372099825,False
Arch,a=0.93,a=0.97,1,0.9252115598989255,False
Arch,a=0.93,a=0.98,1,0.850099583697225,False
Arch,a=0.93,a=0.99,1,0.697973330472347,False
Arch,a=0.93,a=0.9,2,0.9840049354107746,False
Arch,a=0.93,a=0.91,2,0.9920893665314666,False
Arch,a=0.93,a=0.92,2,0.9977819802856456,False
Arch,a=0.93,a=0.93,2,0.9999999999999383,True
Arch,a=0.93,a=0.94,2,0.9971242201431484,False
Arch,a=0.93,a=0.95,2,0.9866315297342364,False
Arch,a=0.93,a=0.96,2,0.9643567951677481,False
Arch,a=0.93,a=0.97,2,0.922814295236497,False
Arch,a=0.93,a=0.98,2,0.8465207147968196,False
Arch,a=0.93,a=0.99,2,0.6948074330037868,False
Arch,a=0.93,a=0.9,3,0.982915210186378,False
Arch,a=0.93,a=0.91,3,0.9915598916130987,False
Arch,a=0.93,a=0.92,3,0.9976362136691693,False
Arch,a=0.93,a=0.93,3,0.9999999999999528,True
Arch,a=0.93,a=0.94,3,0.9969404192068818,False
Arch,a=0.93,a=0.95,3,0.9857775670032968,False
Arch,a=0.93,a=0.96,3,0.9620388167385082,False
Arch,a=0.93,a=0.97,3,0.9175700790729211,False
Arch,a=0.93,a=0.98,3,0.8354402203489035,False
Arch,a=0.93,a=0.99,3,0.6726432669473728,False
Arch,a=0.93,a=0.9,4,0.9851012726781256,False
Arch,a=0.93,a=0.91,4,0.9926639708887438,False
Arch,a=0.93,a=0.92,4,0.9979510450972684,False
Arch,a=0.93,a=0.93,4,0.9999999999997389,True
Arch,a=0.93,a=0.94,4,0.9973550776785304,False
Arch,a=0.93,a=0.95,4,0.9876939213257904,False
Arch,a=0.93,a=0.96,4,0.9670452264797103,False
Arch,a=0.93,a=0.97,4,0.9279708987879052,False
Arch,a=0.93,a=0.98,4,0.8546986304042838,False
Arch,a=0.93,a=0.99,4,0.704873923828025,False
Arch,a=0.93,a=0.9,5,0.9843371057299952,False
Arch,a=0.93,a=0.91,5,0.9922616752745235,False
Arch,a=0.93,a=0.92,5,0.997831044954419,False
Arch,a=0.93,a=0.93,5,0.9999999999999211,True
Arch,a=0.93,a=0.94,5,0.9971830146640006,False
Arch,a=0.93,a=0.95,5,0.9868835749731836,False
Arch,a=0.93,a=0.96,5,0.9649949181075392,False
Arch,a=0.93,a=0.97,5,0.9243124934180503,False
Arch,a=0.93,a=0.98,5,0.8504823850713117,False
Arch,a=0.93,a=0.99,5,0.7060267815314429,False
Arch,a=0.93,a=0.9,6,0.9839971712955171,False
Arch,a=0.93,a=0.91,6,0.9920795240891052,False
Arch,a=0.93,a=0.92,6,0.9977765639848393,False
Arch,a=0.93,a=0.93,6,0.9999999999998633,True
Arch,a=0.93,a=0.94,6,0.9971070605615542,False
Arch,a=0.93,a=0.95,6,0.9865262679773321,False
Arch,a=0.93,a=0.96,6,0.9640235932425838,False
Arch,a=0.93,a=0.97,6,0.9220315669194028,False
Arch,a=0.93,a=0.98,6,0.8447740393828514,False
Arch,a=0.93,a=0.99,6,0.6889916356931562,False
Arch,a=0.93,a=0.9,7,0.9853493764511961,False
Arch,a=0.93,a=0.91,7,0.9927691890766777,False
Arch,a=0.93,a=0.92,7,0.9979754722359216,False
Arch,a=0.93,a=0.93,7,0.9999999999998449,True
Arch,a=0.93,a=0.94,7,0.9973735138194925,False
Arch,a=0.93,a=0.95,7,0.9877520135084873,False
Arch,a=0.93,a=0.96,7,0.9671350337890697,False
Arch,a=0.93,a=0.97,7,0.9279706107500465,False
Arch,a=0.93,a=0.98,7,0.8536195442473526,False
Arch,a=0.93,a=0.99,7,0.6999566093121489,False
Arch,a=0.93,a=0.9,8,0.9848844909562083,False
Arch,a=0.93,a=0.91,8,0.9925446104191689,False
Arch,a=0.93,a=0.92,8,0.9979133016370574,False
Arch,a=0.93,a=0.93,8,0.999999999999862,True
Arch,a=0.93,a=0.94,8,0.9972872810148934,False
Arch,a=0.93,a=0.95,8,0.9872941454203246,False
Arch,a=0.93,a=0.96,8,0.9656078896189686,False
Arch,a=0.93,a=0.97,8,0.9236239096353667,False
Arch,a=0.93,a=0.98,8,0.8430131542894582,False
Arch,a=0.93,a=0.99,8,0.6790774669293203,False
Arch,a=0.93,a=0.9,9,0.9841336541282792,False
Arch,a=0.93,a=0.91,9,0.9921730560509877,False
Arch,a=0.93,a=0.92,9,0.9978116976758039,False
Arch,a=0.93,a=0.93,9,0.9999999999998087,True
Arch,a=0.93,a=0.94,9,0.9971833188691622,False
Arch,a=0.93,a=0.95,9,0.9869749582384683,False
Arch,a=0.93,a=0.96,9,0.9655295680863561,False
Arch,a=0.93,a=0.97,9,0.9261578081378787,False
Arch,a=0.93,a=0.98,9,0.8554817684228193,False
Arch,a=0.93,a=0.99,9,0.7171813753958357,False
Arch,a=0.94,a=0.9,0,0.9693970011189623,False
Arch,a=0.94,a=0.91,0,0.9807942407854537,False
Arch,a=0.94,a=0.92,0,0.9903884655908197,False
Arch,a=0.94,a=0.93,0,0.9972634437861352,False
Arch,a=0.94,a=0.94,0,0.9999999999998943,True
Arch,a=0.94,a=0.95,0,0.9962799101475815,False
Arch,a=0.94,a=0.96,0,0.982058597916099,False
Arch,a=0.94,a=0.97,0,0.9496839516171907,False
Arch,a=0.94,a=0.98,0,0.8829408999886391,False
Arch,a=0.94,a=0.99,0,0.7374621576821605,False
Arch,a=0.94,a=0.9,1,0.9688485658757642,False
Arch,a=0.94,a=0.91,1,0.9804417386465175,False
Arch,a=0.94,a=0.92,1,0.9902107673677113,False
Arch,a=0.94,a=0.93,1,0.9972141115049596,False
Arch,a=0.94,a=0.94,1,0.9999999999999015,True
Arch,a=0.94,a=0.95,1,0.9962307303238834,False
Arch,a=0.94,a=0.96,1,0.9819288754952293,False
Arch,a=0.94,a=0.97,1,0.949781217601199,False
Arch,a=0.94,a=0.98,1,0.8843563645873322,False
Arch,a=0.94,a=0.99,1,0.7426954423732302,False
Arch,a=0.94,a=0.9,2,0.9678818907615985,False
Arch,a=0.94,a=0.91,2,0.97977588920079,False
Arch,a=0.94,a=0.92,2,0.9898472378162623,False
Arch,a=0.94,a=0.93,2,0.997101717225952,False
Arch,a=0.94,a=0.94,2,0.9999999999999176,True
Arch,a=0.94,a=0.95,2,0.9960485457521804,False
Arch,a=0.94,a=0.96,2,0.9809249635649487,False
Arch,a=0.94,a=0.97,2,0.9462933907575137,False
Arch,a=0.94,a=0.98,2,0.8734734420848764,False
Arch,a=0.94,a=0.99,2,0.7135225505266176,False
Arch,a=0.94,a=0.9,3,0.9671148602837867,False
Arch,a=0.94,a=0.91,3,0.9793723948868045,False
Arch,a=0.94,a=0.92,3,0.9896932059890233,False
Arch,a=0.94,a=0.93,3,0.9970745455110609,False
Arch,a=0.94,a=0.94,3,0.9999999999999305,True
Arch,a=0.94,a=0.95,3,0.9960740575879856,False
Arch,a=0.94,a=0.96,3,0.9812669292472441,False
Arch,a=0.94,a=0.97,3,0.9481023786946614,False
Arch,a=0.94,a=0.98,3,0.879940771918625,False
Arch,a=0.94,a=0.99,3,0.7273148266325503,False
Arch,a=0.94,a=0.9,4,0.9703295898000079,False
Arch,a=0.94,a=0.91,4,0.9813522823078794,False
Arch,a=0.94,a=0.92,4,0.9906572263365031,False
Arch,a=0.94,a=0.93,4,0.9973387706010057,False
Arch,a=0.94,a=0.94,4,0.9999999999999306,True
Arch,a=0.94,a=0.95,4,0.9963934970777245,False
Arch,a=0.94,a=0.96,4,0.9826887066583488,False
Arch,a=0.94,a=0.97,4,0.9518114283762752,False
Arch,a=0.94,a=0.98,4,0.8889336153917224,False
Arch,a=0.94,a=0.99,4,0.7530548693154481,False
Arch,a=0.94,a=0.9,5,0.9703852564302046,False
Arch,a=0.94,a=0.91,5,0.9814064631689425,False
Arch,a=0.94,a=0.92,5,0.9906924216371774,False
Arch,a=0.94,a=0.93,5,0.9973505046930212,False
Arch,a=0.94,a=0.94,5,0.9999999999999536,True
Arch,a=0.94,a=0.95,5,0.9964125525476555,False
Arch,a=0.94,a=0.96,5,0.9827934124916395,False
Arch,a=0.94,a=0.97,5,0.9521969732874023,False
Arch,a=0.94,a=0.98,5,0.8905169995508881,False
Arch,a=0.94,a=0.99,5,0.761865410584567,False
Arch,a=0.94,a=0.9,6,0.9690376949992072,False
Arch,a=0.94,a=0.91,6,0.9805283181174231,False
Arch,a=0.94,a=0.92,6,0.9902444985245931,False
Arch,a=0.94,a=0.93,6,0.9972243325302776,False
Arch,a=0.94,a=0.94,6,0.999999999999965,True
Arch,a=0.94,a=0.95,6,0.99626996625939,False
Arch,a=0.94,a=0.96,6,0.9822447904245208,False
Arch,a=0.94,a=0.97,6,0.9510188149946419,False
Arch,a=0.94,a=0.98,6,0.8871840859776239,False
Arch,a=0.94,a=0.99,6,0.74451989834534,False
Arch,a=0.94,a=0.9,7,0.9706165882263279,False
Arch,a=0.94,a=0.91,7,0.981522337318716,False
Arch,a=0.94,a=0.92,7,0.990732217279077,False
Arch,a=0.94,a=0.93,7,0.9973547799570709,False
Arch,a=0.94,a=0.94,7,0.9999999999999055,True
Arch,a=0.94,a=0.95,7,0.9963806938754539,False
Arch,a=0.94,a=0.96,7,0.9824514147290574,False
Arch,a=0.94,a=0.97,7,0.9503436468406186,False
Arch,a=0.94,a=0.98,7,0.8827163975067821,False
Arch,a=0.94,a=0.99,7,0.7352289766767717,False
Arch,a=0.94,a=0.9,8,0.9708062569741076,False
Arch,a=0.94,a=0.91,8,0.9817528651463784,False
Arch,a=0.94,a=0.92,8,0.9909128656544296,False
Arch,a=0.94,a=0.93,8,0.9974277033457247,False
Arch,a=0.94,a=0.94,8,0.9999999999998974,True
Arch,a=0.94,a=0.95,8,0.9965491362298153,False
Arch,a=0.94,a=0.96,8,0.9834515151582095,False
Arch,a=0.94,a=0.97,8,0.9537467877550582,False
Arch,a=0.94,a=0.98,8,0.8924982883549931,False
Arch,a=0.94,a=0.99,8,0.7598413463023898,False
Arch,a=0.94,a=0.9,9,0.9689654330438718,False
Arch,a=0.94,a=0.91,9,0.9805019378281588,False
Arch,a=0.94,a=0.92,9,0.9902374476123887,False
Arch,a=0.94,a=0.93,9,0.9972220861421236,False
Arch,a=0.94,a=0.94,9,0.9999999999999741,True
Arch,a=0.94,a=0.95,9,0.9962509210046752,False
Arch,a=0.94,a=0.96,9,0.9820755961637723,False
Arch,a=0.94,a=0.97,9,0.9504085606276801,False
Arch,a=0.94,a=0.98,9,0.8867097643140291,False
Arch,a=0.94,a=0.99,9,0.752922089663937,False
Arch,a=0.95,a=0.9,0,0.9495634121754256,False
Arch,a=0.95,a=0.91,0,0.9637718202417104,False
Arch,a=0.95,a=0.92,0,0.9768914780375253,False
Arch,a=0.95,a=0.93,0,0.988205289855522,False
Arch,a=0.95,a=0.94,0,0.9965600869189012,False
Arch,a=0.95,a=0.95,0,0.9999999999999055,True
Arch,a=0.95,a=0.96,0,0.995006329117581,False
Arch,a=0.95,a=0.97,0,0.9748192936083099,False
Arch,a=0.95,a=0.98,0,0.9251640696108796,False
Arch,a=0.95,a=0.99,0,0.8083665225646965,False
Arch,a=0.95,a=0.9,1,0.948610670027729,False
Arch,a=0.95,a=0.91,1,0.9631097930263608,False
Arch,a=0.95,a=0.92,1,0.9764906958617726,False
Arch,a=0.95,a=0.93,1,0.9880180763240386,False
Arch,a=0.95,a=0.94,1,0.9965134658509368,False
Arch,a=0.95,a=0.95,1,0.9999999999999258,True
Arch,a=0.95,a=0.96,1,0.9949834452956894,False
Arch,a=0.95,a=0.97,1,0.9748778723641246,False
Arch,a=0.95,a=0.98,1,0.9256106711994514,False
Arch,a=0.95,a=0.99,1,0.8064143706017399,False
Arch,a=0.95,a=0.9,2,0.9455046262272254,False
Arch,a=0.95,a=0.91,2,0.9607258616880158,False
Arch,a=0.95,a=0.92,2,0.9748662453055248,False
Arch,a=0.95,a=0.93,2,0.9871297819570184,False
Arch,a=0.95,a=0.94,2,0.9962337436949494,False
Arch,a=0.95,a=0.95,2,0.9999999999998863,True
Arch,a=0.95,a=0.96,2,0.9944831316939989,False
Arch,a=0.95,a=0.97,2,0.9719502528807148,False
Arch,a=0.95,a=0.98,2,0.9155113404481083,False
Arch,a=0.95,a=0.99,2,0.7810989253531752,False
Arch,a=0.95,a=0.9,3,0.9446905772923198,False
Arch,a=0.95,a=0.91,3,0.9602614959776249,False
Arch,a=0.95,a=0.92,3,0.9746720770098877,False
Arch,a=0.95,a=0.93,3,0.9871008515279912,False
Arch,a=0.95,a=0.94,3,0.9962529209634511,False
Arch,a=0.95,a=0.95,3,0.9999999999999205,True
Arch,a=0.95,a=0.96,3,0.9946307530938981,False
Arch,a=0.95,a=0.97,3,0.9730671991101741,False
Arch,a=0.95,a=0.98,3,0.9194522780490255,False
Arch,a=0.95,a=0.99,3,0.7850774116870632,False
Arch,a=0.95,a=0.9,4,0.947873211878131,False
Arch,a=0.95,a=0.91,4,0.9625332159754436,False
Arch,a=0.95,a=0.92,4,0.9760929853872503,False
Arch,a=0.95,a=0.93,4,0.9877985760650108,False
Arch,a=0.95,a=0.94,4,0.9964432360400629,False
Arch,a=0.95,a=0.95,4,0.9999999999999523,True
Arch,a=0.95,a=0.96,4,0.9948376440794661,False
Arch,a=0.95,a=0.97,4,0.9738731985671395,False
Arch,a=0.95,a=0.98,4,0.9214763235738102,False
Arch,a=0.95,a=0.99,4,0.7938404943863432,False
Arch,a=0.95,a=0.9,5,0.9482132629327763,False
Arch,a=0.95,a=0.91,5,0.9627925046453113,False
Arch,a=0.95,a=0.92,5,0.9762844235323347,False
Arch,a=0.95,a=0.93,5,0.9879227491954249,False
Arch,a=0.95,a=0.94,5,0.9964931180155385,False
Arch,a=0.95,a=0.95,5,0.9999999999999124,True
Arch,a=0.95,a=0.96,5,0.9949961451258167,False
Arch,a=0.95,a=0.97,5,0.9750885707042416,False
Arch,a=0.95,a=0.98,5,0.9269928316148571,False
Arch,a=0.95,a=0.99,5,0.814587403683265,False
Arch,a=0.95,a=0.9,6,0.9507236050872117,False
Arch,a=0.95,a=0.91,6,0.964525167641795,False
Arch,a=0.95,a=0.92,6,0.9773212822518623,False
Arch,a=0.95,a=0.93,6,0.9884003218628381,False
Arch,a=0.95,a=0.94,6,0.9966102675650098,False
Arch,a=0.95,a=0.95,6,0.9999999999999296,True
Arch,a=0.95,a=0.96,6,0.9950479780917917,False
Arch,a=0.95,a=0.97,6,0.9747923431256409,False
Arch,a=0.95,a=0.98,6,0.9233255667572887,False
Arch,a=0.95,a=0.99,6,0.7921990683663824,False
Arch,a=0.95,a=0.9,7,0.9505223538164222,False
Arch,a=0.95,a=0.91,7,0.9645141218433294,False
Arch,a=0.95,a=0.92,7,0.977422918551253,False
Arch,a=0.95,a=0.93,7,0.988520289652987,False
Arch,a=0.95,a=0.94,7,0.9966685652235574,False
Arch,a=0.95,a=0.95,7,0.9999999999999074,True
Arch,a=0.95,a=0.96,7,0.9952079595339189,False
Arch,a=0.95,a=0.97,7,0.9757756787015267,False
Arch,a=0.95,a=0.98,7,0.9268111549467739,False
Arch,a=0.95,a=0.99,7,0.8050999093570328,False
Arch,a=0.95,a=0.9,8,0.9502817744771277,False
Arch,a=0.95,a=0.91,8,0.9644210828101337,False
Arch,a=0.95,a=0.92,8,0.9774072861619043,False
Arch,a=0.95,a=0.93,8,0.9885302634743942,False
Arch,a=0.95,a=0.94,8,0.9966755125373304,False
Arch,a=0.95,a=0.95,8,0.9999999999999137,True
Arch,a=0.95,a=0.96,8,0.9952284896437561,False
Arch,a=0.95,a=0.97,8,0.9759189875425557,False
Arch,a=0.95,a=0.98,8,0.9274443011986374,False
Arch,a=0.95,a=0.99,8,0.8078003616821874,False
Arch,a=0.95,a=0.9,9,0.9484479314199328,False
Arch,a=0.95,a=0.91,9,0.9629758351642299,False
Arch,a=0.95,a=0.92,9,0.9764096154043527,False
Arch,a=0.95,a=0.93,9,0.9879900331573098,False
Arch,a=0.95,a=0.94,9,0.996513423446263,False
Arch,a=0.95,a=0.95,9,0.9999999999999317,True
Arch,a=0.95,a=0.96,9,0.9950295129285588,False
Arch,a=0.95,a=0.97,9,0.9753155741265722,False
Arch,a=0.95,a=0.98,9,0.9282470405835125,False
Arch,a=0.95,a=0.99,9,0.821520979350568,False
Arch,a=0.96,a=0.9,0,0.9217856217264078,False
Arch,a=0.96,a=0.91,0,0.9387462617132364,False
Arch,a=0.96,a=0.92,0,0.9552992213541327,False
Arch,a=0.96,a=0.93,0,0.9709380463279318,False
Arch,a=0.96,a=0.94,0,0.9848164263498778,False
Arch,a=0.96,a=0.95,0,0.9954411191913273,False
Arch,a=0.96,a=0.96,0,0.9999999999999597,True
Arch,a=0.96,a=0.97,0,0.9927972073129516,False
Arch,a=0.96,a=0.98,0,0.9611645514809161,False
Arch,a=0.96,a=0.99,0,0.8693682562836343,False
Arch,a=0.96,a=0.9,1,0.9178562708010769,False
Arch,a=0.96,a=0.91,1,0.9356753060671946,False
Arch,a=0.96,a=0.92,1,0.953079918588418,False
Arch,a=0.96,a=0.93,1,0.9695295206727851,False
Arch,a=0.96,a=0.94,1,0.9841167946669788,False
Arch,a=0.96,a=0.95,1,0.9952512007002609,False
Arch,a=0.96,a=0.96,1,0.9999999999999349,True
Arch,a=0.96,a=0.97,1,0.9926351850012612,False
Arch,a=0.96,a=0.98,1,0.9608532776657333,False
Arch,a=0.96,a=0.99,1,0.8712427108797061,False
Arch,a=0.96,a=0.9,2,0.9101604276824747,False
Arch,a=0.96,a=0.91,2,0.9293509499638463,False
Arch,a=0.96,a=0.92,2,0.9482516484732241,False
Arch,a=0.96,a=0.93,2,0.96625716643689,False
Arch,a=0.96,a=0.94,2,0.9823407283742551,False
Arch,a=0.96,a=0.95,2,0.9946983824323437,False
Arch,a=0.96,a=0.96,2,0.9999999999999472,True
Arch,a=0.96,a=0.97,2,0.9916884889613523,False
Arch,a=0.96,a=0.98,2,0.9556048313389814,False
Arch,a=0.96,a=0.99,2,0.855281310746828,False
Arch,a=0.96,a=0.9,3,0.9184155795642344,False
Arch,a=0.96,a=0.91,3,0.9361546285157539,False
Arch,a=0.96,a=0.92,3,0.9534943817944311,False
Arch,a=0.96,a=0.93,3,0.9698668269055946,False
Arch,a=0.96,a=0.94,3,0.9843422728198447,False
Arch,a=0.96,a=0.95,3,0.9953370556887989,False
Arch,a=0.96,a=0.96,3,0.999999999999915,True
Arch,a=0.96,a=0.97,3,0.9928294173516068,False
Arch,a=0.96,a=0.98,3,0.9619731129079369,False
Arch,a=0.96,a=0.99,3,0.8721924077816483,False
Arch,a=0.96,a=0.9,4,0.918281890340872,False
Arch,a=0.96,a=0.91,4,0.9359340808718251,False
Arch,a=0.96,a=0.92,4,0.9531913008846152,False
Arch,a=0.96,a=0.93,4,0.9695226661905083,False
Arch,a=0.96,a=0.94,4,0.9840427459529449,False
Arch,a=0.96,a=0.95,4,0.9951911191397922,False
Arch,a=0.96,a=0.96,4,0.9999999999999646,True
Arch,a=0.96,a=0.97,4,0.9922441455885505,False
Arch,a=0.96,a=0.98,4,0.9572254449094575,False
Arch,a=0.96,a=0.99,4,0.8524357798678374,False
Arch,a=0.96,a=0.9,5,0.9204251465797462,False
Arch,a=0.96,a=0.91,5,0.9379032617105502,False
Arch,a=0.96,a=0.92,5,0.9549145497005928,False
Arch,a=0.96,a=0.93,5,0.9708968131778387,False
Arch,a=0.96,a=0.94,5,0.9849434114366001,False
Arch,a=0.96,a=0.95,5,0.9955377420855853,False
Arch,a=0.96,a=0.96,5,0.9999999999999752,True
Arch,a=0.96,a=0.97,5,0.9931834155087129,False
Arch,a=0.96,a=0.98,5,0.9638050597319631,False
Arch,a=0.96,a=0.99,5,0.8792067401303995,False
Arch,a=0.96,a=0.9,6,0.9254963834451183,False
Arch,a=0.96,a=0.91,6,0.9416497082728675,False
Arch,a=0.96,a=0.92,6,0.9574413285101797,False
Arch,a=0.96,a=0.93,6,0.9723657263337375,False
Arch,a=0.96,a=0.94,6,0.9855893107532546,False
Arch,a=0.96,a=0.95,6,0.9956805622178374,False
Arch,a=0.96,a=0.96,6,0.9999999999998946,True
Arch,a=0.96,a=0.97,6,0.9931083488414668,False
Arch,a=0.96,a=0.98,6,0.9618332639340126,False
Arch,a=0.96,a=0.99,6,0.8647189612641885,False
Arch,a=0.96,a=0.9,7,0.9271403508921683,False
Arch,a=0.96,a=0.91,7,0.9427108233867101,False
Arch,a=0.96,a=0.92,7,0.9579994941713851,False
Arch,a=0.96,a=0.93,7,0.9725482188378702,False
Arch,a=0.96,a=0.94,7,0.9855686274257793,False
Arch,a=0.96,a=0.95,7,0.9956349212253222,False
Arch,a=0.96,a=0.96,7,0.9999999999998911,True
Arch,a=0.96,a=0.97,7,0.9929534222570756,False
Arch,a=0.96,a=0.98,7,0.9613255795123041,False
Arch,a=0.96,a=0.99,7,0.8665136979992497,False
Arch,a=0.96,a=0.9,8,0.917872169551549,False
Arch,a=0.96,a=0.91,8,0.9355614611150688,False
Arch,a=0.96,a=0.92,8,0.9529007331858399,False
Arch,a=0.96,a=0.93,8,0.9693484128960619,False
Arch,a=0.96,a=0.94,8,0.9839875215392172,False
Arch,a=0.96,a=0.95,8,0.9952015788562099,False
Arch,a=0.96,a=0.96,8,0.9999999999997404,True
Arch,a=0.96,a=0.97,8,0.9925148696490399,False
Arch,a=0.96,a=0.98,8,0.9600894373484437,False
Arch,a=0.96,a=0.99,8,0.8672553628143207,False
Arch,a=0.96,a=0.9,9,0.9190987186185015,False
Arch,a=0.96,a=0.91,9,0.9367347794331227,False
Arch,a=0.96,a=0.92,9,0.9539744903324713,False
Arch,a=0.96,a=0.93,9,0.9702385519376624,False
Arch,a=0.96,a=0.94,9,0.9845833622220965,False
Arch,a=0.96,a=0.95,9,0.9954288956749102,False
Arch,a=0.96,a=0.96,9,0.9999999999999536,True
Arch,a=0.96,a=0.97,9,0.993056334270372,False
Arch,a=0.96,a=0.98,9,0.9635710217425285,False
Arch,a=0.96,a=0.99,9,0.8805344963241025,False
Arch,a=0.97,a=0.9,0,0.883503426106595,False
Arch,a=0.97,a=0.91,0,0.9029134330282621,False
Arch,a=0.97,a=0.92,0,0.9226307214651752,False
Arch,a=0.97,a=0.93,0,0.9423657509111728,False
Arch,a=0.97,a=0.94,0,0.9615878385870753,False
Arch,a=0.97,a=0.95,0,0.9793007436796888,False
Arch,a=0.97,a=0.96,0,0.9935299853409079,False
Arch,a=0.97,a=0.97,0,0.9999999999999439,True
Arch,a=0.97,a=0.98,0,0.9883414885521365,False
Arch,a=0.97,a=0.99,0,0.928380063805245,False
Arch,a=0.97,a=0.9,1,0.8843026875558743,False
Arch,a=0.97,a=0.91,1,0.9035031452186173,False
Arch,a=0.97,a=0.92,1,0.9230389980135136,False
Arch,a=0.97,a=0.93,1,0.9426362484151077,False
Arch,a=0.97,a=0.94,1,0.9617762713887946,False
Arch,a=0.97,a=0.95,1,0.9794512794196677,False
Arch,a=0.97,a=0.96,1,0.9936239273041753,False
Arch,a=0.97,a=0.97,1,0.9999999999998878,True
Arch,a=0.97,a=0.98,1,0.9889676169692746,False
Arch,a=0.97,a=0.99,1,0.9329642581699648,False
Arch,a=0.97,a=0.9,2,0.8585896416245579,False
Arch,a=0.97,a=0.91,2,0.881182033352004,False
Arch,a=0.97,a=0.92,2,0.9044688209239676,False
Arch,a=0.97,a=0.93,2,0.9281442944850867,False
Arch,a=0.97,a=0.94,2,0.9516035801712122,False
Arch,a=0.97,a=0.95,2,0.9736318214864517,False
Arch,a=0.97,a=0.96,2,0.9916724721153944,False
Arch,a=0.97,a=0.97,2,0.9999999999999509,True
Arch,a=0.97,a=0.98,2,0.9848904294277924,False
Arch,a=0.97,a=0.99,2,0.9092853703052787,False
Arch,a=0.97,a=0.9,3,0.8790693419659071,False
Arch,a=0.97,a=0.91,3,0.8996116568573456,False
Arch,a=0.97,a=0.92,3,0.9203993713149441,False
Arch,a=0.97,a=0.93,3,0.9410782907262555,False
Arch,a=0.97,a=0.94,3,0.9610435190737985,False
Arch,a=0.97,a=0.95,3,0.9792215984899431,False
Arch,a=0.97,a=0.96,3,0.9935897722875371,False
Arch,a=0.97,a=0.97,3,0.9999999999998445,True
Arch,a=0.97,a=0.98,3,0.9887152570076367,False
Arch,a=0.97,a=0.99,3,0.9283859963337324,False
Arch,a=0.97,a=0.9,4,0.8816294227131221,False
Arch,a=0.97,a=0.91,4,0.9010088906605157,False
Arch,a=0.97,a=0.92,4,0.9207864173821406,False
Arch,a=0.97,a=0.93,4,0.9406911514014201,False
Arch,a=0.97,a=0.94,4,0.9602146464504276,False
Arch,a=0.97,a=0.95,4,0.9783765338869292,False
Arch,a=0.97,a=0.96,4,0.99316195874441,False
Arch,a=0.97,a=0.97,4,0.9999999999999407,True
Arch,a=0.97,a=0.98,4,0.9871893836815961,False
Arch,a=0.97,a=0.99,4,0.919584061708155,False
Arch,a=0.97,a=0.9,5,0.8861452247995418,False
Arch,a=0.97,a=0.91,5,0.9050126735935103,False
Arch,a=0.97,a=0.92,5,0.9241922131151574,False
Arch,a=0.97,a=0.93,5,0.9434136773029542,False
Arch,a=0.97,a=0.94,5,0.9621783426595646,False
Arch,a=0.97,a=0.95,5,0.9795370906168065,False
Arch,a=0.97,a=0.96,5,0.9935679355285757,False
Arch,a=0.97,a=0.97,5,0.9999999999999588,True
Arch,a=0.97,a=0.98,5,0.9881720664986379,False
Arch,a=0.97,a=0.99,5,0.9262562246091428,False
Arch,a=0.97,a=0.9,6,0.8838162144315387,False
Arch,a=0.97,a=0.91,6,0.9031297977707773,False
Arch,a=0.97,a=0.92,6,0.9227861932869714,False
Arch,a=0.97,a=0.93,6,0.9424896384675643,False
Arch,a=0.97,a=0.94,6,0.9617001620052054,False
Arch,a=0.97,a=0.95,6,0.9794027114368843,False
Arch,a=0.97,a=0.96,6,0.9935896496640466,False
Arch,a=0.97,a=0.97,6,0.9999999999998976,True
Arch,a=0.97,a=0.98,6,0.988646253098179,False
Arch,a=0.97,a=0.99,6,0.930011232036121,False
Arch,a=0.97,a=0.9,7,0.8878411050922395,False
Arch,a=0.97,a=0.91,7,0.905701939296173,False
Arch,a=0.97,a=0.92,7,0.924067579853846,False
Arch,a=0.97,a=0.93,7,0.9427386060904542,False
Arch,a=0.97,a=0.94,7,0.9612890953254867,False
Arch,a=0.97,a=0.95,7,0.9788054620793298,False
Arch,a=0.97,a=0.96,7,0.9932665419649578,False
Arch,a=0.97,a=0.97,7,0.9999999999999678,True
Arch,a=0.97,a=0.98,7,0.9875880201201541,False
Arch,a=0.97,a=0.99,7,0.9236914947793387,False
Arch,a=0.97,a=0.9,8,0.8864667916055646,False
Arch,a=0.97,a=0.91,8,0.9056966426527957,False
Arch,a=0.97,a=0.92,8,0.9251160177834044,False
Arch,a=0.97,a=0.93,8,0.9444350124495362,False
Arch,a=0.97,a=0.94,8,0.9631331763547654,False
Arch,a=0.97,a=0.95,8,0.9802414272122189,False
Arch,a=0.97,a=0.96,8,0.9938644486182417,False
Arch,a=0.97,a=0.97,8,0.999999999999944,True
Arch,a=0.97,a=0.98,8,0.9889877427060637,False
Arch,a=0.97,a=0.99,8,0.9306466702409909,False
Arch,a=0.97,a=0.9,9,0.8785025314798464,False
Arch,a=0.97,a=0.91,9,0.8986462527864657,False
Arch,a=0.97,a=0.92,9,0.9192142452614067,False
Arch,a=0.97,a=0.93,9,0.9398882100305163,False
Arch,a=0.97,a=0.94,9,0.9600685512792108,False
Arch,a=0.97,a=0.95,9,0.9786298546738114,False
Arch,a=0.97,a=0.96,9,0.9934050940376442,False
Arch,a=0.97,a=0.97,9,0.999999999999884,True
Arch,a=0.97,a=0.98,9,0.9887278798798352,False
Arch,a=0.97,a=0.99,9,0.9333993643396584,False
Arch,a=0.98,a=0.9,0,0.821743916343997,False
Arch,a=0.98,a=0.91,0,0.8436822741382511,False
Arch,a=0.98,a=0.92,0,0.8667592206945942,False
Arch,a=0.98,a=0.93,0,0.8909573102176471,False
Arch,a=0.98,a=0.94,0,0.916140629131144,False
Arch,a=0.98,a=0.95,0,0.9418946551944766,False
Arch,a=0.98,a=0.96,0,0.9671308281504875,False
Arch,a=0.98,a=0.97,0,0.9890503293778526,False
Arch,a=0.98,a=0.98,0,0.9999999999999223,True
Arch,a=0.98,a=0.99,0,0.9737359147437411,False
Arch,a=0.98,a=0.9,1,0.8260487459962128,False
Arch,a=0.98,a=0.91,1,0.8482369158579006,False
Arch,a=0.98,a=0.92,1,0.8714338391300991,False
Arch,a=0.98,a=0.93,1,0.8955642478349285,False
Arch,a=0.98,a=0.94,1,0.9204173576569732,False
Arch,a=0.98,a=0.95,1,0.9454940456335427,False
Arch,a=0.98,a=0.96,1,0.9696386221650846,False
Arch,a=0.98,a=0.97,1,0.9901027382664991,False
Arch,a=0.98,a=0.98,1,0.9999999999999057,True
Arch,a=0.98,a=0.99,1,0.9774721143378529,False
Arch,a=0.98,a=0.9,2,0.7967054834519883,False
Arch,a=0.98,a=0.91,2,0.8214980263493903,False
Arch,a=0.98,a=0.92,2,0.847757800982936,False
Arch,a=0.98,a=0.93,2,0.875468570982096,False
Arch,a=0.98,a=0.94,2,0.9044492293323405,False
Arch,a=0.98,a=0.95,2,0.9341423179989143,False
Arch,a=0.98,a=0.96,2,0.963122039108186,False
Arch,a=0.98,a=0.97,2,0.987923479768448,False
Arch,a=0.98,a=0.98,2,0.9999999999999332,True
Arch,a=0.98,a=0.99,2,0.9711302011900138,False
Arch,a=0.98,a=0.9,3,0.8364992763835014,False
Arch,a=0.98,a=0.91,3,0.857060266948853,False
Arch,a=0.98,a=0.92,3,0.8785224877159981,False
Arch,a=0.98,a=0.93,3,0.9008354370881326,False
Arch,a=0.98,a=0.94,3,0.9238435111223344,False
Arch,a=0.98,a=0.95,3,0.947164029549378,False
Arch,a=0.98,a=0.96,3,0.9698939956157738,False
Arch,a=0.98,a=0.97,3,0.9897695027040444,False
Arch,a=0.98,a=0.98,3,0.9999999999999761,True
Arch,a=0.98,a=0.99,3,0.9729956314570678,False
Arch,a=0.98,a=0.9,4,0.8099875645084399,False
Arch,a=0.98,a=0.91,4,0.8326392691654991,False
Arch,a=0.98,a=0.92,4,0.8566640365943069,False
Arch,a=0.98,a=0.93,4,0.8820645871633905,False
Arch,a=0.98,a=0.94,4,0.9087201276157457,False
Arch,a=0.98,a=0.95,4,0.9362349856568973,False
Arch,a=0.98,a=0.96,4,0.9635395041279841,False
Arch,a=0.98,a=0.97,4,0.9876972879887422,False
Arch,a=0.98,a=0.98,4,0.9999999999999478,True
Arch,a=0.98,a=0.99,4,0.9712014061290299,False
Arch,a=0.98,a=0.9,5,0.8212249870648409,False
Arch,a=0.98,a=0.91,5,0.8430347425734352,False
Arch,a=0.98,a=0.92,5,0.865970129299249,False
Arch,a=0.98,a=0.93,5,0.8900343065981399,False
Arch,a=0.98,a=0.94,5,0.9151273786496689,False
Arch,a=0.98,a=0.95,5,0.9408957833136508,False
Arch,a=0.98,a=0.96,5,0.9663385818073242,False
Arch,a=0.98,a=0.97,5,0.9887012525258133,False
Arch,a=0.98,a=0.98,5,0.999999999999914,True
Arch,a=0.98,a=0.99,5,0.9741621186136025,False
Arch,a=0.98,a=0.9,6,0.8340802358765925,False
Arch,a=0.98,a=0.91,6,0.8548981577341119,False
Arch,a=0.98,a=0.92,6,0.8766759819083596,False
Arch,a=0.98,a=0.93,6,0.8993778045975773,False
Arch,a=0.98,a=0.94,6,0.9228515778082129,False
Arch,a=0.98,a=0.95,6,0.9466887079813251,False
Arch,a=0.98,a=0.96,6,0.9698889270846588,False
Arch,a=0.98,a=0.97,6,0.9899580174779369,False
Arch,a=0.98,a=0.98,6,0.9999999999999207,True
Arch,a=0.98,a=0.99,6,0.9758834490105042,False
Arch,a=0.98,a=0.9,7,0.8436439080055318,False
Arch,a=0.98,a=0.91,7,0.8619891161727573,False
Arch,a=0.98,a=0.92,7,0.88130901546747,False
Arch,a=0.98,a=0.93,7,0.9016803735849591,False
Arch,a=0.98,a=0.94,7,0.9231402736292587,False
Arch,a=0.98,a=0.95,7,0.9455651208479255,False
Arch,a=0.98,a=0.96,7,0.9683026492635497,False
Arch,a=0.98,a=0.97,7,0.9890358831946404,False
Arch,a=0.98,a=0.98,7,0.9999999999999606,True
Arch,a=0.98,a=0.99,7,0.9709522356389567,False
Arch,a=0.98,a=0.9,8,0.833889893926429,False
Arch,a=0.98,a=0.91,8,0.855193127673531,False
Arch,a=0.98,a=0.92,8,0.8774253831299443,False
Arch,a=0.98,a=0.93,8,0.9005175138264636,False
Arch,a=0.98,a=0.94,8,0.9242635154981067,False
Arch,a=0.98,a=0.95,8,0.94816928740179,False
Arch,a=0.98,a=0.96,8,0.9711172275394565,False
Arch,a=0.98,a=0.97,8,0.9905442291490004,False
Arch,a=0.98,a=0.98,8,0.9999999999999423,True
Arch,a=0.98,a=0.99,8,0.9782378289323411,False
Arch,a=0.98,a=0.9,9,0.8314893505567367,False
Arch,a=0.98,a=0.91,9,0.8526367742487782,False
Arch,a=0.98,a=0.92,9,0.8748589944331416,False
Arch,a=0.98,a=0.93,9,0.8981145010564894,False
Arch,a=0.98,a=0.94,9,0.9222147572955313,False
Arch,a=0.98,a=0.95,9,0.9466544658970394,False
Arch,a=0.98,a=0.96,9,0.9702443187893927,False
Arch,a=0.98,a=0.97,9,0.9902584767118019,False
Arch,a=0.98,a=0.98,9,0.9999999999999302,True
Arch,a=0.98,a=0.99,9,0.976133925620098,False
Arch,a=0.99,a=0.9,0,0.7054873360884752,False
Arch,a=0.99,a=0.91,0,0.7283652342716387,False
Arch,a=0.99,a=0.92,0,0.7531057503952646,False
Arch,a=0.99,a=0.93,0,0.7800766724981217,False
Arch,a=0.99,a=0.94,0,0.8097876023091491,False
Arch,a=0.99,a=0.95,0,0.842946389893213,False
Arch,a=0.99,a=0.96,0,0.880485869912624,False
Arch,a=0.99,a=0.97,0,0.9232854982787947,False
Arch,a=0.99,a=0.98,0,0.9697003124392481,False
Arch,a=0.99,a=0.99,0,0.9999999999999715,True
Arch,a=0.99,a=0.9,1,0.7638362476127167,False
Arch,a=0.99,a=0.91,1,0.784538364387686,False
Arch,a=0.99,a=0.92,1,0.8067423618698573,False
Arch,a=0.99,a=0.93,1,0.8307216895625447,False
Arch,a=0.99,a=0.94,1,0.8568259013818229,False
Arch,a=0.99,a=0.95,1,0.8854528035911151,False
Arch,a=0.99,a=0.96,1,0.9168432464458551,False
Arch,a=0.99,a=0.97,1,0.9503046875482052,False
Arch,a=0.99,a=0.98,1,0.9821276234816023,False
Arch,a=0.99,a=0.99,1,0.9999999999999543,True
Arch,a=0.99,a=0.9,2,0.6635770834778602,False
Arch,a=0.99,a=0.91,2,0.6904909973276048,False
Arch,a=0.99,a=0.92,2,0.7200767147477076,False
Arch,a=0.99,a=0.93,2,0.7527753704914604,False
Arch,a=0.99,a=0.94,2,0.7891019419095914,False
Arch,a=0.99,a=0.95,2,0.8295943192557883,False
Arch,a=0.99,a=0.96,2,0.8745880842550667,False
Arch,a=0.99,a=0.97,2,0.9234102192852685,False
Arch,a=0.99,a=0.98,2,0.9716267666798423,False
Arch,a=0.99,a=0.99,2,0.999999999999782,True
Arch,a=0.99,a=0.9,3,0.7586757528937728,False
Arch,a=0.99,a=0.91,3,0.7788516252585811,False
Arch,a=0.99,a=0.92,3,0.8005122336048334,False
Arch,a=0.99,a=0.93,3,0.8239352154587868,False
Arch,a=0.99,a=0.94,3,0.8494905350644713,False
Arch,a=0.99,a=0.95,3,0.8776329733299305,False
Arch,a=0.99,a=0.96,3,0.9087787289840686,False
Arch,a=0.99,a=0.97,3,0.9428270060810993,False
Arch,a=0.99,a=0.98,3,0.9775731498867601,False
Arch,a=0.99,a=0.99,3,0.9999999999999396,True
Arch,a=0.99,a=0.9,4,0.7563842468069861,False
Arch,a=0.99,a=0.91,4,0.7775845705719643,False
Arch,a=0.99,a=0.92,4,0.8002916798602636,False
Arch,a=0.99,a=0.93,4,0.8247526208868357,False
Arch,a=0.99,a=0.94,4,0.8512779646943763,False
Arch,a=0.99,a=0.95,4,0.8802274414710601,False
Arch,a=0.99,a=0.96,4,0.9118888273339689,False
Arch,a=0.99,a=0.97,4,0.9459625322659958,False
Arch,a=0.99,a=0.98,4,0.9796894682906458,False
Arch,a=0.99,a=0.99,4,0.9999999999999543,True
Arch,a=0.99,a=0.9,5,0.744458897298245,False
Arch,a=0.99,a=0.91,5,0.7653620240589933,False
Arch,a=0.99,a=0.92,5,0.7880349020521468,False
Arch,a=0.99,a=0.93,5,0.8128030602736969,False
Arch,a=0.99,a=0.94,5,0.8400869041412892,False
Arch,a=0.99,a=0.95,5,0.8703966620653428,False
Arch,a=0.99,a=0.96,5,0.9041883153029063,False
Arch,a=0.99,a=0.97,5,0.9411978408598347,False
Arch,a=0.99,a=0.98,5,0.978117162407821,False
Arch,a=0.99,a=0.99,5,0.9999999999998874,True
Arch,a=0.99,a=0.9,6,0.7426947255978944,False
Arch,a=0.99,a=0.91,6,0.7646605163359397,False
Arch,a=0.99,a=0.92,6,0.7882720172895009,False
Arch,a=0.99,a=0.93,6,0.8138076607574434,False
Arch,a=0.99,a=0.94,6,0.8416077168253271,False
Arch,a=0.99,a=0.95,6,0.8720476888974813,False
Arch,a=0.99,a=0.96,6,0.9054070454071337,False
Arch,a=0.99,a=0.97,6,0.9414044724716929,False
Arch,a=0.99,a=0.98,6,0.9775047586568826,False
Arch,a=0.99,a=0.99,6,0.999999999999976,True
Arch,a=0.99,a=0.9,7,0.7541594701177181,False
Arch,a=0.99,a=0.91,7,0.7747033944247961,False
Arch,a=0.99,a=0.92,7,0.7968956606537568,False
Arch,a=0.99,a=0.93,7,0.8210341629776307,False
Arch,a=0.99,a=0.94,7,0.8474909827968644,False
Arch,a=0.99,a=0.95,7,0.8766944490373032,False
Arch,a=0.99,a=0.96,7,0.9089950915341352,False
Arch,a=0.99,a=0.97,7,0.9441171342056234,False
Arch,a=0.99,a=0.98,7,0.979118846207751,False
Arch,a=0.99,a=0.99,7,0.9999999999999616,True
Arch,a=0.99,a=0.9,8,0.7662178163152689,False
Arch,a=0.99,a=0.91,8,0.7879667603315057,False
Arch,a=0.99,a=0.92,8,0.8112318898569619,False
Arch,a=0.99,a=0.93,8,0.8361565659425351,False
Arch,a=0.99,a=0.94,8,0.8628561323066348,False
Arch,a=0.99,a=0.95,8,0.8913487987704848,False
Arch,a=0.99,a=0.96,8,0.9214112670978507,False
Arch,a=0.99,a=0.97,8,0.9522975019716257,False
Arch,a=0.99,a=0.98,8,0.9818894580453987,False
Arch,a=0.99,a=0.99,8,0.9999999999999195,True
Arch,a=0.99,a=0.9,9,0.7767943711907702,False
Arch,a=0.99,a=0.91,9,0.7972032443038135,False
Arch,a=0.99,a=0.92,9,0.8189202016398367,False
Arch,a=0.99,a=0.93,9,0.842084574355356,False
Arch,a=0.99,a=0.94,9,0.866846524157601,False
Arch,a=0.99,a=0.95,9,0.8933554673622055,False
Arch,a=0.99,a=0.96,9,0.9217136381580333,False
Arch,a=0.99,a=0.97,9,0.9517464909101906,False
Arch,a=0.99,a=0.98,9,0.9816437486858325,False
Arch,a=0.99,a=0.99,9,0.9999999999999245,True
Mess3,"a=0.005, x=0.01","a=0.005, x=0.01",0,0.9999999999999708,True
Mess3,"a=0.005, x=0.01","a=0.005, x=0.02",0,0.9970533760368627,False
Mess3,"a=0.005, x=0.01","a=0.01, x=0.02",0,0.9990219828683778,False
Mess3,"a=0.005, x=0.01","a=0.05, x=0.02",0,0.9772146162509601,False
Mess3,"a=0.005, x=0.01","a=0.1, x=0.02",0,0.9405234305274246,False
Mess3,"a=0.005, x=0.01","a=0.6, x=0.02",0,0.40744240820471866,False
Mess3,"a=0.005, x=0.01","a=0.7, x=0.02",0,0.38965317591257553,False
Mess3,"a=0.005, x=0.01","a=0.8, x=0.02",0,0.37707564638696556,False
Mess3,"a=0.005, x=0.01","a=0.85, x=0.02",0,0.37112272725572326,False
Mess3,"a=0.005, x=0.01","a=0.9, x=0.02",0,0.36641989593469804,False
Mess3,"a=0.005, x=0.01","a=0.005, x=0.01",1,0.9999999999999167,True
Mess3,"a=0.005, x=0.01","a=0.005, x=0.02",1,0.9973230213561386,False
Mess3,"a=0.005, x=0.01","a=0.01, x=0.02",1,0.9990143710454121,False
Mess3,"a=0.005, x=0.01","a=0.05, x=0.02",1,0.9800461608445886,False
Mess3,"a=0.005, x=0.01","a=0.1, x=0.02",1,0.9488028282585342,False
Mess3,"a=0.005, x=0.01","a=0.6, x=0.02",1,0.3911259372308945,False
Mess3,"a=0.005, x=0.01","a=0.7, x=0.02",1,0.3766825849317287,False
Mess3,"a=0.005, x=0.01","a=0.8, x=0.02",1,0.36613513398131925,False
Mess3,"a=0.005, x=0.01","a=0.85, x=0.02",1,0.3612549639123759,False
Mess3,"a=0.005, x=0.01","a=0.9, x=0.02",1,0.3579574471025233,False
Mess3,"a=0.005, x=0.01","a=0.005, x=0.01",2,0.999999999999811,True
Mess3,"a=0.005, x=0.01","a=0.005, x=0.02",2,0.9973235157596763,False
Mess3,"a=0.005, x=0.01","a=0.01, x=0.02",2,0.9990597611375701,False
Mess3,"a=0.005, x=0.01","a=0.05, x=0.02",2,0.9796746355810826,False
Mess3,"a=0.005, x=0.01","a=0.1, x=0.02",2,0.9481329718521792,False
Mess3,"a=0.005, x=0.01","a=0.6, x=0.02",2,0.3997514431759278,False
Mess3,"a=0.005, x=0.01","a=0.7, x=0.02",2,0.38295803388073224,False
Mess3,"a=0.005, x=0.01","a=0.8, x=0.02",2,0.3707200107985462,False
Mess3,"a=0.005, x=0.01","a=0.85, x=0.02",2,0.3648334030037449,False
Mess3,"a=0.005, x=0.01","a=0.9, x=0.02",2,0.36031525262265796,False
Mess3,"a=0.005, x=0.01","a=0.005, x=0.01",3,0.9999999999999563,True
Mess3,"a=0.005, x=0.01","a=0.005, x=0.02",3,0.9974048780542731,False
Mess3,"a=0.005, x=0.01","a=0.01, x=0.02",3,0.9990433677108385,False
Mess3,"a=0.005, x=0.01","a=0.05, x=0.02",3,0.9810763321211584,False
Mess3,"a=0.005, x=0.01","a=0.1, x=0.02",3,0.9520376298235325,False
Mess3,"a=0.005, x=0.01","a=0.6, x=0.02",3,0.401279082479021,False
Mess3,"a=0.005, x=0.01","a=0.7, x=0.02",3,0.38529215325761845,False
Mess3,"a=0.005, x=0.01","a=0.8, x=0.02",3,0.3732786733265142,False
Mess3,"a=0.005, x=0.01","a=0.85, x=0.02",3,0.36749630129337163,False
Mess3,"a=0.005, x=0.01","a=0.9, x=0.02",3,0.3632270961532683,False
Mess3,"a=0.005, x=0.01","a=0.005, x=0.01",4,0.9999999999999755,True
Mess3,"a=0.005, x=0.01","a=0.005, x=0.02",4,0.9969913088897517,False
Mess3,"a=0.005, x=0.01","a=0.01, x=0.02",4,0.9990595458387036,False
Mess3,"a=0.005, x=0.01","a=0.05, x=0.02",4,0.9794820682295253,False
Mess3,"a=0.005, x=0.01","a=0.1, x=0.02",4,0.9476795125083424,False
Mess3,"a=0.005, x=0.01","a=0.6, x=0.02",4,0.3980214919622833,False
Mess3,"a=0.005, x=0.01","a=0.7, x=0.02",4,0.37938338219515133,False
Mess3,"a=0.005, x=0.01","a=0.8, x=0.02",4,0.36600732593452234,False
Mess3,"a=0.005, x=0.01","a=0.85, x=0.02",4,0.3598178857524693,False
Mess3,"a=0.005, x=0.01","a=0.9, x=0.02",4,0.35516869462155387,False
Mess3,"a=0.005, x=0.01","a=0.005, x=0.01",5,0.9999999999998761,True
Mess3,"a=0.005, x=0.01","a=0.005, x=0.02",5,0.9968051521229376,False
Mess3,"a=0.005, x=0.01","a=0.01, x=0.02",5,0.9991010242120884,False
Mess3,"a=0.005, x=0.01","a=0.05, x=0.02",5,0.976493309777695,False
Mess3,"a=0.005, x=0.01","a=0.1, x=0.02",5,0.9423405544407261,False
Mess3,"a=0.005, x=0.01","a=0.6, x=0.02",5,0.3952978153299376,False
Mess3,"a=0.005, x=0.01","a=0.7, x=0.02",5,0.37927647945951415,False
Mess3,"a=0.005, x=0.01","a=0.8, x=0.02",5,0.3679892646149453,False
Mess3,"a=0.005, x=0.01","a=0.85, x=0.02",5,0.36281855889510994,False
Mess3,"a=0.005, x=0.01","a=0.9, x=0.02",5,0.35924989014992037,False
Mess3,"a=0.005, x=0.01","a=0.005, x=0.01",6,0.9999999999999202,True
Mess3,"a=0.005, x=0.01","a=0.005, x=0.02",6,0.9969524427768313,False
Mess3,"a=0.005, x=0.01","a=0.01, x=0.02",6,0.9990471708888462,False
Mess3,"a=0.005, x=0.01","a=0.05, x=0.02",6,0.9794993096456823,False
Mess3,"a=0.005, x=0.01","a=0.1, x=0.02",6,0.9474611746837257,False
Mess3,"a=0.005, x=0.01","a=0.6, x=0.02",6,0.39587676259428906,False
Mess3,"a=0.005, x=0.01","a=0.7, x=0.02",6,0.38085984069544776,False
Mess3,"a=0.005, x=0.01","a=0.8, x=0.02",6,0.36836585253566967,False
Mess3,"a=0.005, x=0.01","a=0.85, x=0.02",6,0.36159785190769533,False
Mess3,"a=0.005, x=0.01","a=0.9, x=0.02",6,0.35553593229421654,False
Mess3,"a=0.005, x=0.01","a=0.005, x=0.01",7,0.9999999999999182,True
Mess3,"a=0.005, x=0.01","a=0.005, x=0.02",7,0.9963161518165593,False
Mess3,"a=0.005, x=0.01","a=0.01, x=0.02",7,0.9990443938481224,False
Mess3,"a=0.005, x=0.01","a=0.05, x=0.02",7,0.9749181620557105,False
Mess3,"a=0.005, x=0.01","a=0.1, x=0.02",7,0.9406976092325461,False
Mess3,"a=0.005, x=0.01","a=0.6, x=0.02",7,0.4058987247275774,False
Mess3,"a=0.005, x=0.01","a=0.7, x=0.02",7,0.38720204265526825,False
Mess3,"a=0.005, x=0.01","a=0.8, x=0.02",7,0.37531778459142184,False
Mess3,"a=0.005, x=0.01","a=0.85, x=0.02",7,0.3698944939053195,False
Mess3,"a=0.005, x=0.01","a=0.9, x=0.02",7,0.3656852323301094,False
Mess3,"a=0.005, x=0.01","a=0.005, x=0.01",8,0.9999999999999452,True
Mess3,"a=0.005, x=0.01","a=0.005, x=0.02",8,0.9972870169881529,False
Mess3,"a=0.005, x=0.01","a=0.01, x=0.02",8,0.9990568347689633,False
Mess3,"a=0.005, x=0.01","a=0.05, x=0.02",8,0.9781033317996415,False
Mess3,"a=0.005, x=0.01","a=0.1, x=0.02",8,0.9432808386238143,False
Mess3,"a=0.005, x=0.01","a=0.6, x=0.02",8,0.3993656802939498,False
Mess3,"a=0.005, x=0.01","a=0.7, x=0.02",8,0.3848398659931329,False
Mess3,"a=0.005, x=0.01","a=0.8, x=0.02",8,0.37458892973352154,False
Mess3,"a=0.005, x=0.01","a=0.85, x=0.02",8,0.3695653553452677,False
Mess3,"a=0.005, x=0.01","a=0.9, x=0.02",8,0.36561369968107027,False
Mess3,"a=0.005, x=0.01","a=0.005, x=0.01",9,0.9999999999999536,True
Mess3,"a=0.005, x=0.01","a=0.005, x=0.02",9,0.9971129779715249,False
Mess3,"a=0.005, x=0.01","a=0.01, x=0.02",9,0.9990313670252005,False
Mess3,"a=0.005, x=0.01","a=0.05, x=0.02",9,0.9807802403956761,False
Mess3,"a=0.005, x=0.01","a=0.1, x=0.02",9,0.9537936814903771,False
Mess3,"a=0.005, x=0.01","a=0.6, x=0.02",9,0.40235543736306256,False
Mess3,"a=0.005, x=0.01","a=0.7, x=0.02",9,0.3855806240735593,False
Mess3,"a=0.005, x=0.01","a=0.8, x=0.02",9,0.372392180689436,False
Mess3,"a=0.005, x=0.01","a=0.85, x=0.02",9,0.36624380384858946,False
Mess3,"a=0.005, x=0.01","a=0.9, x=0.02",9,0.36152268987953307,False
Mess3,"a=0.005, x=0.02","a=0.005, x=0.01",0,0.9961084493516292,False
Mess3,"a=0.005, x=0.02","a=0.005, x=0.02",0,0.9999999999999518,True
Mess3,"a=0.005, x=0.02","a=0.01, x=0.02",0,0.9973558933656673,False
Mess3,"a=0.005, x=0.02","a=0.05, x=0.02",0,0.9470865389536952,False
Mess3,"a=0.005, x=0.02","a=0.1, x=0.02",0,0.8854285440742058,False
Mess3,"a=0.005, x=0.02","a=0.6, x=0.02",0,0.4022630243276567,False
Mess3,"a=0.005, x=0.02","a=0.7, x=0.02",0,0.3965346117220715,False
Mess3,"a=0.005, x=0.02","a=0.8, x=0.02",0,0.39198788643926963,False
Mess3,"a=0.005, x=0.02","a=0.85, x=0.02",0,0.3893295187289372,False
Mess3,"a=0.005, x=0.02","a=0.9, x=0.02",0,0.38813941329978185,False
Mess3,"a=0.005, x=0.02","a=0.005, x=0.01",1,0.9958984137506711,False
Mess3,"a=0.005, x=0.02","a=0.005, x=0.02",1,0.9999999999998472,True
Mess3,"a=0.005, x=0.02","a=0.01, x=0.02",1,0.9972965061432872,False
Mess3,"a=0.005, x=0.02","a=0.05, x=0.02",1,0.9463290137701275,False
Mess3,"a=0.005, x=0.02","a=0.1, x=0.02",1,0.8864930195692264,False
Mess3,"a=0.005, x=0.02","a=0.6, x=0.02",1,0.39397088417529436,False
Mess3,"a=0.005, x=0.02","a=0.7, x=0.02",1,0.38731578499155206,False
Mess3,"a=0.005, x=0.02","a=0.8, x=0.02",1,0.3825055040530432,False
Mess3,"a=0.005, x=0.02","a=0.85, x=0.02",1,0.38034126325245576,False
Mess3,"a=0.005, x=0.02","a=0.9, x=0.02",1,0.38001414027374913,False
Mess3,"a=0.005, x=0.02","a=0.005, x=0.01",2,0.9961728331642737,False
Mess3,"a=0.005, x=0.02","a=0.005, x=0.02",2,0.9999999999999305,True
Mess3,"a=0.005, x=0.02","a=0.01, x=0.02",2,0.9974174658515783,False
Mess3,"a=0.005, x=0.02","a=0.05, x=0.02",2,0.9492086337585895,False
Mess3,"a=0.005, x=0.02","a=0.1, x=0.02",2,0.8938450101884081,False
Mess3,"a=0.005, x=0.02","a=0.6, x=0.02",2,0.40637242191341605,False
Mess3,"a=0.005, x=0.02","a=0.7, x=0.02",2,0.3981460582336933,False
Mess3,"a=0.005, x=0.02","a=0.8, x=0.02",2,0.39153198407552303,False
Mess3,"a=0.005, x=0.02","a=0.85, x=0.02",2,0.38821996360670363,False
Mess3,"a=0.005, x=0.02","a=0.9, x=0.02",2,0.38660161956102534,False
Mess3,"a=0.005, x=0.02","a=0.005, x=0.01",3,0.9963834105160376,False
Mess3,"a=0.005, x=0.02","a=0.005, x=0.02",3,0.9999999999999648,True
Mess3,"a=0.005, x=0.02","a=0.01, x=0.02",3,0.9976412331459146,False
Mess3,"a=0.005, x=0.02","a=0.05, x=0.02",3,0.9523901733032868,False
Mess3,"a=0.005, x=0.02","a=0.1, x=0.02",3,0.897593460973333,False
Mess3,"a=0.005, x=0.02","a=0.6, x=0.02",3,0.3857179517932039,False
Mess3,"a=0.005, x=0.02","a=0.7, x=0.02",3,0.3821196782218822,False
Mess3,"a=0.005, x=0.02","a=0.8, x=0.02",3,0.37923992412498975,False
Mess3,"a=0.005, x=0.02","a=0.85, x=0.02",3,0.3776244786228552,False
Mess3,"a=0.005, x=0.02","a=0.9, x=0.02",3,0.3776006147065072,False
Mess3,"a=0.005, x=0.02","a=0.005, x=0.01",4,0.9958236482938146,False
Mess3,"a=0.005, x=0.02","a=0.005, x=0.02",4,0.9999999999999533,True
Mess3,"a=0.005, x=0.02","a=0.01, x=0.02",4,0.9971283267752137,False
Mess3,"a=0.005, x=0.02","a=0.05, x=0.02",4,0.9443713597613049,False
Mess3,"a=0.005, x=0.02","a=0.1, x=0.02",4,0.8812453403672273,False
Mess3,"a=0.005, x=0.02","a=0.6, x=0.02",4,0.39057241100470186,False
Mess3,"a=0.005, x=0.02","a=0.7, x=0.02",4,0.38395989439846234,False
Mess3,"a=0.005, x=0.02","a=0.8, x=0.02",4,0.37883260558026066,False
Mess3,"a=0.005, x=0.02","a=0.85, x=0.02",4,0.37628826207095434,False
Mess3,"a=0.005, x=0.02","a=0.9, x=0.02",4,0.37549057990797396,False
Mess3,"a=0.005, x=0.02","a=0.005, x=0.01",5,0.9961815618305057,False
Mess3,"a=0.005, x=0.02","a=0.005, x=0.02",5,0.9999999999999368,True
Mess3,"a=0.005, x=0.02","a=0.01, x=0.02",5,0.9974628137494028,False
Mess3,"a=0.005, x=0.02","a=0.05, x=0.02",5,0.9504109309679218,False
Mess3,"a=0.005, x=0.02","a=0.1, x=0.02",5,0.8955496175844383,False
Mess3,"a=0.005, x=0.02","a=0.6, x=0.02",5,0.3910037957372906,False
Mess3,"a=0.005, x=0.02","a=0.7, x=0.02",5,0.3848125828414367,False
Mess3,"a=0.005, x=0.02","a=0.8, x=0.02",5,0.3808721459494566,False
Mess3,"a=0.005, x=0.02","a=0.85, x=0.02",5,0.3789460592183217,False
Mess3,"a=0.005, x=0.02","a=0.9, x=0.02",5,0.3787857876469767,False
Mess3,"a=0.005, x=0.02","a=0.005, x=0.01",6,0.9959221437402122,False
Mess3,"a=0.005, x=0.02","a=0.005, x=0.02",6,0.9999999999999606,True
Mess3,"a=0.005, x=0.02","a=0.01, x=0.02",6,0.9971903890114701,False
Mess3,"a=0.005, x=0.02","a=0.05, x=0.02",6,0.9493710311742033,False
Mess3,"a=0.005, x=0.02","a=0.1, x=0.02",6,0.8950636383226057,False
Mess3,"a=0.005, x=0.02","a=0.6, x=0.02",6,0.3987503510585426,False
Mess3,"a=0.005, x=0.02","a=0.7, x=0.02",6,0.3927913105628783,False
Mess3,"a=0.005, x=0.02","a=0.8, x=0.02",6,0.38724734667798644,False
Mess3,"a=0.005, x=0.02","a=0.85, x=0.02",6,0.38395788203359005,False
Mess3,"a=0.005, x=0.02","a=0.9, x=0.02",6,0.3819587659285901,False
Mess3,"a=0.005, x=0.02","a=0.005, x=0.01",7,0.9955703112067799,False
Mess3,"a=0.005, x=0.02","a=0.005, x=0.02",7,0.9999999999999618,True
Mess3,"a=0.005, x=0.02","a=0.01, x=0.02",7,0.9968958774393087,False
Mess3,"a=0.005, x=0.02","a=0.05, x=0.02",7,0.9414229993175892,False
Mess3,"a=0.005, x=0.02","a=0.1, x=0.02",7,0.8813390471854433,False
Mess3,"a=0.005, x=0.02","a=0.6, x=0.02",7,0.39267221963965837,False
Mess3,"a=0.005, x=0.02","a=0.7, x=0.02",7,0.38467537751085523,False
Mess3,"a=0.005, x=0.02","a=0.8, x=0.02",7,0.38063666001776164,False
Mess3,"a=0.005, x=0.02","a=0.85, x=0.02",7,0.37909108355466736,False
Mess3,"a=0.005, x=0.02","a=0.9, x=0.02",7,0.37929652161945315,False
Mess3,"a=0.005, x=0.02","a=0.005, x=0.01",8,0.995815916647866,False
Mess3,"a=0.005, x=0.02","a=0.005, x=0.02",8,0.9999999999999222,True
Mess3,"a=0.005, x=0.02","a=0.01, x=0.02",8,0.9971129314768455,False
Mess3,"a=0.005, x=0.02","a=0.05, x=0.02",8,0.9463825670514108,False
Mess3,"a=0.005, x=0.02","a=0.1, x=0.02",8,0.8909305862436961,False
Mess3,"a=0.005, x=0.02","a=0.6, x=0.02",8,0.39097084728176723,False
Mess3,"a=0.005, x=0.02","a=0.7, x=0.02",8,0.38774966884596274,False
Mess3,"a=0.005, x=0.02","a=0.8, x=0.02",8,0.38515488403646425,False
Mess3,"a=0.005, x=0.02","a=0.85, x=0.02",8,0.38344061408714947,False
Mess3,"a=0.005, x=0.02","a=0.9, x=0.02",8,0.38314370000305675,False
Mess3,"a=0.005, x=0.02","a=0.005, x=0.01",9,0.996139253149452,False
Mess3,"a=0.005, x=0.02","a=0.005, x=0.02",9,0.9999999999999507,True
Mess3,"a=0.005, x=0.02","a=0.01, x=0.02",9,0.9975373879417416,False
Mess3,"a=0.005, x=0.02","a=0.05, x=0.02",9,0.950887656758097,False
Mess3,"a=0.005, x=0.02","a=0.1, x=0.02",9,0.8968107747031149,False
Mess3,"a=0.005, x=0.02","a=0.6, x=0.02",9,0.39428795291257135,False
Mess3,"a=0.005, x=0.02","a=0.7, x=0.02",9,0.38808851524215815,False
Mess3,"a=0.005, x=0.02","a=0.8, x=0.02",9,0.38264963320546697,False
Mess3,"a=0.005, x=0.02","a=0.85, x=0.02",9,0.3800010349939129,False
Mess3,"a=0.005, x=0.02","a=0.9, x=0.02",9,0.37902000806221803,False
Mess3,"a=0.01, x=0.02","a=0.005, x=0.01",0,0.9989867478791282,False
Mess3,"a=0.01, x=0.02","a=0.005, x=0.02",0,0.9969749048566146,False
Mess3,"a=0.01, x=0.02","a=0.01, x=0.02",0,0.9999999999999414,True
Mess3,"a=0.01, x=0.02","a=0.05, x=0.02",0,0.9641241770451705,False
Mess3,"a=0.01, x=0.02","a=0.1, x=0.02",0,0.9071566464506705,False
Mess3,"a=0.01, x=0.02","a=0.6, x=0.02",0,0.4096304720089413,False
Mess3,"a=0.01, x=0.02","a=0.7, x=0.02",0,0.40183005404184835,False
Mess3,"a=0.01, x=0.02","a=0.8, x=0.02",0,0.3965988724760746,False
Mess3,"a=0.01, x=0.02","a=0.85, x=0.02",0,0.39389223023976294,False
Mess3,"a=0.01, x=0.02","a=0.9, x=0.02",0,0.3924326422554484,False
Mess3,"a=0.01, x=0.02","a=0.005, x=0.01",1,0.9989200284640519,False
Mess3,"a=0.01, x=0.02","a=0.005, x=0.02",1,0.9970679680955062,False
Mess3,"a=0.01, x=0.02","a=0.01, x=0.02",1,0.9999999999999841,True
Mess3,"a=0.01, x=0.02","a=0.05, x=0.02",1,0.9640744582732317,False
Mess3,"a=0.01, x=0.02","a=0.1, x=0.02",1,0.908370659047578,False
Mess3,"a=0.01, x=0.02","a=0.6, x=0.02",1,0.405205067377854,False
Mess3,"a=0.01, x=0.02","a=0.7, x=0.02",1,0.3968827513450379,False
Mess3,"a=0.01, x=0.02","a=0.8, x=0.02",1,0.39078790819263765,False
Mess3,"a=0.01, x=0.02","a=0.85, x=0.02",1,0.38794233944184775,False
Mess3,"a=0.01, x=0.02","a=0.9, x=0.02",1,0.3867301856100651,False
Mess3,"a=0.01, x=0.02","a=0.005, x=0.01",2,0.9990142733662446,False
Mess3,"a=0.01, x=0.02","a=0.005, x=0.02",2,0.996998426545683,False
Mess3,"a=0.01, x=0.02","a=0.01, x=0.02",2,0.9999999999998979,True
Mess3,"a=0.01, x=0.02","a=0.05, x=0.02",2,0.9639639977714336,False
Mess3,"a=0.01, x=0.02","a=0.1, x=0.02",2,0.9096226719101526,False
Mess3,"a=0.01, x=0.02","a=0.6, x=0.02",2,0.41446237016367593,False
Mess3,"a=0.01, x=0.02","a=0.7, x=0.02",2,0.4073446855913586,False
Mess3,"a=0.01, x=0.02","a=0.8, x=0.02",2,0.4001964910063257,False
Mess3,"a=0.01, x=0.02","a=0.85, x=0.02",2,0.3960715232954767,False
Mess3,"a=0.01, x=0.02","a=0.9, x=0.02",2,0.39322040256120505,False
Mess3,"a=0.01, x=0.02","a=0.005, x=0.01",3,0.9989327229695103,False
Mess3,"a=0.01, x=0.02","a=0.005, x=0.02",3,0.9967478974527817,False
Mess3,"a=0.01, x=0.02","a=0.01, x=0.02",3,0.9999999999999748,True
Mess3,"a=0.01, x=0.02","a=0.05, x=0.02",3,0.9617022164477426,False
Mess3,"a=0.01, x=0.02","a=0.1, x=0.02",3,0.9040357566930144,False
Mess3,"a=0.01, x=0.02","a=0.6, x=0.02",3,0.3936037222727342,False
Mess3,"a=0.01, x=0.02","a=0.7, x=0.02",3,0.39003170411720023,False
Mess3,"a=0.01, x=0.02","a=0.8, x=0.02",3,0.38662802002302055,False
Mess3,"a=0.01, x=0.02","a=0.85, x=0.02",3,0.38460801769609787,False
Mess3,"a=0.01, x=0.02","a=0.9, x=0.02",3,0.38422066966700774,False
Mess3,"a=0.01, x=0.02","a=0.005, x=0.01",4,0.9989135503610679,False
Mess3,"a=0.01, x=0.02","a=0.005, x=0.02",4,0.9965222548688999,False
Mess3,"a=0.01, x=0.02","a=0.01, x=0.02",4,0.999999999999983,True
Mess3,"a=0.01, x=0.02","a=0.05, x=0.02",4,0.9596373145377581,False
Mess3,"a=0.01, x=0.02","a=0.1, x=0.02",4,0.8990232321649987,False
Mess3,"a=0.01, x=0.02","a=0.6, x=0.02",4,0.3930744443223846,False
Mess3,"a=0.01, x=0.02","a=0.7, x=0.02",4,0.3884585492012006,False
Mess3,"a=0.01, x=0.02","a=0.8, x=0.02",4,0.3847449218570752,False
Mess3,"a=0.01, x=0.02","a=0.85, x=0.02",4,0.38248663846244013,False
Mess3,"a=0.01, x=0.02","a=0.9, x=0.02",4,0.38140921916276593,False
Mess3,"a=0.01, x=0.02","a=0.005, x=0.01",5,0.9990157498594221,False
Mess3,"a=0.01, x=0.02","a=0.005, x=0.02",5,0.9970409122524243,False
Mess3,"a=0.01, x=0.02","a=0.01, x=0.02",5,0.9999999999999221,True
Mess3,"a=0.01, x=0.02","a=0.05, x=0.02",5,0.9650150245425924,False
Mess3,"a=0.01, x=0.02","a=0.1, x=0.02",5,0.9128868565213213,False
Mess3,"a=0.01, x=0.02","a=0.6, x=0.02",5,0.39933475147743747,False
Mess3,"a=0.01, x=0.02","a=0.7, x=0.02",5,0.3921496875522664,False
Mess3,"a=0.01, x=0.02","a=0.8, x=0.02",5,0.3867222090371789,False
Mess3,"a=0.01, x=0.02","a=0.85, x=0.02",5,0.38380571032694855,False
Mess3,"a=0.01, x=0.02","a=0.9, x=0.02",5,0.3825666813288069,False
Mess3,"a=0.01, x=0.02","a=0.005, x=0.01",6,0.9990829293432025,False
Mess3,"a=0.01, x=0.02","a=0.005, x=0.02",6,0.9965902959846129,False
Mess3,"a=0.01, x=0.02","a=0.01, x=0.02",6,0.9999999999998953,True
Mess3,"a=0.01, x=0.02","a=0.05, x=0.02",6,0.963126187199313,False
Mess3,"a=0.01, x=0.02","a=0.1, x=0.02",6,0.9083683327756026,False
Mess3,"a=0.01, x=0.02","a=0.6, x=0.02",6,0.4067524296070214,False
Mess3,"a=0.01, x=0.02","a=0.7, x=0.02",6,0.40055356718429025,False
Mess3,"a=0.01, x=0.02","a=0.8, x=0.02",6,0.3944989138601964,False
Mess3,"a=0.01, x=0.02","a=0.85, x=0.02",6,0.39067132389036097,False
Mess3,"a=0.01, x=0.02","a=0.9, x=0.02",6,0.3877505237690677,False
Mess3,"a=0.01, x=0.02","a=0.005, x=0.01",7,0.9989927199747057,False
Mess3,"a=0.01, x=0.02","a=0.005, x=0.02",7,0.9962450397317636,False
Mess3,"a=0.01, x=0.02","a=0.01, x=0.02",7,0.9999999999999758,True
Mess3,"a=0.01, x=0.02","a=0.05, x=0.02",7,0.9572349826105324,False
Mess3,"a=0.01, x=0.02","a=0.1, x=0.02",7,0.8988280050528143,False
Mess3,"a=0.01, x=0.02","a=0.6, x=0.02",7,0.3986421276817168,False
Mess3,"a=0.01, x=0.02","a=0.7, x=0.02",7,0.391988017249737,False
Mess3,"a=0.01, x=0.02","a=0.8, x=0.02",7,0.3886568807948214,False
Mess3,"a=0.01, x=0.02","a=0.85, x=0.02",7,0.38693024129253206,False
Mess3,"a=0.01, x=0.02","a=0.9, x=0.02",7,0.38650532332959875,False
Mess3,"a=0.01, x=0.02","a=0.005, x=0.01",8,0.9990090404814821,False
Mess3,"a=0.01, x=0.02","a=0.005, x=0.02",8,0.9968264223198229,False
Mess3,"a=0.01, x=0.02","a=0.01, x=0.02",8,0.9999999999999197,True
Mess3,"a=0.01, x=0.02","a=0.05, x=0.02",8,0.9646221119138453,False
Mess3,"a=0.01, x=0.02","a=0.1, x=0.02",8,0.9123975335795549,False
Mess3,"a=0.01, x=0.02","a=0.6, x=0.02",8,0.4016327790323857,False
Mess3,"a=0.01, x=0.02","a=0.7, x=0.02",8,0.39721540989823656,False
Mess3,"a=0.01, x=0.02","a=0.8, x=0.02",8,0.3936244897576613,False
Mess3,"a=0.01, x=0.02","a=0.85, x=0.02",8,0.39114634595093056,False
Mess3,"a=0.01, x=0.02","a=0.9, x=0.02",8,0.38958058735918577,False
Mess3,"a=0.01, x=0.02","a=0.005, x=0.01",9,0.998906353511921,False
Mess3,"a=0.01, x=0.02","a=0.005, x=0.02",9,0.9971005019136154,False
Mess3,"a=0.01, x=0.02","a=0.01, x=0.02",9,0.9999999999999891,True
Mess3,"a=0.01, x=0.02","a=0.05, x=0.02",9,0.96557030289903,False
Mess3,"a=0.01, x=0.02","a=0.1, x=0.02",9,0.9148884617248454,False
Mess3,"a=0.01, x=0.02","a=0.6, x=0.02",9,0.39939225814438506,False
Mess3,"a=0.01, x=0.02","a=0.7, x=0.02",9,0.3924053250081504,False
Mess3,"a=0.01, x=0.02","a=0.8, x=0.02",9,0.3870469723542682,False
Mess3,"a=0.01, x=0.02","a=0.85, x=0.02",9,0.38430163888809077,False
Mess3,"a=0.01, x=0.02","a=0.9, x=0.02",9,0.3827310063237035,False
Mess3,"a=0.05, x=0.02","a=0.005, x=0.01",0,0.936725128634602,False
Mess3,"a=0.05, x=0.02","a=0.005, x=0.02",0,0.8968469969254271,False
Mess3,"a=0.05, x=0.02","a=0.01, x=0.02",0,0.9365273736446292,False
Mess3,"a=0.05, x=0.02","a=0.05, x=0.02",0,0.9999999999998832,True
Mess3,"a=0.05, x=0.02","a=0.1, x=0.02",0,0.9755195670801079,False
Mess3,"a=0.05, x=0.02","a=0.6, x=0.02",0,0.4447266273688595,False
Mess3,"a=0.05, x=0.02","a=0.7, x=0.02",0,0.43630111909208724,False
Mess3,"a=0.05, x=0.02","a=0.8, x=0.02",0,0.42594495919780906,False
Mess3,"a=0.05, x=0.02","a=0.85, x=0.02",0,0.4184627345363139,False
Mess3,"a=0.05, x=0.02","a=0.9, x=0.02",0,0.4095575653534941,False
Mess3,"a=0.05, x=0.02","a=0.005, x=0.01",1,0.9314314068632092,False
Mess3,"a=0.05, x=0.02","a=0.005, x=0.02",1,0.8878598158014288,False
Mess3,"a=0.05, x=0.02","a=0.01, x=0.02",1,0.9310466189240744,False
Mess3,"a=0.05, x=0.02","a=0.05, x=0.02",1,0.9999999999999096,True
Mess3,"a=0.05, x=0.02","a=0.1, x=0.02",1,0.9734292310051552,False
Mess3,"a=0.05, x=0.02","a=0.6, x=0.02",1,0.4448606177948098,False
Mess3,"a=0.05, x=0.02","a=0.7, x=0.02",1,0.4357898214718867,False
Mess3,"a=0.05, x=0.02","a=0.8, x=0.02",1,0.4258976498502556,False
Mess3,"a=0.05, x=0.02","a=0.85, x=0.02",1,0.4189926241829125,False
Mess3,"a=0.05, x=0.02","a=0.9, x=0.02",1,0.41065387805254583,False
Mess3,"a=0.05, x=0.02","a=0.005, x=0.01",2,0.9322660067910576,False
Mess3,"a=0.05, x=0.02","a=0.005, x=0.02",2,0.8883713370868876,False
Mess3,"a=0.05, x=0.02","a=0.01, x=0.02",2,0.9316997204139299,False
Mess3,"a=0.05, x=0.02","a=0.05, x=0.02",2,0.9999999999998935,True
Mess3,"a=0.05, x=0.02","a=0.1, x=0.02",2,0.974122648534024,False
Mess3,"a=0.05, x=0.02","a=0.6, x=0.02",2,0.4457283199436468,False
Mess3,"a=0.05, x=0.02","a=0.7, x=0.02",2,0.4369940034082612,False
Mess3,"a=0.05, x=0.02","a=0.8, x=0.02",2,0.42689867792059855,False
Mess3,"a=0.05, x=0.02","a=0.85, x=0.02",2,0.419729867187142,False
Mess3,"a=0.05, x=0.02","a=0.9, x=0.02",2,0.4112500608776285,False
Mess3,"a=0.05, x=0.02","a=0.005, x=0.01",3,0.9318690891244674,False
Mess3,"a=0.05, x=0.02","a=0.005, x=0.02",3,0.8888604581637969,False
Mess3,"a=0.05, x=0.02","a=0.01, x=0.02",3,0.9315969074523849,False
Mess3,"a=0.05, x=0.02","a=0.05, x=0.02",3,0.9999999999999366,True
Mess3,"a=0.05, x=0.02","a=0.1, x=0.02",3,0.9721501175476815,False
Mess3,"a=0.05, x=0.02","a=0.6, x=0.02",3,0.4321522576422371,False
Mess3,"a=0.05, x=0.02","a=0.7, x=0.02",3,0.42620747532972825,False
Mess3,"a=0.05, x=0.02","a=0.8, x=0.02",3,0.4191771401948289,False
Mess3,"a=0.05, x=0.02","a=0.85, x=0.02",3,0.4135335653139689,False
Mess3,"a=0.05, x=0.02","a=0.9, x=0.02",3,0.40639560144109643,False
Mess3,"a=0.05, x=0.02","a=0.005, x=0.01",4,0.9275036828643788,False
Mess3,"a=0.05, x=0.02","a=0.005, x=0.02",4,0.8827367244624607,False
Mess3,"a=0.05, x=0.02","a=0.01, x=0.02",4,0.9271856469524463,False
Mess3,"a=0.05, x=0.02","a=0.05, x=0.02",4,0.9999999999999035,True
Mess3,"a=0.05, x=0.02","a=0.1, x=0.02",4,0.9719459026695582,False
Mess3,"a=0.05, x=0.02","a=0.6, x=0.02",4,0.44086863969293477,False
Mess3,"a=0.05, x=0.02","a=0.7, x=0.02",4,0.43186517981749684,False
Mess3,"a=0.05, x=0.02","a=0.8, x=0.02",4,0.42218234295489987,False
Mess3,"a=0.05, x=0.02","a=0.85, x=0.02",4,0.41470240177461914,False
Mess3,"a=0.05, x=0.02","a=0.9, x=0.02",4,0.405501041741814,False
Mess3,"a=0.05, x=0.02","a=0.005, x=0.01",5,0.9378496604339082,False
Mess3,"a=0.05, x=0.02","a=0.005, x=0.02",5,0.8966289642295657,False
Mess3,"a=0.05, x=0.02","a=0.01, x=0.02",5,0.9369497424077015,False
Mess3,"a=0.05, x=0.02","a=0.05, x=0.02",5,0.9999999999999365,True
Mess3,"a=0.05, x=0.02","a=0.1, x=0.02",5,0.975589167936733,False
Mess3,"a=0.05, x=0.02","a=0.6, x=0.02",5,0.43595960644668064,False
Mess3,"a=0.05, x=0.02","a=0.7, x=0.02",5,0.42621046499731563,False
Mess3,"a=0.05, x=0.02","a=0.8, x=0.02",5,0.41609711951220807,False
Mess3,"a=0.05, x=0.02","a=0.85, x=0.02",5,0.40933866543221575,False
Mess3,"a=0.05, x=0.02","a=0.9, x=0.02",5,0.4015119386281609,False
Mess3,"a=0.05, x=0.02","a=0.005, x=0.01",6,0.9312187353348509,False
Mess3,"a=0.05, x=0.02","a=0.005, x=0.02",6,0.8861601460970938,False
Mess3,"a=0.05, x=0.02","a=0.01, x=0.02",6,0.9304395602482027,False
Mess3,"a=0.05, x=0.02","a=0.05, x=0.02",6,0.9999999999999685,True
Mess3,"a=0.05, x=0.02","a=0.1, x=0.02",6,0.9741846420632803,False
Mess3,"a=0.05, x=0.02","a=0.6, x=0.02",6,0.4418204821195464,False
Mess3,"a=0.05, x=0.02","a=0.7, x=0.02",6,0.4360331799799707,False
Mess3,"a=0.05, x=0.02","a=0.8, x=0.02",6,0.42639371646910096,False
Mess3,"a=0.05, x=0.02","a=0.85, x=0.02",6,0.4184671241276311,False
Mess3,"a=0.05, x=0.02","a=0.9, x=0.02",6,0.4084452674923642,False
Mess3,"a=0.05, x=0.02","a=0.005, x=0.01",7,0.9280830573291704,False
Mess3,"a=0.05, x=0.02","a=0.005, x=0.02",7,0.880256435733139,False
Mess3,"a=0.05, x=0.02","a=0.01, x=0.02",7,0.9269999187910267,False
Mess3,"a=0.05, x=0.02","a=0.05, x=0.02",7,0.9999999999999468,True
Mess3,"a=0.05, x=0.02","a=0.1, x=0.02",7,0.9761707879144917,False
Mess3,"a=0.05, x=0.02","a=0.6, x=0.02",7,0.4511316566501039,False
Mess3,"a=0.05, x=0.02","a=0.7, x=0.02",7,0.43820208463723853,False
Mess3,"a=0.05, x=0.02","a=0.8, x=0.02",7,0.4264804745114672,False
Mess3,"a=0.05, x=0.02","a=0.85, x=0.02",7,0.4186234004045444,False
Mess3,"a=0.05, x=0.02","a=0.9, x=0.02",7,0.40915188329798624,False
Mess3,"a=0.05, x=0.02","a=0.005, x=0.01",8,0.9335860844033286,False
Mess3,"a=0.05, x=0.02","a=0.005, x=0.02",8,0.8891298752275264,False
Mess3,"a=0.05, x=0.02","a=0.01, x=0.02",8,0.932666138320778,False
Mess3,"a=0.05, x=0.02","a=0.05, x=0.02",8,0.9999999999999551,True
Mess3,"a=0.05, x=0.02","a=0.1, x=0.02",8,0.9762093621437234,False
Mess3,"a=0.05, x=0.02","a=0.6, x=0.02",8,0.4416836371455193,False
Mess3,"a=0.05, x=0.02","a=0.7, x=0.02",8,0.433025430731683,False
Mess3,"a=0.05, x=0.02","a=0.8, x=0.02",8,0.42264989920334084,False
Mess3,"a=0.05, x=0.02","a=0.85, x=0.02",8,0.41528400042635916,False
Mess3,"a=0.05, x=0.02","a=0.9, x=0.02",8,0.4063627211926065,False
Mess3,"a=0.05, x=0.02","a=0.005, x=0.01",9,0.9350713206612444,False
Mess3,"a=0.05, x=0.02","a=0.005, x=0.02",9,0.8922049334163725,False
Mess3,"a=0.05, x=0.02","a=0.01, x=0.02",9,0.9343740836393598,False
Mess3,"a=0.05, x=0.02","a=0.05, x=0.02",9,0.999999999999901,True
Mess3,"a=0.05, x=0.02","a=0.1, x=0.02",9,0.9758754617173325,False
Mess3,"a=0.05, x=0.02","a=0.6, x=0.02",9,0.4410652297277692,False
Mess3,"a=0.05, x=0.02","a=0.7, x=0.02",9,0.4334484799879954,False
Mess3,"a=0.05, x=0.02","a=0.8, x=0.02",9,0.4228776027245491,False
Mess3,"a=0.05, x=0.02","a=0.85, x=0.02",9,0.4151852450377458,False
Mess3,"a=0.05, x=0.02","a=0.9, x=0.02",9,0.40584322112600657,False
Mess3,"a=0.1, x=0.02","a=0.005, x=0.01",0,0.78055025438026,False
Mess3,"a=0.1, x=0.02","a=0.005, x=0.02",0,0.7089355564557992,False
Mess3,"a=0.1, x=0.02","a=0.01, x=0.02",0,0.7800116298462402,False
Mess3,"a=0.1, x=0.02","a=0.05, x=0.02",0,0.962537368694114,False
Mess3,"a=0.1, x=0.02","a=0.1, x=0.02",0,0.9999999999998778,True
Mess3,"a=0.1, x=0.02","a=0.6, x=0.02",0,0.4880623016640694,False
Mess3,"a=0.1, x=0.02","a=0.7, x=0.02",0,0.4710717152770558,False
Mess3,"a=0.1, x=0.02","a=0.8, x=0.02",0,0.44907173620335894,False
Mess3,"a=0.1, x=0.02","a=0.85, x=0.02",0,0.4337020667609375,False
Mess3,"a=0.1, x=0.02","a=0.9, x=0.02",0,0.4137656670445492,False
Mess3,"a=0.1, x=0.02","a=0.005, x=0.01",1,0.7865534436629755,False
Mess3,"a=0.1, x=0.02","a=0.005, x=0.02",1,0.7128431576222769,False
Mess3,"a=0.1, x=0.02","a=0.01, x=0.02",1,0.7853785038214887,False
Mess3,"a=0.1, x=0.02","a=0.05, x=0.02",1,0.9651541207987367,False
Mess3,"a=0.1, x=0.02","a=0.1, x=0.02",1,0.9999999999999813,True
Mess3,"a=0.1, x=0.02","a=0.6, x=0.02",1,0.48269020343517277,False
Mess3,"a=0.1, x=0.02","a=0.7, x=0.02",1,0.4650357519070232,False
Mess3,"a=0.1, x=0.02","a=0.8, x=0.02",1,0.44265462392663146,False
Mess3,"a=0.1, x=0.02","a=0.85, x=0.02",1,0.4276702569516929,False
Mess3,"a=0.1, x=0.02","a=0.9, x=0.02",1,0.408798163208412,False
Mess3,"a=0.1, x=0.02","a=0.005, x=0.01",2,0.7947180705033432,False
Mess3,"a=0.1, x=0.02","a=0.005, x=0.02",2,0.726847793511832,False
Mess3,"a=0.1, x=0.02","a=0.01, x=0.02",2,0.7944283188754161,False
Mess3,"a=0.1, x=0.02","a=0.05, x=0.02",2,0.9653669506445206,False
Mess3,"a=0.1, x=0.02","a=0.1, x=0.02",2,0.9999999999999531,True
Mess3,"a=0.1, x=0.02","a=0.6, x=0.02",2,0.4913877283551049,False
Mess3,"a=0.1, x=0.02","a=0.7, x=0.02",2,0.47367586249753324,False
Mess3,"a=0.1, x=0.02","a=0.8, x=0.02",2,0.44891748128411735,False
Mess3,"a=0.1, x=0.02","a=0.85, x=0.02",2,0.4318515486535308,False
Mess3,"a=0.1, x=0.02","a=0.9, x=0.02",2,0.4109079326707715,False
Mess3,"a=0.1, x=0.02","a=0.005, x=0.01",3,0.7922379308598451,False
Mess3,"a=0.1, x=0.02","a=0.005, x=0.02",3,0.7226080436623308,False
Mess3,"a=0.1, x=0.02","a=0.01, x=0.02",3,0.7910387356261489,False
Mess3,"a=0.1, x=0.02","a=0.05, x=0.02",3,0.9653346166223942,False
Mess3,"a=0.1, x=0.02","a=0.1, x=0.02",3,0.9999999999999744,True
Mess3,"a=0.1, x=0.02","a=0.6, x=0.02",3,0.4750143340532398,False
Mess3,"a=0.1, x=0.02","a=0.7, x=0.02",3,0.4602129306921656,False
Mess3,"a=0.1, x=0.02","a=0.8, x=0.02",3,0.43932076426622313,False
Mess3,"a=0.1, x=0.02","a=0.85, x=0.02",3,0.4242666847981207,False
Mess3,"a=0.1, x=0.02","a=0.9, x=0.02",3,0.4049585066451997,False
Mess3,"a=0.1, x=0.02","a=0.005, x=0.01",4,0.7922382073751062,False
Mess3,"a=0.1, x=0.02","a=0.005, x=0.02",4,0.7230066593471729,False
Mess3,"a=0.1, x=0.02","a=0.01, x=0.02",4,0.7907824537768555,False
Mess3,"a=0.1, x=0.02","a=0.05, x=0.02",4,0.9648198514055061,False
Mess3,"a=0.1, x=0.02","a=0.1, x=0.02",4,0.9999999999999465,True
Mess3,"a=0.1, x=0.02","a=0.6, x=0.02",4,0.48206364893437703,False
Mess3,"a=0.1, x=0.02","a=0.7, x=0.02",4,0.46523174964585656,False
Mess3,"a=0.1, x=0.02","a=0.8, x=0.02",4,0.44274580954730425,False
Mess3,"a=0.1, x=0.02","a=0.85, x=0.02",4,0.4270869191082354,False
Mess3,"a=0.1, x=0.02","a=0.9, x=0.02",4,0.4072045224865899,False
Mess3,"a=0.1, x=0.02","a=0.005, x=0.01",5,0.7933160105871319,False
Mess3,"a=0.1, x=0.02","a=0.005, x=0.02",5,0.7267185749380898,False
Mess3,"a=0.1, x=0.02","a=0.01, x=0.02",5,0.7928104302027245,False
Mess3,"a=0.1, x=0.02","a=0.05, x=0.02",5,0.9634522796604404,False
Mess3,"a=0.1, x=0.02","a=0.1, x=0.02",5,0.9999999999999557,True
Mess3,"a=0.1, x=0.02","a=0.6, x=0.02",5,0.4811401953545389,False
Mess3,"a=0.1, x=0.02","a=0.7, x=0.02",5,0.466159955304734,False
Mess3,"a=0.1, x=0.02","a=0.8, x=0.02",5,0.4440904381243631,False
Mess3,"a=0.1, x=0.02","a=0.85, x=0.02",5,0.4283742789686874,False
Mess3,"a=0.1, x=0.02","a=0.9, x=0.02",5,0.4084702884924254,False
Mess3,"a=0.1, x=0.02","a=0.005, x=0.01",6,0.7835138097634046,False
Mess3,"a=0.1, x=0.02","a=0.005, x=0.02",6,0.7097462960749006,False
Mess3,"a=0.1, x=0.02","a=0.01, x=0.02",6,0.7819851150367201,False
Mess3,"a=0.1, x=0.02","a=0.05, x=0.02",6,0.9643348286800987,False
Mess3,"a=0.1, x=0.02","a=0.1, x=0.02",6,0.9999999999999594,True
Mess3,"a=0.1, x=0.02","a=0.6, x=0.02",6,0.48480561675264056,False
Mess3,"a=0.1, x=0.02","a=0.7, x=0.02",6,0.4700300699455575,False
Mess3,"a=0.1, x=0.02","a=0.8, x=0.02",6,0.44734391109487526,False
Mess3,"a=0.1, x=0.02","a=0.85, x=0.02",6,0.43075483485092203,False
Mess3,"a=0.1, x=0.02","a=0.9, x=0.02",6,0.4095551999676883,False
Mess3,"a=0.1, x=0.02","a=0.005, x=0.01",7,0.7872718581173124,False
Mess3,"a=0.1, x=0.02","a=0.005, x=0.02",7,0.7200674356534142,False
Mess3,"a=0.1, x=0.02","a=0.01, x=0.02",7,0.787428683641917,False
Mess3,"a=0.1, x=0.02","a=0.05, x=0.02",7,0.9635582649335583,False
Mess3,"a=0.1, x=0.02","a=0.1, x=0.02",7,0.9999999999999716,True
Mess3,"a=0.1, x=0.02","a=0.6, x=0.02",7,0.482881067711854,False
Mess3,"a=0.1, x=0.02","a=0.7, x=0.02",7,0.4658339152262204,False
Mess3,"a=0.1, x=0.02","a=0.8, x=0.02",7,0.4435146988709141,False
Mess3,"a=0.1, x=0.02","a=0.85, x=0.02",7,0.42765319630187937,False
Mess3,"a=0.1, x=0.02","a=0.9, x=0.02",7,0.40777447322017824,False
Mess3,"a=0.1, x=0.02","a=0.005, x=0.01",8,0.7808285655937408,False
Mess3,"a=0.1, x=0.02","a=0.005, x=0.02",8,0.7092719715607563,False
Mess3,"a=0.1, x=0.02","a=0.01, x=0.02",8,0.7797204130426523,False
Mess3,"a=0.1, x=0.02","a=0.05, x=0.02",8,0.9624549057885784,False
Mess3,"a=0.1, x=0.02","a=0.1, x=0.02",8,0.9999999999999428,True
Mess3,"a=0.1, x=0.02","a=0.6, x=0.02",8,0.4843186140405715,False
Mess3,"a=0.1, x=0.02","a=0.7, x=0.02",8,0.4704275508065149,False
Mess3,"a=0.1, x=0.02","a=0.8, x=0.02",8,0.4492727093041091,False
Mess3,"a=0.1, x=0.02","a=0.85, x=0.02",8,0.43356635237789565,False
Mess3,"a=0.1, x=0.02","a=0.9, x=0.02",8,0.4129405462238349,False
Mess3,"a=0.1, x=0.02","a=0.005, x=0.01",9,0.7708446232470135,False
Mess3,"a=0.1, x=0.02","a=0.005, x=0.02",9,0.6984301997068559,False
Mess3,"a=0.1, x=0.02","a=0.01, x=0.02",9,0.7707736054805812,False
Mess3,"a=0.1, x=0.02","a=0.05, x=0.02",9,0.9610629238320751,False
Mess3,"a=0.1, x=0.02","a=0.1, x=0.02",9,0.9999999999999123,True
Mess3,"a=0.1, x=0.02","a=0.6, x=0.02",9,0.48651195961370275,False
Mess3,"a=0.1, x=0.02","a=0.7, x=0.02",9,0.47349172649717186,False
Mess3,"a=0.1, x=0.02","a=0.8, x=0.02",9,0.4517095017717242,False
Mess3,"a=0.1, x=0.02","a=0.85, x=0.02",9,0.4353951987606436,False
Mess3,"a=0.1, x=0.02","a=0.9, x=0.02",9,0.41424375108452605,False
Mess3,"a=0.6, x=0.02","a=0.005, x=0.01",0,0.3124333240339978,False
Mess3,"a=0.6, x=0.02","a=0.005, x=0.02",0,0.29389240355472157,False
Mess3,"a=0.6, x=0.02","a=0.01, x=0.02",0,0.3260260017086005,False
Mess3,"a=0.6, x=0.02","a=0.05, x=0.02",0,0.4254692825600036,False
Mess3,"a=0.6, x=0.02","a=0.1, x=0.02",0,0.48393006310994346,False
Mess3,"a=0.6, x=0.02","a=0.6, x=0.02",0,0.9999999999999134,True
Mess3,"a=0.6, x=0.02","a=0.7, x=0.02",0,0.9734328610504184,False
Mess3,"a=0.6, x=0.02","a=0.8, x=0.02",0,0.8966437384899797,False
Mess3,"a=0.6, x=0.02","a=0.85, x=0.02",0,0.8375598132449684,False
Mess3,"a=0.6, x=0.02","a=0.9, x=0.02",0,0.7593286689811972,False
Mess3,"a=0.6, x=0.02","a=0.005, x=0.01",1,0.3059407561686611,False
Mess3,"a=0.6, x=0.02","a=0.005, x=0.02",1,0.28860138127868684,False
Mess3,"a=0.6, x=0.02","a=0.01, x=0.02",1,0.3204520545890235,False
Mess3,"a=0.6, x=0.02","a=0.05, x=0.02",1,0.4226669280738029,False
Mess3,"a=0.6, x=0.02","a=0.1, x=0.02",1,0.4856647991826919,False
Mess3,"a=0.6, x=0.02","a=0.6, x=0.02",1,0.9999999999998181,True
Mess3,"a=0.6, x=0.02","a=0.7, x=0.02",1,0.9724770893643377,False
Mess3,"a=0.6, x=0.02","a=0.8, x=0.02",1,0.8941111510974777,False
Mess3,"a=0.6, x=0.02","a=0.85, x=0.02",1,0.8350934182636688,False
Mess3,"a=0.6, x=0.02","a=0.9, x=0.02",1,0.7582083553862263,False
Mess3,"a=0.6, x=0.02","a=0.005, x=0.01",2,0.3120189516257351,False
Mess3,"a=0.6, x=0.02","a=0.005, x=0.02",2,0.29231256754681056,False
Mess3,"a=0.6, x=0.02","a=0.01, x=0.02",2,0.32618534891992623,False
Mess3,"a=0.6, x=0.02","a=0.05, x=0.02",2,0.4341130315137649,False
Mess3,"a=0.6, x=0.02","a=0.1, x=0.02",2,0.4992024481392686,False
Mess3,"a=0.6, x=0.02","a=0.6, x=0.02",2,0.9999999999999237,True
Mess3,"a=0.6, x=0.02","a=0.7, x=0.02",2,0.9730924422708133,False
Mess3,"a=0.6, x=0.02","a=0.8, x=0.02",2,0.8969727150962834,False
Mess3,"a=0.6, x=0.02","a=0.85, x=0.02",2,0.8393427228721528,False
Mess3,"a=0.6, x=0.02","a=0.9, x=0.02",2,0.7638914164496968,False
Mess3,"a=0.6, x=0.02","a=0.005, x=0.01",3,0.31704486901450246,False
Mess3,"a=0.6, x=0.02","a=0.005, x=0.02",3,0.2969045658295759,False
Mess3,"a=0.6, x=0.02","a=0.01, x=0.02",3,0.3313662709274702,False
Mess3,"a=0.6, x=0.02","a=0.05, x=0.02",3,0.4407706656673436,False
Mess3,"a=0.6, x=0.02","a=0.1, x=0.02",3,0.5019820735749358,False
Mess3,"a=0.6, x=0.02","a=0.6, x=0.02",3,0.9999999999997485,True
Mess3,"a=0.6, x=0.02","a=0.7, x=0.02",3,0.9717016978032921,False
Mess3,"a=0.6, x=0.02","a=0.8, x=0.02",3,0.8925584870383155,False
Mess3,"a=0.6, x=0.02","a=0.85, x=0.02",3,0.8335243018385098,False
Mess3,"a=0.6, x=0.02","a=0.9, x=0.02",3,0.7577459690456687,False
Mess3,"a=0.6, x=0.02","a=0.005, x=0.01",4,0.3161633297074703,False
Mess3,"a=0.6, x=0.02","a=0.005, x=0.02",4,0.2960040120635177,False
Mess3,"a=0.6, x=0.02","a=0.01, x=0.02",4,0.3295463274315218,False
Mess3,"a=0.6, x=0.02","a=0.05, x=0.02",4,0.434893240536267,False
Mess3,"a=0.6, x=0.02","a=0.1, x=0.02",4,0.4989727760475544,False
Mess3,"a=0.6, x=0.02","a=0.6, x=0.02",4,0.9999999999999374,True
Mess3,"a=0.6, x=0.02","a=0.7, x=0.02",4,0.9717722610467803,False
Mess3,"a=0.6, x=0.02","a=0.8, x=0.02",4,0.8905094536568284,False
Mess3,"a=0.6, x=0.02","a=0.85, x=0.02",4,0.8289963871405148,False
Mess3,"a=0.6, x=0.02","a=0.9, x=0.02",4,0.7492086986754076,False
Mess3,"a=0.6, x=0.02","a=0.005, x=0.01",5,0.3163061024904217,False
Mess3,"a=0.6, x=0.02","a=0.005, x=0.02",5,0.29708885271273255,False
Mess3,"a=0.6, x=0.02","a=0.01, x=0.02",5,0.3306464640202763,False
Mess3,"a=0.6, x=0.02","a=0.05, x=0.02",5,0.43843047452991324,False
Mess3,"a=0.6, x=0.02","a=0.1, x=0.02",5,0.4998394500200727,False
Mess3,"a=0.6, x=0.02","a=0.6, x=0.02",5,0.9999999999999616,True
Mess3,"a=0.6, x=0.02","a=0.7, x=0.02",5,0.9720353519918388,False
Mess3,"a=0.6, x=0.02","a=0.8, x=0.02",5,0.8955445542401635,False
Mess3,"a=0.6, x=0.02","a=0.85, x=0.02",5,0.838985629427967,False
Mess3,"a=0.6, x=0.02","a=0.9, x=0.02",5,0.7649939070108733,False
Mess3,"a=0.6, x=0.02","a=0.005, x=0.01",6,0.3182984135655722,False
Mess3,"a=0.6, x=0.02","a=0.005, x=0.02",6,0.30152287872542727,False
Mess3,"a=0.6, x=0.02","a=0.01, x=0.02",6,0.33221888219707285,False
Mess3,"a=0.6, x=0.02","a=0.05, x=0.02",6,0.4278480828463057,False
Mess3,"a=0.6, x=0.02","a=0.1, x=0.02",6,0.48617182569245865,False
Mess3,"a=0.6, x=0.02","a=0.6, x=0.02",6,0.9999999999999407,True
Mess3,"a=0.6, x=0.02","a=0.7, x=0.02",6,0.9731492614027287,False
Mess3,"a=0.6, x=0.02","a=0.8, x=0.02",6,0.8945645682073552,False
Mess3,"a=0.6, x=0.02","a=0.85, x=0.02",6,0.834094881479515,False
Mess3,"a=0.6, x=0.02","a=0.9, x=0.02",6,0.7554155865585539,False
Mess3,"a=0.6, x=0.02","a=0.005, x=0.01",7,0.31075203660634076,False
Mess3,"a=0.6, x=0.02","a=0.005, x=0.02",7,0.2930623043245413,False
Mess3,"a=0.6, x=0.02","a=0.01, x=0.02",7,0.32573855338814883,False
Mess3,"a=0.6, x=0.02","a=0.05, x=0.02",7,0.42914234209668156,False
Mess3,"a=0.6, x=0.02","a=0.1, x=0.02",7,0.4882652610955235,False
Mess3,"a=0.6, x=0.02","a=0.6, x=0.02",7,0.9999999999999293,True
Mess3,"a=0.6, x=0.02","a=0.7, x=0.02",7,0.9731754958556786,False
Mess3,"a=0.6, x=0.02","a=0.8, x=0.02",7,0.8965284008191123,False
Mess3,"a=0.6, x=0.02","a=0.85, x=0.02",7,0.8377556999764307,False
Mess3,"a=0.6, x=0.02","a=0.9, x=0.02",7,0.7607206639651647,False
Mess3,"a=0.6, x=0.02","a=0.005, x=0.01",8,0.31255961525834575,False
Mess3,"a=0.6, x=0.02","a=0.005, x=0.02",8,0.2929519323648764,False
Mess3,"a=0.6, x=0.02","a=0.01, x=0.02",8,0.32676126502849434,False
Mess3,"a=0.6, x=0.02","a=0.05, x=0.02",8,0.43169079185193737,False
Mess3,"a=0.6, x=0.02","a=0.1, x=0.02",8,0.49352549405182544,False
Mess3,"a=0.6, x=0.02","a=0.6, x=0.02",8,0.9999999999999508,True
Mess3,"a=0.6, x=0.02","a=0.7, x=0.02",8,0.9712079139748718,False
Mess3,"a=0.6, x=0.02","a=0.8, x=0.02",8,0.8894249507681552,False
Mess3,"a=0.6, x=0.02","a=0.85, x=0.02",8,0.8279223006880878,False
Mess3,"a=0.6, x=0.02","a=0.9, x=0.02",8,0.7483342119974483,False
Mess3,"a=0.6, x=0.02","a=0.005, x=0.01",9,0.30545421975697995,False
Mess3,"a=0.6, x=0.02","a=0.005, x=0.02",9,0.28511567454282605,False
Mess3,"a=0.6, x=0.02","a=0.01, x=0.02",9,0.3199001420626717,False
Mess3,"a=0.6, x=0.02","a=0.05, x=0.02",9,0.43130730437315656,False
Mess3,"a=0.6, x=0.02","a=0.1, x=0.02",9,0.4957137799911706,False
Mess3,"a=0.6, x=0.02","a=0.6, x=0.02",9,0.9999999999999412,True
Mess3,"a=0.6, x=0.02","a=0.7, x=0.02",9,0.97402053926717,False
Mess3,"a=0.6, x=0.02","a=0.8, x=0.02",9,0.8979820421076856,False
Mess3,"a=0.6, x=0.02","a=0.85, x=0.02",9,0.8392790972354824,False
Mess3,"a=0.6, x=0.02","a=0.9, x=0.02",9,0.7622957581925889,False
Mess3,"a=0.7, x=0.02","a=0.005, x=0.01",0,0.3408113068162485,False
Mess3,"a=0.7, x=0.02","a=0.005, x=0.02",0,0.33536176310043664,False
Mess3,"a=0.7, x=0.02","a=0.01, x=0.02",0,0.3626234427565902,False
Mess3,"a=0.7, x=0.02","a=0.05, x=0.02",0,0.4415112706491974,False
Mess3,"a=0.7, x=0.02","a=0.1, x=0.02",0,0.4901329647592543,False
Mess3,"a=0.7, x=0.02","a=0.6, x=0.02",0,0.9801049955175842,False
Mess3,"a=0.7, x=0.02","a=0.7, x=0.02",0,0.9999999999999518,True
Mess3,"a=0.7, x=0.02","a=0.8, x=0.02",0,0.9790503806768742,False
Mess3,"a=0.7, x=0.02","a=0.85, x=0.02",0,0.9494780107622756,False
Mess3,"a=0.7, x=0.02","a=0.9, x=0.02",0,0.8997286457709346,False
Mess3,"a=0.7, x=0.02","a=0.005, x=0.01",1,0.3379391280768692,False
Mess3,"a=0.7, x=0.02","a=0.005, x=0.02",1,0.329482082723495,False
Mess3,"a=0.7, x=0.02","a=0.01, x=0.02",1,0.3593932986585142,False
Mess3,"a=0.7, x=0.02","a=0.05, x=0.02",1,0.44730257184827327,False
Mess3,"a=0.7, x=0.02","a=0.1, x=0.02",1,0.49731452932891784,False
Mess3,"a=0.7, x=0.02","a=0.6, x=0.02",1,0.9801850485298913,False
Mess3,"a=0.7, x=0.02","a=0.7, x=0.02",1,0.9999999999999786,True
Mess3,"a=0.7, x=0.02","a=0.8, x=0.02",1,0.9779457997744503,False
Mess3,"a=0.7, x=0.02","a=0.85, x=0.02",1,0.9466670607372405,False
Mess3,"a=0.7, x=0.02","a=0.9, x=0.02",1,0.894721132235156,False
Mess3,"a=0.7, x=0.02","a=0.005, x=0.01",2,0.3414866344062959,False
Mess3,"a=0.7, x=0.02","a=0.005, x=0.02",2,0.33656935633984897,False
Mess3,"a=0.7, x=0.02","a=0.01, x=0.02",2,0.36404937902741585,False
Mess3,"a=0.7, x=0.02","a=0.05, x=0.02",2,0.4435304147585155,False
Mess3,"a=0.7, x=0.02","a=0.1, x=0.02",2,0.4901852464861711,False
Mess3,"a=0.7, x=0.02","a=0.6, x=0.02",2,0.9783555536422527,False
Mess3,"a=0.7, x=0.02","a=0.7, x=0.02",2,0.999999999999942,True
Mess3,"a=0.7, x=0.02","a=0.8, x=0.02",2,0.9779362704755966,False
Mess3,"a=0.7, x=0.02","a=0.85, x=0.02",2,0.9475723720305474,False
Mess3,"a=0.7, x=0.02","a=0.9, x=0.02",2,0.8981494467232919,False
Mess3,"a=0.7, x=0.02","a=0.005, x=0.01",3,0.34252163827845883,False
Mess3,"a=0.7, x=0.02","a=0.005, x=0.02",3,0.33447098365783723,False
Mess3,"a=0.7, x=0.02","a=0.01, x=0.02",3,0.36407265987204074,False
Mess3,"a=0.7, x=0.02","a=0.05, x=0.02",3,0.45017438824443234,False
Mess3,"a=0.7, x=0.02","a=0.1, x=0.02",3,0.4974307078032585,False
Mess3,"a=0.7, x=0.02","a=0.6, x=0.02",3,0.9777682161952285,False
Mess3,"a=0.7, x=0.02","a=0.7, x=0.02",3,0.9999999999999286,True
Mess3,"a=0.7, x=0.02","a=0.8, x=0.02",3,0.9763938831523988,False
Mess3,"a=0.7, x=0.02","a=0.85, x=0.02",3,0.9441286037334795,False
Mess3,"a=0.7, x=0.02","a=0.9, x=0.02",3,0.8920037858152878,False
Mess3,"a=0.7, x=0.02","a=0.005, x=0.01",4,0.3421827051560793,False
Mess3,"a=0.7, x=0.02","a=0.005, x=0.02",4,0.3346244390495108,False
Mess3,"a=0.7, x=0.02","a=0.01, x=0.02",4,0.36311098801140074,False
Mess3,"a=0.7, x=0.02","a=0.05, x=0.02",4,0.44626656469955783,False
Mess3,"a=0.7, x=0.02","a=0.1, x=0.02",4,0.49425672128985076,False
Mess3,"a=0.7, x=0.02","a=0.6, x=0.02",4,0.9786975950736247,False
Mess3,"a=0.7, x=0.02","a=0.7, x=0.02",4,0.9999999999998789,True
Mess3,"a=0.7, x=0.02","a=0.8, x=0.02",4,0.9769441190907676,False
Mess3,"a=0.7, x=0.02","a=0.85, x=0.02",4,0.9453512779708023,False
Mess3,"a=0.7, x=0.02","a=0.9, x=0.02",4,0.894465401049657,False
Mess3,"a=0.7, x=0.02","a=0.005, x=0.01",5,0.33529335546655537,False
Mess3,"a=0.7, x=0.02","a=0.005, x=0.02",5,0.3266161383558709,False
Mess3,"a=0.7, x=0.02","a=0.01, x=0.02",5,0.35646497283863576,False
Mess3,"a=0.7, x=0.02","a=0.05, x=0.02",5,0.4436835114533225,False
Mess3,"a=0.7, x=0.02","a=0.1, x=0.02",5,0.4930238615471515,False
Mess3,"a=0.7, x=0.02","a=0.6, x=0.02",5,0.9778481374274464,False
Mess3,"a=0.7, x=0.02","a=0.7, x=0.02",5,0.9999999999999831,True
Mess3,"a=0.7, x=0.02","a=0.8, x=0.02",5,0.977606675186124,False
Mess3,"a=0.7, x=0.02","a=0.85, x=0.02",5,0.9472013577237963,False
Mess3,"a=0.7, x=0.02","a=0.9, x=0.02",5,0.8974216191805735,False
Mess3,"a=0.7, x=0.02","a=0.005, x=0.01",6,0.33535946115709436,False
Mess3,"a=0.7, x=0.02","a=0.005, x=0.02",6,0.33141800248299713,False
Mess3,"a=0.7, x=0.02","a=0.01, x=0.02",6,0.35874230184723666,False
Mess3,"a=0.7, x=0.02","a=0.05, x=0.02",6,0.44032967748941254,False
Mess3,"a=0.7, x=0.02","a=0.1, x=0.02",6,0.4863860218844449,False
Mess3,"a=0.7, x=0.02","a=0.6, x=0.02",6,0.9788204127875979,False
Mess3,"a=0.7, x=0.02","a=0.7, x=0.02",6,0.9999999999999251,True
Mess3,"a=0.7, x=0.02","a=0.8, x=0.02",6,0.977438028999456,False
Mess3,"a=0.7, x=0.02","a=0.85, x=0.02",6,0.9465876092887492,False
Mess3,"a=0.7, x=0.02","a=0.9, x=0.02",6,0.8969996076200205,False
Mess3,"a=0.7, x=0.02","a=0.005, x=0.01",7,0.34201404381709954,False
Mess3,"a=0.7, x=0.02","a=0.005, x=0.02",7,0.3353384522236148,False
Mess3,"a=0.7, x=0.02","a=0.01, x=0.02",7,0.36435320656103065,False
Mess3,"a=0.7, x=0.02","a=0.05, x=0.02",7,0.44837642875402584,False
Mess3,"a=0.7, x=0.02","a=0.1, x=0.02",7,0.4944670103212033,False
Mess3,"a=0.7, x=0.02","a=0.6, x=0.02",7,0.981443591280768,False
Mess3,"a=0.7, x=0.02","a=0.7, x=0.02",7,0.9999999999999722,True
Mess3,"a=0.7, x=0.02","a=0.8, x=0.02",7,0.9792678009254869,False
Mess3,"a=0.7, x=0.02","a=0.85, x=0.02",7,0.9497529657076029,False
Mess3,"a=0.7, x=0.02","a=0.9, x=0.02",7,0.9008443722399102,False
Mess3,"a=0.7, x=0.02","a=0.005, x=0.01",8,0.33969559522817816,False
Mess3,"a=0.7, x=0.02","a=0.005, x=0.02",8,0.3332593487039309,False
Mess3,"a=0.7, x=0.02","a=0.01, x=0.02",8,0.3613353682620194,False
Mess3,"a=0.7, x=0.02","a=0.05, x=0.02",8,0.44219595487004804,False
Mess3,"a=0.7, x=0.02","a=0.1, x=0.02",8,0.48374160503275054,False
Mess3,"a=0.7, x=0.02","a=0.6, x=0.02",8,0.978683586553757,False
Mess3,"a=0.7, x=0.02","a=0.7, x=0.02",8,0.9999999999999785,True
Mess3,"a=0.7, x=0.02","a=0.8, x=0.02",8,0.9775703274200634,False
Mess3,"a=0.7, x=0.02","a=0.85, x=0.02",8,0.9466037408058013,False
Mess3,"a=0.7, x=0.02","a=0.9, x=0.02",8,0.896216600932555,False
Mess3,"a=0.7, x=0.02","a=0.005, x=0.01",9,0.3418455537003383,False
Mess3,"a=0.7, x=0.02","a=0.005, x=0.02",9,0.3337764833798351,False
Mess3,"a=0.7, x=0.02","a=0.01, x=0.02",9,0.36494705760991475,False
Mess3,"a=0.7, x=0.02","a=0.05, x=0.02",9,0.45583368147672176,False
Mess3,"a=0.7, x=0.02","a=0.1, x=0.02",9,0.5064110669498417,False
Mess3,"a=0.7, x=0.02","a=0.6, x=0.02",9,0.9802989048655925,False
Mess3,"a=0.7, x=0.02","a=0.7, x=0.02",9,0.9999999999999785,True
Mess3,"a=0.7, x=0.02","a=0.8, x=0.02",9,0.9789958644799253,False
Mess3,"a=0.7, x=0.02","a=0.85, x=0.02",9,0.9499048913350296,False
Mess3,"a=0.7, x=0.02","a=0.9, x=0.02",9,0.9019649103693969,False
Mess3,"a=0.8, x=0.02","a=0.005, x=0.01",0,0.36278757192355027,False
Mess3,"a=0.8, x=0.02","a=0.005, x=0.02",0,0.37262554606233744,False
Mess3,"a=0.8, x=0.02","a=0.01, x=0.02",0,0.3962598814902445,False
Mess3,"a=0.8, x=0.02","a=0.05, x=0.02",0,0.46232559740734414,False
Mess3,"a=0.8, x=0.02","a=0.1, x=0.02",0,0.50220616465915,False
Mess3,"a=0.8, x=0.02","a=0.6, x=0.02",0,0.945782968106742,False
Mess3,"a=0.8, x=0.02","a=0.7, x=0.02",0,0.9855378992972914,False
Mess3,"a=0.8, x=0.02","a=0.8, x=0.02",0,0.9999999999999425,True
Mess3,"a=0.8, x=0.02","a=0.85, x=0.02",0,0.9951581058506664,False
Mess3,"a=0.8, x=0.02","a=0.9, x=0.02",0,0.9765224506325033,False
Mess3,"a=0.8, x=0.02","a=0.005, x=0.01",1,0.368165155453239,False
Mess3,"a=0.8, x=0.02","a=0.005, x=0.02",1,0.37610622992284415,False
Mess3,"a=0.8, x=0.02","a=0.01, x=0.02",1,0.40028892066142996,False
Mess3,"a=0.8, x=0.02","a=0.05, x=0.02",1,0.4757315932209355,False
Mess3,"a=0.8, x=0.02","a=0.1, x=0.02",1,0.5200700224163639,False
Mess3,"a=0.8, x=0.02","a=0.6, x=0.02",1,0.9412567425457595,False
Mess3,"a=0.8, x=0.02","a=0.7, x=0.02",1,0.9838945328210412,False
Mess3,"a=0.8, x=0.02","a=0.8, x=0.02",1,0.9999999999999297,True
Mess3,"a=0.8, x=0.02","a=0.85, x=0.02",1,0.9946623421678794,False
Mess3,"a=0.8, x=0.02","a=0.9, x=0.02",1,0.9746703560018583,False
Mess3,"a=0.8, x=0.02","a=0.005, x=0.01",2,0.36241386564004163,False
Mess3,"a=0.8, x=0.02","a=0.005, x=0.02",2,0.3715191485203505,False
Mess3,"a=0.8, x=0.02","a=0.01, x=0.02",2,0.39438688402333155,False
Mess3,"a=0.8, x=0.02","a=0.05, x=0.02",2,0.4608460323789133,False
Mess3,"a=0.8, x=0.02","a=0.1, x=0.02",2,0.4968984475880557,False
Mess3,"a=0.8, x=0.02","a=0.6, x=0.02",2,0.931278912299893,False
Mess3,"a=0.8, x=0.02","a=0.7, x=0.02",2,0.9818029981208712,False
Mess3,"a=0.8, x=0.02","a=0.8, x=0.02",2,0.9999999999999034,True
Mess3,"a=0.8, x=0.02","a=0.85, x=0.02",2,0.9943892959313386,False
Mess3,"a=0.8, x=0.02","a=0.9, x=0.02",2,0.9741164738888829,False
Mess3,"a=0.8, x=0.02","a=0.005, x=0.01",3,0.34833490340352014,False
Mess3,"a=0.8, x=0.02","a=0.005, x=0.02",3,0.3560408434322866,False
Mess3,"a=0.8, x=0.02","a=0.01, x=0.02",3,0.3801144440405939,False
Mess3,"a=0.8, x=0.02","a=0.05, x=0.02",3,0.4487845367169211,False
Mess3,"a=0.8, x=0.02","a=0.1, x=0.02",3,0.48811540637352446,False
Mess3,"a=0.8, x=0.02","a=0.6, x=0.02",3,0.9380156449224762,False
Mess3,"a=0.8, x=0.02","a=0.7, x=0.02",3,0.9832879573977258,False
Mess3,"a=0.8, x=0.02","a=0.8, x=0.02",3,0.9999999999998926,True
Mess3,"a=0.8, x=0.02","a=0.85, x=0.02",3,0.9944866615276573,False
Mess3,"a=0.8, x=0.02","a=0.9, x=0.02",3,0.9736992388871245,False
Mess3,"a=0.8, x=0.02","a=0.005, x=0.01",4,0.3563368091343101,False
Mess3,"a=0.8, x=0.02","a=0.005, x=0.02",4,0.36462283071487245,False
Mess3,"a=0.8, x=0.02","a=0.01, x=0.02",4,0.3887731856250023,False
Mess3,"a=0.8, x=0.02","a=0.05, x=0.02",4,0.46115047907290974,False
Mess3,"a=0.8, x=0.02","a=0.1, x=0.02",4,0.5019599100618501,False
Mess3,"a=0.8, x=0.02","a=0.6, x=0.02",4,0.9388591017390493,False
Mess3,"a=0.8, x=0.02","a=0.7, x=0.02",4,0.9839257090387776,False
Mess3,"a=0.8, x=0.02","a=0.8, x=0.02",4,0.9999999999999646,True
Mess3,"a=0.8, x=0.02","a=0.85, x=0.02",4,0.9947896203860718,False
Mess3,"a=0.8, x=0.02","a=0.9, x=0.02",4,0.9751930657405253,False
Mess3,"a=0.8, x=0.02","a=0.005, x=0.01",5,0.34590973236224176,False
Mess3,"a=0.8, x=0.02","a=0.005, x=0.02",5,0.35519776294058947,False
Mess3,"a=0.8, x=0.02","a=0.01, x=0.02",5,0.37792488228638177,False
Mess3,"a=0.8, x=0.02","a=0.05, x=0.02",5,0.4446774343851968,False
Mess3,"a=0.8, x=0.02","a=0.1, x=0.02",5,0.4808911695528757,False
Mess3,"a=0.8, x=0.02","a=0.6, x=0.02",5,0.9375785496104765,False
Mess3,"a=0.8, x=0.02","a=0.7, x=0.02",5,0.9830879043050504,False
Mess3,"a=0.8, x=0.02","a=0.8, x=0.02",5,0.9999999999999761,True
Mess3,"a=0.8, x=0.02","a=0.85, x=0.02",5,0.9944592506305084,False
Mess3,"a=0.8, x=0.02","a=0.9, x=0.02",5,0.9737257293854803,False
Mess3,"a=0.8, x=0.02","a=0.005, x=0.01",6,0.34849827045709214,False
Mess3,"a=0.8, x=0.02","a=0.005, x=0.02",6,0.3606339559783962,False
Mess3,"a=0.8, x=0.02","a=0.01, x=0.02",6,0.3818774222387329,False
Mess3,"a=0.8, x=0.02","a=0.05, x=0.02",6,0.4477512164682753,False
Mess3,"a=0.8, x=0.02","a=0.1, x=0.02",6,0.48985433960378133,False
Mess3,"a=0.8, x=0.02","a=0.6, x=0.02",6,0.9402660039554126,False
Mess3,"a=0.8, x=0.02","a=0.7, x=0.02",6,0.9838010805413386,False
Mess3,"a=0.8, x=0.02","a=0.8, x=0.02",6,0.9999999999998229,True
Mess3,"a=0.8, x=0.02","a=0.85, x=0.02",6,0.9946733517100538,False
Mess3,"a=0.8, x=0.02","a=0.9, x=0.02",6,0.9747254888809526,False
Mess3,"a=0.8, x=0.02","a=0.005, x=0.01",7,0.35179193152687216,False
Mess3,"a=0.8, x=0.02","a=0.005, x=0.02",7,0.3672247132234031,False
Mess3,"a=0.8, x=0.02","a=0.01, x=0.02",7,0.38771957048225913,False
Mess3,"a=0.8, x=0.02","a=0.05, x=0.02",7,0.4505970130048672,False
Mess3,"a=0.8, x=0.02","a=0.1, x=0.02",7,0.48801304290311776,False
Mess3,"a=0.8, x=0.02","a=0.6, x=0.02",7,0.9452337412992382,False
Mess3,"a=0.8, x=0.02","a=0.7, x=0.02",7,0.9848788439817517,False
Mess3,"a=0.8, x=0.02","a=0.8, x=0.02",7,0.9999999999999427,True
Mess3,"a=0.8, x=0.02","a=0.85, x=0.02",7,0.9949651770545961,False
Mess3,"a=0.8, x=0.02","a=0.9, x=0.02",7,0.9760701636957894,False
Mess3,"a=0.8, x=0.02","a=0.005, x=0.01",8,0.35806933978866873,False
Mess3,"a=0.8, x=0.02","a=0.005, x=0.02",8,0.36649705842362634,False
Mess3,"a=0.8, x=0.02","a=0.01, x=0.02",8,0.3901708387213715,False
Mess3,"a=0.8, x=0.02","a=0.05, x=0.02",8,0.45867366240142615,False
Mess3,"a=0.8, x=0.02","a=0.1, x=0.02",8,0.4963415461154481,False
Mess3,"a=0.8, x=0.02","a=0.6, x=0.02",8,0.9413602565775677,False
Mess3,"a=0.8, x=0.02","a=0.7, x=0.02",8,0.9841214316269133,False
Mess3,"a=0.8, x=0.02","a=0.8, x=0.02",8,0.9999999999999426,True
Mess3,"a=0.8, x=0.02","a=0.85, x=0.02",8,0.9947055168657218,False
Mess3,"a=0.8, x=0.02","a=0.9, x=0.02",8,0.9747831739220445,False
Mess3,"a=0.8, x=0.02","a=0.005, x=0.01",9,0.3555039962411698,False
Mess3,"a=0.8, x=0.02","a=0.005, x=0.02",9,0.365123477715376,False
Mess3,"a=0.8, x=0.02","a=0.01, x=0.02",9,0.38951676214621767,False
Mess3,"a=0.8, x=0.02","a=0.05, x=0.02",9,0.45887293453539035,False
Mess3,"a=0.8, x=0.02","a=0.1, x=0.02",9,0.4946846415385294,False
Mess3,"a=0.8, x=0.02","a=0.6, x=0.02",9,0.9458164412088754,False
Mess3,"a=0.8, x=0.02","a=0.7, x=0.02",9,0.985398310127428,False
Mess3,"a=0.8, x=0.02","a=0.8, x=0.02",9,0.999999999999961,True
Mess3,"a=0.8, x=0.02","a=0.85, x=0.02",9,0.9951473079603778,False
Mess3,"a=0.8, x=0.02","a=0.9, x=0.02",9,0.9766221144012491,False
Mess3,"a=0.85, x=0.02","a=0.005, x=0.01",0,0.3610236045218499,False
Mess3,"a=0.85, x=0.02","a=0.005, x=0.02",0,0.38551911835084374,False
Mess3,"a=0.85, x=0.02","a=0.01, x=0.02",0,0.40488328184254285,False
Mess3,"a=0.85, x=0.02","a=0.05, x=0.02",0,0.466227922018996,False
Mess3,"a=0.85, x=0.02","a=0.1, x=0.02",0,0.5025775144772516,False
Mess3,"a=0.85, x=0.02","a=0.6, x=0.02",0,0.9257494125606015,False
Mess3,"a=0.85, x=0.02","a=0.7, x=0.02",0,0.9701930884262252,False
Mess3,"a=0.85, x=0.02","a=0.8, x=0.02",0,0.9959383880949184,False
Mess3,"a=0.85, x=0.02","a=0.85, x=0.02",0,0.9999999999999756,True
Mess3,"a=0.85, x=0.02","a=0.9, x=0.02",0,0.9940361573359628,False
Mess3,"a=0.85, x=0.02","a=0.005, x=0.01",1,0.36561302007851004,False
Mess3,"a=0.85, x=0.02","a=0.005, x=0.02",1,0.38794893389690244,False
Mess3,"a=0.85, x=0.02","a=0.01, x=0.02",1,0.4073994608823366,False
Mess3,"a=0.85, x=0.02","a=0.05, x=0.02",1,0.4685620851577549,False
Mess3,"a=0.85, x=0.02","a=0.1, x=0.02",1,0.5054302171610695,False
Mess3,"a=0.85, x=0.02","a=0.6, x=0.02",1,0.9156257418321276,False
Mess3,"a=0.85, x=0.02","a=0.7, x=0.02",1,0.9659031955500736,False
Mess3,"a=0.85, x=0.02","a=0.8, x=0.02",1,0.9953665054981038,False
Mess3,"a=0.85, x=0.02","a=0.85, x=0.02",1,0.9999999999998954,True
Mess3,"a=0.85, x=0.02","a=0.9, x=0.02",1,0.9934773635663414,False
Mess3,"a=0.85, x=0.02","a=0.005, x=0.01",2,0.35965851637480417,False
Mess3,"a=0.85, x=0.02","a=0.005, x=0.02",2,0.38193671648347427,False
Mess3,"a=0.85, x=0.02","a=0.01, x=0.02",2,0.40237173027992057,False
Mess3,"a=0.85, x=0.02","a=0.05, x=0.02",2,0.46463890490052473,False
Mess3,"a=0.85, x=0.02","a=0.1, x=0.02",2,0.5010124819736366,False
Mess3,"a=0.85, x=0.02","a=0.6, x=0.02",2,0.9154169989826098,False
Mess3,"a=0.85, x=0.02","a=0.7, x=0.02",2,0.967048255444933,False
Mess3,"a=0.85, x=0.02","a=0.8, x=0.02",2,0.9956641154024863,False
Mess3,"a=0.85, x=0.02","a=0.85, x=0.02",2,0.9999999999999519,True
Mess3,"a=0.85, x=0.02","a=0.9, x=0.02",2,0.9938835138199471,False
Mess3,"a=0.85, x=0.02","a=0.005, x=0.01",3,0.3567533343841488,False
Mess3,"a=0.85, x=0.02","a=0.005, x=0.02",3,0.37718654304801014,False
Mess3,"a=0.85, x=0.02","a=0.01, x=0.02",3,0.3987072467210999,False
Mess3,"a=0.85, x=0.02","a=0.05, x=0.02",3,0.4703922021543523,False
Mess3,"a=0.85, x=0.02","a=0.1, x=0.02",3,0.5138423975833831,False
Mess3,"a=0.85, x=0.02","a=0.6, x=0.02",3,0.9218073092312167,False
Mess3,"a=0.85, x=0.02","a=0.7, x=0.02",3,0.9686238672387152,False
Mess3,"a=0.85, x=0.02","a=0.8, x=0.02",3,0.9956713119533431,False
Mess3,"a=0.85, x=0.02","a=0.85, x=0.02",3,0.9999999999999152,True
Mess3,"a=0.85, x=0.02","a=0.9, x=0.02",3,0.9935556801953253,False
Mess3,"a=0.85, x=0.02","a=0.005, x=0.01",4,0.36015163982978937,False
Mess3,"a=0.85, x=0.02","a=0.005, x=0.02",4,0.38090583301321157,False
Mess3,"a=0.85, x=0.02","a=0.01, x=0.02",4,0.40126226832151646,False
Mess3,"a=0.85, x=0.02","a=0.05, x=0.02",4,0.46908556925838074,False
Mess3,"a=0.85, x=0.02","a=0.1, x=0.02",4,0.5098359238202296,False
Mess3,"a=0.85, x=0.02","a=0.6, x=0.02",4,0.920434362498929,False
Mess3,"a=0.85, x=0.02","a=0.7, x=0.02",4,0.9684743786772814,False
Mess3,"a=0.85, x=0.02","a=0.8, x=0.02",4,0.9957544902865754,False
Mess3,"a=0.85, x=0.02","a=0.85, x=0.02",4,0.9999999999999427,True
Mess3,"a=0.85, x=0.02","a=0.9, x=0.02",4,0.9938211252503638,False
Mess3,"a=0.85, x=0.02","a=0.005, x=0.01",5,0.3565651775975418,False
Mess3,"a=0.85, x=0.02","a=0.005, x=0.02",5,0.37711288745285265,False
Mess3,"a=0.85, x=0.02","a=0.01, x=0.02",5,0.3977681851024344,False
Mess3,"a=0.85, x=0.02","a=0.05, x=0.02",5,0.46622225723982547,False
Mess3,"a=0.85, x=0.02","a=0.1, x=0.02",5,0.5048099696016473,False
Mess3,"a=0.85, x=0.02","a=0.6, x=0.02",5,0.921288064876221,False
Mess3,"a=0.85, x=0.02","a=0.7, x=0.02",5,0.968064877844798,False
Mess3,"a=0.85, x=0.02","a=0.8, x=0.02",5,0.9956682905378763,False
Mess3,"a=0.85, x=0.02","a=0.85, x=0.02",5,0.9999999999999067,True
Mess3,"a=0.85, x=0.02","a=0.9, x=0.02",5,0.9937005345648345,False
Mess3,"a=0.85, x=0.02","a=0.005, x=0.01",6,0.36092951568559484,False
Mess3,"a=0.85, x=0.02","a=0.005, x=0.02",6,0.3829526062073131,False
Mess3,"a=0.85, x=0.02","a=0.01, x=0.02",6,0.40219958788160826,False
Mess3,"a=0.85, x=0.02","a=0.05, x=0.02",6,0.46384091826257967,False
Mess3,"a=0.85, x=0.02","a=0.1, x=0.02",6,0.5018462054731073,False
Mess3,"a=0.85, x=0.02","a=0.6, x=0.02",6,0.9145959694147985,False
Mess3,"a=0.85, x=0.02","a=0.7, x=0.02",6,0.9664387278145816,False
Mess3,"a=0.85, x=0.02","a=0.8, x=0.02",6,0.9955761495444436,False
Mess3,"a=0.85, x=0.02","a=0.85, x=0.02",6,0.9999999999998725,True
Mess3,"a=0.85, x=0.02","a=0.9, x=0.02",6,0.9937538122743081,False
Mess3,"a=0.85, x=0.02","a=0.005, x=0.01",7,0.36869127117714384,False
Mess3,"a=0.85, x=0.02","a=0.005, x=0.02",7,0.3896728405331138,False
Mess3,"a=0.85, x=0.02","a=0.01, x=0.02",7,0.41147810361779324,False
Mess3,"a=0.85, x=0.02","a=0.05, x=0.02",7,0.4786809540909438,False
Mess3,"a=0.85, x=0.02","a=0.1, x=0.02",7,0.5154253532817366,False
Mess3,"a=0.85, x=0.02","a=0.6, x=0.02",7,0.9221549551923228,False
Mess3,"a=0.85, x=0.02","a=0.7, x=0.02",7,0.9685667760076048,False
Mess3,"a=0.85, x=0.02","a=0.8, x=0.02",7,0.9956910971514245,False
Mess3,"a=0.85, x=0.02","a=0.85, x=0.02",7,0.9999999999998368,True
Mess3,"a=0.85, x=0.02","a=0.9, x=0.02",7,0.9937215874239069,False
Mess3,"a=0.85, x=0.02","a=0.005, x=0.01",8,0.35691435472843147,False
Mess3,"a=0.85, x=0.02","a=0.005, x=0.02",8,0.38006146361481363,False
Mess3,"a=0.85, x=0.02","a=0.01, x=0.02",8,0.39878565458126347,False
Mess3,"a=0.85, x=0.02","a=0.05, x=0.02",8,0.4582320359099402,False
Mess3,"a=0.85, x=0.02","a=0.1, x=0.02",8,0.49427454883187005,False
Mess3,"a=0.85, x=0.02","a=0.6, x=0.02",8,0.9217199535510915,False
Mess3,"a=0.85, x=0.02","a=0.7, x=0.02",8,0.9691573777996805,False
Mess3,"a=0.85, x=0.02","a=0.8, x=0.02",8,0.9958660746984467,False
Mess3,"a=0.85, x=0.02","a=0.85, x=0.02",8,0.9999999999999458,True
Mess3,"a=0.85, x=0.02","a=0.9, x=0.02",8,0.9939841008332754,False
Mess3,"a=0.85, x=0.02","a=0.005, x=0.01",9,0.3691017437198584,False
Mess3,"a=0.85, x=0.02","a=0.005, x=0.02",9,0.3909234170698238,False
Mess3,"a=0.85, x=0.02","a=0.01, x=0.02",9,0.4117317365932055,False
Mess3,"a=0.85, x=0.02","a=0.05, x=0.02",9,0.4738024331456221,False
Mess3,"a=0.85, x=0.02","a=0.1, x=0.02",9,0.5072720860942728,False
Mess3,"a=0.85, x=0.02","a=0.6, x=0.02",9,0.9228242426731844,False
Mess3,"a=0.85, x=0.02","a=0.7, x=0.02",9,0.9692437969575421,False
Mess3,"a=0.85, x=0.02","a=0.8, x=0.02",9,0.9958549562422246,False
Mess3,"a=0.85, x=0.02","a=0.85, x=0.02",9,0.9999999999998612,True
Mess3,"a=0.85, x=0.02","a=0.9, x=0.02",9,0.9939621351400342,False
Mess3,"a=0.9, x=0.02","a=0.005, x=0.01",0,0.37733689416393257,False
Mess3,"a=0.9, x=0.02","a=0.005, x=0.02",0,0.41423604890392396,False
Mess3,"a=0.9, x=0.02","a=0.01, x=0.02",0,0.4310505945710239,False
Mess3,"a=0.9, x=0.02","a=0.05, x=0.02",0,0.48795065325221576,False
Mess3,"a=0.9, x=0.02","a=0.1, x=0.02",0,0.5241273618319726,False
Mess3,"a=0.9, x=0.02","a=0.6, x=0.02",0,0.9077623460101791,False
Mess3,"a=0.9, x=0.02","a=0.7, x=0.02",0,0.9525266071181112,False
Mess3,"a=0.9, x=0.02","a=0.8, x=0.02",0,0.9846808557776809,False
Mess3,"a=0.9, x=0.02","a=0.85, x=0.02",0,0.9953145110501008,False
Mess3,"a=0.9, x=0.02","a=0.9, x=0.02",0,0.9999999999997722,True
Mess3,"a=0.9, x=0.02","a=0.005, x=0.01",1,0.36787418352112733,False
Mess3,"a=0.9, x=0.02","a=0.005, x=0.02",1,0.4084661775416234,False
Mess3,"a=0.9, x=0.02","a=0.01, x=0.02",1,0.4239706075124845,False
Mess3,"a=0.9, x=0.02","a=0.05, x=0.02",1,0.4797179675450768,False
Mess3,"a=0.9, x=0.02","a=0.1, x=0.02",1,0.5169200424103998,False
Mess3,"a=0.9, x=0.02","a=0.6, x=0.02",1,0.8972367145714563,False
Mess3,"a=0.9, x=0.02","a=0.7, x=0.02",1,0.9475145065987431,False
Mess3,"a=0.9, x=0.02","a=0.8, x=0.02",1,0.9832785296312999,False
Mess3,"a=0.9, x=0.02","a=0.85, x=0.02",1,0.9949726906074691,False
Mess3,"a=0.9, x=0.02","a=0.9, x=0.02",1,0.9999999999999202,True
Mess3,"a=0.9, x=0.02","a=0.005, x=0.01",2,0.37139706453923216,False
Mess3,"a=0.9, x=0.02","a=0.005, x=0.02",2,0.41292434723841265,False
Mess3,"a=0.9, x=0.02","a=0.01, x=0.02",2,0.42936005488089446,False
Mess3,"a=0.9, x=0.02","a=0.05, x=0.02",2,0.48363725427091875,False
Mess3,"a=0.9, x=0.02","a=0.1, x=0.02",2,0.5164141924292664,False
Mess3,"a=0.9, x=0.02","a=0.6, x=0.02",2,0.9005658934622566,False
Mess3,"a=0.9, x=0.02","a=0.7, x=0.02",2,0.9497074617862642,False
Mess3,"a=0.9, x=0.02","a=0.8, x=0.02",2,0.9841618792672606,False
Mess3,"a=0.9, x=0.02","a=0.85, x=0.02",2,0.9952890807053335,False
Mess3,"a=0.9, x=0.02","a=0.9, x=0.02",2,0.999999999999914,True
Mess3,"a=0.9, x=0.02","a=0.005, x=0.01",3,0.3686876162786358,False
Mess3,"a=0.9, x=0.02","a=0.005, x=0.02",3,0.405999172140185,False
Mess3,"a=0.9, x=0.02","a=0.01, x=0.02",3,0.42129751706644947,False
Mess3,"a=0.9, x=0.02","a=0.05, x=0.02",3,0.4718322203780855,False
Mess3,"a=0.9, x=0.02","a=0.1, x=0.02",3,0.5073302927124943,False
Mess3,"a=0.9, x=0.02","a=0.6, x=0.02",3,0.9018048684975841,False
Mess3,"a=0.9, x=0.02","a=0.7, x=0.02",3,0.949824700864496,False
Mess3,"a=0.9, x=0.02","a=0.8, x=0.02",3,0.983827672508217,False
Mess3,"a=0.9, x=0.02","a=0.85, x=0.02",3,0.9950753501917404,False
Mess3,"a=0.9, x=0.02","a=0.9, x=0.02",3,0.9999999999999354,True
Mess3,"a=0.9, x=0.02","a=0.005, x=0.01",4,0.3707437035042317,False
Mess3,"a=0.9, x=0.02","a=0.005, x=0.02",4,0.40880305341387824,False
Mess3,"a=0.9, x=0.02","a=0.01, x=0.02",4,0.42580891167112866,False
Mess3,"a=0.9, x=0.02","a=0.05, x=0.02",4,0.4841924740091105,False
Mess3,"a=0.9, x=0.02","a=0.1, x=0.02",4,0.5198354937310513,False
Mess3,"a=0.9, x=0.02","a=0.6, x=0.02",4,0.9009548831147486,False
Mess3,"a=0.9, x=0.02","a=0.7, x=0.02",4,0.9501903933028298,False
Mess3,"a=0.9, x=0.02","a=0.8, x=0.02",4,0.9842459735221346,False
Mess3,"a=0.9, x=0.02","a=0.85, x=0.02",4,0.9952774156789027,False
Mess3,"a=0.9, x=0.02","a=0.9, x=0.02",4,0.9999999999999394,True
Mess3,"a=0.9, x=0.02","a=0.005, x=0.01",5,0.36420144196714543,False
Mess3,"a=0.9, x=0.02","a=0.005, x=0.02",5,0.39912463305960666,False
Mess3,"a=0.9, x=0.02","a=0.01, x=0.02",5,0.41506710834666594,False
Mess3,"a=0.9, x=0.02","a=0.05, x=0.02",5,0.4695055524325923,False
Mess3,"a=0.9, x=0.02","a=0.1, x=0.02",5,0.5018551221433225,False
Mess3,"a=0.9, x=0.02","a=0.6, x=0.02",5,0.8938584110819682,False
Mess3,"a=0.9, x=0.02","a=0.7, x=0.02",5,0.9464626204373261,False
Mess3,"a=0.9, x=0.02","a=0.8, x=0.02",5,0.9831024550061307,False
Mess3,"a=0.9, x=0.02","a=0.85, x=0.02",5,0.9949264507221313,False
Mess3,"a=0.9, x=0.02","a=0.9, x=0.02",5,0.9999999999999178,True
Mess3,"a=0.9, x=0.02","a=0.005, x=0.01",6,0.3689844850897075,False
Mess3,"a=0.9, x=0.02","a=0.005, x=0.02",6,0.4084078286713907,False
Mess3,"a=0.9, x=0.02","a=0.01, x=0.02",6,0.42419333826867234,False
Mess3,"a=0.9, x=0.02","a=0.05, x=0.02",6,0.4783787763058118,False
Mess3,"a=0.9, x=0.02","a=0.1, x=0.02",6,0.5117282525631244,False
Mess3,"a=0.9, x=0.02","a=0.6, x=0.02",6,0.8996076985033225,False
Mess3,"a=0.9, x=0.02","a=0.7, x=0.02",6,0.9497335916331766,False
Mess3,"a=0.9, x=0.02","a=0.8, x=0.02",6,0.9841519269246691,False
Mess3,"a=0.9, x=0.02","a=0.85, x=0.02",6,0.9952079227768409,False
Mess3,"a=0.9, x=0.02","a=0.9, x=0.02",6,0.9999999999998975,True
Mess3,"a=0.9, x=0.02","a=0.005, x=0.01",7,0.3773609346629858,False
Mess3,"a=0.9, x=0.02","a=0.005, x=0.02",7,0.41751548421064233,False
Mess3,"a=0.9, x=0.02","a=0.01, x=0.02",7,0.43583483699492853,False
Mess3,"a=0.9, x=0.02","a=0.05, x=0.02",7,0.4960620604872912,False
Mess3,"a=0.9, x=0.02","a=0.1, x=0.02",7,0.5317703099446316,False
Mess3,"a=0.9, x=0.02","a=0.6, x=0.02",7,0.8982421472348145,False
Mess3,"a=0.9, x=0.02","a=0.7, x=0.02",7,0.9486923295370604,False
Mess3,"a=0.9, x=0.02","a=0.8, x=0.02",7,0.9838567336019369,False
Mess3,"a=0.9, x=0.02","a=0.85, x=0.02",7,0.9952007878445125,False
Mess3,"a=0.9, x=0.02","a=0.9, x=0.02",7,0.9999999999999098,True
Mess3,"a=0.9, x=0.02","a=0.005, x=0.01",8,0.3668865937600321,False
Mess3,"a=0.9, x=0.02","a=0.005, x=0.02",8,0.40600538035105316,False
Mess3,"a=0.9, x=0.02","a=0.01, x=0.02",8,0.42195626402893427,False
Mess3,"a=0.9, x=0.02","a=0.05, x=0.02",8,0.4774541313227618,False
Mess3,"a=0.9, x=0.02","a=0.1, x=0.02",8,0.5141518797826883,False
Mess3,"a=0.9, x=0.02","a=0.6, x=0.02",8,0.9032273913837009,False
Mess3,"a=0.9, x=0.02","a=0.7, x=0.02",8,0.9513590452675648,False
Mess3,"a=0.9, x=0.02","a=0.8, x=0.02",8,0.9844002057404982,False
Mess3,"a=0.9, x=0.02","a=0.85, x=0.02",8,0.9952533333353368,False
Mess3,"a=0.9, x=0.02","a=0.9, x=0.02",8,0.9999999999997763,True
Mess3,"a=0.9, x=0.02","a=0.005, x=0.01",9,0.3739991507517987,False
Mess3,"a=0.9, x=0.02","a=0.005, x=0.02",9,0.4112500465756487,False
Mess3,"a=0.9, x=0.02","a=0.01, x=0.02",9,0.42894544586133965,False
Mess3,"a=0.9, x=0.02","a=0.05, x=0.02",9,0.4935215240127556,False
Mess3,"a=0.9, x=0.02","a=0.1, x=0.02",9,0.5353156420306584,False
Mess3,"a=0.9, x=0.02","a=0.6, x=0.02",9,0.9096458628779323,False
Mess3,"a=0.9, x=0.02","a=0.7, x=0.02",9,0.9542852524834916,False
Mess3,"a=0.9, x=0.02","a=0.8, x=0.02",9,0.9852250640097027,False
Mess3,"a=0.9, x=0.02","a=0.85, x=0.02",9,0.995480098681399,False
Mess3,"a=0.9, x=0.02","a=0.9, x=0.02",9,0.9999999999999017,True
