hmm,param,layer,seed,R2,target
Mess3,"a=0.005, x=0.01",0,0,0.9508897110409724,real
Mess3,"a=0.005, x=0.01",1,0,0.9775688118108092,real
Mess3,"a=0.005, x=0.01",2,0,0.9825818904502048,real
Mess3,"a=0.005, x=0.01",3,0,0.985014887643285,real
Mess3,"a=0.005, x=0.01",4,0,0.986414832450462,real
Mess3,"a=0.005, x=0.01",5,0,0.985137067369024,real
Mess3,"a=0.005, x=0.01",6,0,0.9846370200113186,real
Mess3,"a=0.005, x=0.01",7,0,0.980228496394558,real
Mess3,"a=0.005, x=0.01",8,0,0.9736217054389096,real
Mess3,"a=0.005, x=0.01",9,0,0.9708292898115976,real
Mess3,"a=0.005, x=0.01",10,0,0.9691954489705016,real
Mess3,"a=0.005, x=0.01",11,0,0.9726748897852256,real
Mess3,"a=0.005, x=0.01",12,0,0.9737744284530878,real
Mess3,"a=0.005, x=0.01",13,0,0.9748663436213074,real
Mess3,"a=0.005, x=0.01",14,0,0.9765344902107956,real
Mess3,"a=0.005, x=0.01",15,0,0.9774273663185165,real
Mess3,"a=0.005, x=0.01",16,0,0.9776856633017766,real
Mess3,"a=0.005, x=0.01",17,0,0.9773142542855636,real
Mess3,"a=0.005, x=0.01",18,0,0.9773249206130808,real
Mess3,"a=0.005, x=0.01",19,0,0.9777993766711236,real
Mess3,"a=0.005, x=0.01",20,0,0.9777680365298124,real
Mess3,"a=0.005, x=0.01",21,0,0.9797049821305168,real
Mess3,"a=0.005, x=0.01",22,0,0.9799084211332664,real
Mess3,"a=0.005, x=0.01",23,0,0.9805076791380462,real
Mess3,"a=0.005, x=0.01",24,0,0.9808182496697184,real
Mess3,"a=0.005, x=0.01",25,0,0.9810734134603454,real
Mess3,"a=0.005, x=0.01",26,0,0.981326114400549,real
Mess3,"a=0.005, x=0.01",27,0,0.9814944672319904,real
Mess3,"a=0.005, x=0.01",0,1,0.9502719261882674,real
Mess3,"a=0.005, x=0.01",1,1,0.9792847047892562,real
Mess3,"a=0.005, x=0.01",2,1,0.9835145890531404,real
Mess3,"a=0.005, x=0.01",3,1,0.9853807271862058,real
Mess3,"a=0.005, x=0.01",4,1,0.987682549961465,real
Mess3,"a=0.005, x=0.01",5,1,0.987469332207854,real
Mess3,"a=0.005, x=0.01",6,1,0.9866822371401348,real
Mess3,"a=0.005, x=0.01",7,1,0.9824313531762148,real
Mess3,"a=0.005, x=0.01",8,1,0.9768565970565762,real
Mess3,"a=0.005, x=0.01",9,1,0.9717568647795845,real
Mess3,"a=0.005, x=0.01",10,1,0.9715565170782092,real
Mess3,"a=0.005, x=0.01",11,1,0.9710605729202902,real
Mess3,"a=0.005, x=0.01",12,1,0.9732591841625932,real
Mess3,"a=0.005, x=0.01",13,1,0.974961911190574,real
Mess3,"a=0.005, x=0.01",14,1,0.9773480438246404,real
Mess3,"a=0.005, x=0.01",15,1,0.9788382351599356,real
Mess3,"a=0.005, x=0.01",16,1,0.9800677026311312,real
Mess3,"a=0.005, x=0.01",17,1,0.979795004628553,real
Mess3,"a=0.005, x=0.01",18,1,0.9806026797911304,real
Mess3,"a=0.005, x=0.01",19,1,0.9805578760027884,real
Mess3,"a=0.005, x=0.01",20,1,0.9811117856187832,real
Mess3,"a=0.005, x=0.01",21,1,0.9825376477541616,real
Mess3,"a=0.005, x=0.01",22,1,0.9825494760838916,real
Mess3,"a=0.005, x=0.01",23,1,0.9830630760612052,real
Mess3,"a=0.005, x=0.01",24,1,0.9832426784178064,real
Mess3,"a=0.005, x=0.01",25,1,0.983764821167708,real
Mess3,"a=0.005, x=0.01",26,1,0.983881247833606,real
Mess3,"a=0.005, x=0.01",27,1,0.9839507078813868,real
Mess3,"a=0.005, x=0.01",0,2,0.9528127866768344,real
Mess3,"a=0.005, x=0.01",1,2,0.9801659455782242,real
Mess3,"a=0.005, x=0.01",2,2,0.9842693294354744,real
Mess3,"a=0.005, x=0.01",3,2,0.9849801090133002,real
Mess3,"a=0.005, x=0.01",4,2,0.9867111807964056,real
Mess3,"a=0.005, x=0.01",5,2,0.9858005835953518,real
Mess3,"a=0.005, x=0.01",6,2,0.9857105770659564,real
Mess3,"a=0.005, x=0.01",7,2,0.9818094438766086,real
Mess3,"a=0.005, x=0.01",8,2,0.9748203029629164,real
Mess3,"a=0.005, x=0.01",9,2,0.9732944308461952,real
Mess3,"a=0.005, x=0.01",10,2,0.9705738967101754,real
Mess3,"a=0.005, x=0.01",11,2,0.9714265200515128,real
Mess3,"a=0.005, x=0.01",12,2,0.9752143530094036,real
Mess3,"a=0.005, x=0.01",13,2,0.9763508750963544,real
Mess3,"a=0.005, x=0.01",14,2,0.9786028280460108,real
Mess3,"a=0.005, x=0.01",15,2,0.9798253612450584,real
Mess3,"a=0.005, x=0.01",16,2,0.9804573982100532,real
Mess3,"a=0.005, x=0.01",17,2,0.9805325855786784,real
Mess3,"a=0.005, x=0.01",18,2,0.9812209534129828,real
Mess3,"a=0.005, x=0.01",19,2,0.9815856182777668,real
Mess3,"a=0.005, x=0.01",20,2,0.9814457351387244,real
Mess3,"a=0.005, x=0.01",21,2,0.9830410207784918,real
Mess3,"a=0.005, x=0.01",22,2,0.9829754333754008,real
Mess3,"a=0.005, x=0.01",23,2,0.9831639467731732,real
Mess3,"a=0.005, x=0.01",24,2,0.9840256476768148,real
Mess3,"a=0.005, x=0.01",25,2,0.9847061391537738,real
Mess3,"a=0.005, x=0.01",26,2,0.9845124033360542,real
Mess3,"a=0.005, x=0.01",27,2,0.9852259722891528,real
Mess3,"a=0.005, x=0.01",0,3,0.9556244507777316,real
Mess3,"a=0.005, x=0.01",1,3,0.9788544483835142,real
Mess3,"a=0.005, x=0.01",2,3,0.9835235283779952,real
Mess3,"a=0.005, x=0.01",3,3,0.9851317069518968,real
Mess3,"a=0.005, x=0.01",4,3,0.9866482596596656,real
Mess3,"a=0.005, x=0.01",5,3,0.987312408523064,real
Mess3,"a=0.005, x=0.01",6,3,0.9866544318089548,real
Mess3,"a=0.005, x=0.01",7,3,0.9821893829281728,real
Mess3,"a=0.005, x=0.01",8,3,0.9784150560783758,real
Mess3,"a=0.005, x=0.01",9,3,0.9745865556777424,real
Mess3,"a=0.005, x=0.01",10,3,0.9734150596849008,real
Mess3,"a=0.005, x=0.01",11,3,0.9730511339198642,real
Mess3,"a=0.005, x=0.01",12,3,0.9760618273572867,real
Mess3,"a=0.005, x=0.01",13,3,0.9768220893126086,real
Mess3,"a=0.005, x=0.01",14,3,0.9790911056699524,real
Mess3,"a=0.005, x=0.01",15,3,0.9808503751095352,real
Mess3,"a=0.005, x=0.01",16,3,0.9812555054251412,real
Mess3,"a=0.005, x=0.01",17,3,0.9810070641395778,real
Mess3,"a=0.005, x=0.01",18,3,0.9812836975039342,real
Mess3,"a=0.005, x=0.01",19,3,0.9817114040233572,real
Mess3,"a=0.005, x=0.01",20,3,0.9818406544807676,real
Mess3,"a=0.005, x=0.01",21,3,0.9827601010527756,real
Mess3,"a=0.005, x=0.01",22,3,0.9832374069542256,real
Mess3,"a=0.005, x=0.01",23,3,0.9833614037992372,real
Mess3,"a=0.005, x=0.01",24,3,0.9834430513439356,real
Mess3,"a=0.005, x=0.01",25,3,0.9836741136861245,real
Mess3,"a=0.005, x=0.01",26,3,0.9842962135246344,real
Mess3,"a=0.005, x=0.01",27,3,0.9844547170876752,real
Mess3,"a=0.005, x=0.01",0,4,0.9504000392649592,real
Mess3,"a=0.005, x=0.01",1,4,0.9787063932275682,real
Mess3,"a=0.005, x=0.01",2,4,0.9835142320856664,real
Mess3,"a=0.005, x=0.01",3,4,0.9847662312372286,real
Mess3,"a=0.005, x=0.01",4,4,0.9863164502634536,real
Mess3,"a=0.005, x=0.01",5,4,0.9851473641811246,real
Mess3,"a=0.005, x=0.01",6,4,0.983400925482384,real
Mess3,"a=0.005, x=0.01",7,4,0.9803591105780328,real
Mess3,"a=0.005, x=0.01",8,4,0.9752366752728364,real
Mess3,"a=0.005, x=0.01",9,4,0.9732050066885506,real
Mess3,"a=0.005, x=0.01",10,4,0.9692549081975216,real
Mess3,"a=0.005, x=0.01",11,4,0.9710735584269008,real
Mess3,"a=0.005, x=0.01",12,4,0.9724835706395608,real
Mess3,"a=0.005, x=0.01",13,4,0.9736174226702324,real
Mess3,"a=0.005, x=0.01",14,4,0.9729512717044088,real
Mess3,"a=0.005, x=0.01",15,4,0.9738794834093516,real
Mess3,"a=0.005, x=0.01",16,4,0.9746017507400152,real
Mess3,"a=0.005, x=0.01",17,4,0.97478073344739,real
Mess3,"a=0.005, x=0.01",18,4,0.975084793318405,real
Mess3,"a=0.005, x=0.01",19,4,0.9754339574979976,real
Mess3,"a=0.005, x=0.01",20,4,0.9761784721257604,real
Mess3,"a=0.005, x=0.01",21,4,0.9771767427622988,real
Mess3,"a=0.005, x=0.01",22,4,0.977548304645986,real
Mess3,"a=0.005, x=0.01",23,4,0.9779656792066812,real
Mess3,"a=0.005, x=0.01",24,4,0.9783084664531202,real
Mess3,"a=0.005, x=0.01",25,4,0.9794039582308194,real
Mess3,"a=0.005, x=0.01",26,4,0.9792828272292116,real
Mess3,"a=0.005, x=0.01",27,4,0.9796307509554112,real
Mess3,"a=0.005, x=0.01",0,5,0.9552502963461272,real
Mess3,"a=0.005, x=0.01",1,5,0.9796033601871278,real
Mess3,"a=0.005, x=0.01",2,5,0.9862612471906768,real
Mess3,"a=0.005, x=0.01",3,5,0.9869707141508812,real
Mess3,"a=0.005, x=0.01",4,5,0.9890806808269862,real
Mess3,"a=0.005, x=0.01",5,5,0.986924883501766,real
Mess3,"a=0.005, x=0.01",6,5,0.9861974302016188,real
Mess3,"a=0.005, x=0.01",7,5,0.9829075680381992,real
Mess3,"a=0.005, x=0.01",8,5,0.9747139097239114,real
Mess3,"a=0.005, x=0.01",9,5,0.9725235732153354,real
Mess3,"a=0.005, x=0.01",10,5,0.970966716803744,real
Mess3,"a=0.005, x=0.01",11,5,0.970667559769646,real
Mess3,"a=0.005, x=0.01",12,5,0.973105539814477,real
Mess3,"a=0.005, x=0.01",13,5,0.9743091688245986,real
Mess3,"a=0.005, x=0.01",14,5,0.9744106204587358,real
Mess3,"a=0.005, x=0.01",15,5,0.976233414395665,real
Mess3,"a=0.005, x=0.01",16,5,0.9768069763172252,real
Mess3,"a=0.005, x=0.01",17,5,0.9771716749901184,real
Mess3,"a=0.005, x=0.01",18,5,0.9779599380708384,real
Mess3,"a=0.005, x=0.01",19,5,0.9782137131451836,real
Mess3,"a=0.005, x=0.01",20,5,0.9780726481788702,real
Mess3,"a=0.005, x=0.01",21,5,0.9787452219861588,real
Mess3,"a=0.005, x=0.01",22,5,0.9797309859172773,real
Mess3,"a=0.005, x=0.01",23,5,0.979810227427969,real
Mess3,"a=0.005, x=0.01",24,5,0.9800668315547288,real
Mess3,"a=0.005, x=0.01",25,5,0.9809939145053564,real
Mess3,"a=0.005, x=0.01",26,5,0.9809474058734176,real
Mess3,"a=0.005, x=0.01",27,5,0.9808993631197614,real
Mess3,"a=0.005, x=0.01",0,6,0.9534847613998576,real
Mess3,"a=0.005, x=0.01",1,6,0.9793871042584912,real
Mess3,"a=0.005, x=0.01",2,6,0.984631134690604,real
Mess3,"a=0.005, x=0.01",3,6,0.9858287672004924,real
Mess3,"a=0.005, x=0.01",4,6,0.9859740384118754,real
Mess3,"a=0.005, x=0.01",5,6,0.9861826007662668,real
Mess3,"a=0.005, x=0.01",6,6,0.9849323553180496,real
Mess3,"a=0.005, x=0.01",7,6,0.9817975621954736,real
Mess3,"a=0.005, x=0.01",8,6,0.976015257307259,real
Mess3,"a=0.005, x=0.01",9,6,0.97275276396985,real
Mess3,"a=0.005, x=0.01",10,6,0.9694305342053936,real
Mess3,"a=0.005, x=0.01",11,6,0.9703623940229944,real
Mess3,"a=0.005, x=0.01",12,6,0.9716690642822036,real
Mess3,"a=0.005, x=0.01",13,6,0.9721071865385812,real
Mess3,"a=0.005, x=0.01",14,6,0.9757755624544626,real
Mess3,"a=0.005, x=0.01",15,6,0.9774551099322246,real
Mess3,"a=0.005, x=0.01",16,6,0.9781531440233118,real
Mess3,"a=0.005, x=0.01",17,6,0.9785092870381856,real
Mess3,"a=0.005, x=0.01",18,6,0.9788972943317912,real
Mess3,"a=0.005, x=0.01",19,6,0.9805390654072764,real
Mess3,"a=0.005, x=0.01",20,6,0.98090804145116,real
Mess3,"a=0.005, x=0.01",21,6,0.9818046997409898,real
Mess3,"a=0.005, x=0.01",22,6,0.9822419620521248,real
Mess3,"a=0.005, x=0.01",23,6,0.982370156735472,real
Mess3,"a=0.005, x=0.01",24,6,0.9826596291879068,real
Mess3,"a=0.005, x=0.01",25,6,0.9831663783821514,real
Mess3,"a=0.005, x=0.01",26,6,0.9833717696884596,real
Mess3,"a=0.005, x=0.01",27,6,0.9832974555358036,real
Mess3,"a=0.005, x=0.01",0,7,0.95135554045813,real
Mess3,"a=0.005, x=0.01",1,7,0.9777430206063484,real
Mess3,"a=0.005, x=0.01",2,7,0.9828215612453512,real
Mess3,"a=0.005, x=0.01",3,7,0.984179734905226,real
Mess3,"a=0.005, x=0.01",4,7,0.9867906329658556,real
Mess3,"a=0.005, x=0.01",5,7,0.9857352435736176,real
Mess3,"a=0.005, x=0.01",6,7,0.9851071467499748,real
Mess3,"a=0.005, x=0.01",7,7,0.9832803937408342,real
Mess3,"a=0.005, x=0.01",8,7,0.976036245033112,real
Mess3,"a=0.005, x=0.01",9,7,0.9729671268870762,real
Mess3,"a=0.005, x=0.01",10,7,0.9707137874391648,real
Mess3,"a=0.005, x=0.01",11,7,0.9704925829803696,real
Mess3,"a=0.005, x=0.01",12,7,0.9746595794974594,real
Mess3,"a=0.005, x=0.01",13,7,0.973955280439476,real
Mess3,"a=0.005, x=0.01",14,7,0.9760217604844864,real
Mess3,"a=0.005, x=0.01",15,7,0.978724476428488,real
Mess3,"a=0.005, x=0.01",16,7,0.978869649933861,real
Mess3,"a=0.005, x=0.01",17,7,0.9786364154143208,real
Mess3,"a=0.005, x=0.01",18,7,0.9789562001210574,real
Mess3,"a=0.005, x=0.01",19,7,0.9792472645726322,real
Mess3,"a=0.005, x=0.01",20,7,0.9801097043942126,real
Mess3,"a=0.005, x=0.01",21,7,0.9811957886197492,real
Mess3,"a=0.005, x=0.01",22,7,0.9807370999356037,real
Mess3,"a=0.005, x=0.01",23,7,0.9807796664755905,real
Mess3,"a=0.005, x=0.01",24,7,0.9811190757743682,real
Mess3,"a=0.005, x=0.01",25,7,0.9813355683920442,real
Mess3,"a=0.005, x=0.01",26,7,0.9814741524296244,real
Mess3,"a=0.005, x=0.01",27,7,0.9822603027605468,real
Mess3,"a=0.005, x=0.01",0,8,0.9493471556127936,real
Mess3,"a=0.005, x=0.01",1,8,0.9733171284055128,real
Mess3,"a=0.005, x=0.01",2,8,0.9825628869247552,real
Mess3,"a=0.005, x=0.01",3,8,0.9847871740435652,real
Mess3,"a=0.005, x=0.01",4,8,0.9855100737230872,real
Mess3,"a=0.005, x=0.01",5,8,0.9844422094894596,real
Mess3,"a=0.005, x=0.01",6,8,0.9834215109973504,real
Mess3,"a=0.005, x=0.01",7,8,0.980571108571366,real
Mess3,"a=0.005, x=0.01",8,8,0.9748891629248662,real
Mess3,"a=0.005, x=0.01",9,8,0.9730524903356804,real
Mess3,"a=0.005, x=0.01",10,8,0.9708667983504,real
Mess3,"a=0.005, x=0.01",11,8,0.9701562920472288,real
Mess3,"a=0.005, x=0.01",12,8,0.9746316659539428,real
Mess3,"a=0.005, x=0.01",13,8,0.9743086194646444,real
Mess3,"a=0.005, x=0.01",14,8,0.9777541263593454,real
Mess3,"a=0.005, x=0.01",15,8,0.9791587020287053,real
Mess3,"a=0.005, x=0.01",16,8,0.979293130677359,real
Mess3,"a=0.005, x=0.01",17,8,0.9795828165827232,real
Mess3,"a=0.005, x=0.01",18,8,0.9789116016339634,real
Mess3,"a=0.005, x=0.01",19,8,0.9791072525948152,real
Mess3,"a=0.005, x=0.01",20,8,0.9797899890322004,real
Mess3,"a=0.005, x=0.01",21,8,0.9808699646082562,real
Mess3,"a=0.005, x=0.01",22,8,0.9805836502169786,real
Mess3,"a=0.005, x=0.01",23,8,0.980870332058166,real
Mess3,"a=0.005, x=0.01",24,8,0.9814938784392152,real
Mess3,"a=0.005, x=0.01",25,8,0.9819836569367992,real
Mess3,"a=0.005, x=0.01",26,8,0.9820295446617444,real
Mess3,"a=0.005, x=0.01",27,8,0.9820848668242912,real
Mess3,"a=0.005, x=0.01",0,9,0.951467110710132,real
Mess3,"a=0.005, x=0.01",1,9,0.9642748612005492,real
Mess3,"a=0.005, x=0.01",2,9,0.9800798793859368,real
Mess3,"a=0.005, x=0.01",3,9,0.9828489175107528,real
Mess3,"a=0.005, x=0.01",4,9,0.9858903510034212,real
Mess3,"a=0.005, x=0.01",5,9,0.9859402535367328,real
Mess3,"a=0.005, x=0.01",6,9,0.986150057136088,real
Mess3,"a=0.005, x=0.01",7,9,0.98171132701423,real
Mess3,"a=0.005, x=0.01",8,9,0.9758124226215223,real
Mess3,"a=0.005, x=0.01",9,9,0.9726249336388816,real
Mess3,"a=0.005, x=0.01",10,9,0.969452502784212,real
Mess3,"a=0.005, x=0.01",11,9,0.9696979650456138,real
Mess3,"a=0.005, x=0.01",12,9,0.9750918680712696,real
Mess3,"a=0.005, x=0.01",13,9,0.9751534560716376,real
Mess3,"a=0.005, x=0.01",14,9,0.9777070711016024,real
Mess3,"a=0.005, x=0.01",15,9,0.9783122035591658,real
Mess3,"a=0.005, x=0.01",16,9,0.9788833877755752,real
Mess3,"a=0.005, x=0.01",17,9,0.9791381457328708,real
Mess3,"a=0.005, x=0.01",18,9,0.9796363616273672,real
Mess3,"a=0.005, x=0.01",19,9,0.9788041671827372,real
Mess3,"a=0.005, x=0.01",20,9,0.9795500568405786,real
Mess3,"a=0.005, x=0.01",21,9,0.9805835862936088,real
Mess3,"a=0.005, x=0.01",22,9,0.9812663076185392,real
Mess3,"a=0.005, x=0.01",23,9,0.981600837036622,real
Mess3,"a=0.005, x=0.01",24,9,0.9816179251852588,real
Mess3,"a=0.005, x=0.01",25,9,0.9818809654341444,real
Mess3,"a=0.005, x=0.01",26,9,0.9818960894093052,real
Mess3,"a=0.005, x=0.01",27,9,0.9818321196679196,real
Mess3,"a=0.005, x=0.02",0,0,0.9515073975258028,real
Mess3,"a=0.005, x=0.02",1,0,0.9779869904946298,real
Mess3,"a=0.005, x=0.02",2,0,0.9847106610328884,real
Mess3,"a=0.005, x=0.02",3,0,0.9855237612163212,real
Mess3,"a=0.005, x=0.02",4,0,0.9884552584551276,real
Mess3,"a=0.005, x=0.02",5,0,0.9867704844000116,real
Mess3,"a=0.005, x=0.02",6,0,0.9859722767771724,real
Mess3,"a=0.005, x=0.02",7,0,0.9808869455758238,real
Mess3,"a=0.005, x=0.02",8,0,0.974846904198339,real
Mess3,"a=0.005, x=0.02",9,0,0.9713484765516808,real
Mess3,"a=0.005, x=0.02",10,0,0.9692683544920592,real
Mess3,"a=0.005, x=0.02",11,0,0.967872234429894,real
Mess3,"a=0.005, x=0.02",12,0,0.969367473298482,real
Mess3,"a=0.005, x=0.02",13,0,0.9692154186519696,real
Mess3,"a=0.005, x=0.02",14,0,0.9713984122760304,real
Mess3,"a=0.005, x=0.02",15,0,0.9733672269057014,real
Mess3,"a=0.005, x=0.02",16,0,0.9729443464801542,real
Mess3,"a=0.005, x=0.02",17,0,0.9731683708020958,real
Mess3,"a=0.005, x=0.02",18,0,0.9738477907412512,real
Mess3,"a=0.005, x=0.02",19,0,0.9749710135158942,real
Mess3,"a=0.005, x=0.02",20,0,0.9754388852241714,real
Mess3,"a=0.005, x=0.02",21,0,0.9768880648245776,real
Mess3,"a=0.005, x=0.02",22,0,0.9770514073630046,real
Mess3,"a=0.005, x=0.02",23,0,0.977942162981284,real
Mess3,"a=0.005, x=0.02",24,0,0.9783011977381928,real
Mess3,"a=0.005, x=0.02",25,0,0.9795773532420038,real
Mess3,"a=0.005, x=0.02",26,0,0.9797288312112168,real
Mess3,"a=0.005, x=0.02",27,0,0.9798355792318232,real
Mess3,"a=0.005, x=0.02",0,1,0.9480404946365222,real
Mess3,"a=0.005, x=0.02",1,1,0.978691707290996,real
Mess3,"a=0.005, x=0.02",2,1,0.9864892686947216,real
Mess3,"a=0.005, x=0.02",3,1,0.9870956564402424,real
Mess3,"a=0.005, x=0.02",4,1,0.9874975551038208,real
Mess3,"a=0.005, x=0.02",5,1,0.986165443598876,real
Mess3,"a=0.005, x=0.02",6,1,0.9851223630198684,real
Mess3,"a=0.005, x=0.02",7,1,0.981186246789013,real
Mess3,"a=0.005, x=0.02",8,1,0.975025136479226,real
Mess3,"a=0.005, x=0.02",9,1,0.9706786232028436,real
Mess3,"a=0.005, x=0.02",10,1,0.9693704599295196,real
Mess3,"a=0.005, x=0.02",11,1,0.968226073130528,real
Mess3,"a=0.005, x=0.02",12,1,0.9692844009871068,real
Mess3,"a=0.005, x=0.02",13,1,0.9707209476179064,real
Mess3,"a=0.005, x=0.02",14,1,0.9737664779688546,real
Mess3,"a=0.005, x=0.02",15,1,0.9765598157004288,real
Mess3,"a=0.005, x=0.02",16,1,0.9776309924159812,real
Mess3,"a=0.005, x=0.02",17,1,0.977947257450865,real
Mess3,"a=0.005, x=0.02",18,1,0.9778250424577092,real
Mess3,"a=0.005, x=0.02",19,1,0.9784025185166684,real
Mess3,"a=0.005, x=0.02",20,1,0.9784254258258488,real
Mess3,"a=0.005, x=0.02",21,1,0.9796051864491157,real
Mess3,"a=0.005, x=0.02",22,1,0.9799305084738628,real
Mess3,"a=0.005, x=0.02",23,1,0.9803068032515928,real
Mess3,"a=0.005, x=0.02",24,1,0.9805761241751896,real
Mess3,"a=0.005, x=0.02",25,1,0.9809216104548673,real
Mess3,"a=0.005, x=0.02",26,1,0.9812360619871332,real
Mess3,"a=0.005, x=0.02",27,1,0.9813592258245016,real
Mess3,"a=0.005, x=0.02",0,2,0.9526167505669896,real
Mess3,"a=0.005, x=0.02",1,2,0.981901523137106,real
Mess3,"a=0.005, x=0.02",2,2,0.9862779098206798,real
Mess3,"a=0.005, x=0.02",3,2,0.9872662389041656,real
Mess3,"a=0.005, x=0.02",4,2,0.9890056444774472,real
Mess3,"a=0.005, x=0.02",5,2,0.9863115940510262,real
Mess3,"a=0.005, x=0.02",6,2,0.9866660808479144,real
Mess3,"a=0.005, x=0.02",7,2,0.9823396608021052,real
Mess3,"a=0.005, x=0.02",8,2,0.976762609221554,real
Mess3,"a=0.005, x=0.02",9,2,0.9745717121477449,real
Mess3,"a=0.005, x=0.02",10,2,0.9704913582444704,real
Mess3,"a=0.005, x=0.02",11,2,0.9682560446419636,real
Mess3,"a=0.005, x=0.02",12,2,0.9695804236532112,real
Mess3,"a=0.005, x=0.02",13,2,0.970366074165169,real
Mess3,"a=0.005, x=0.02",14,2,0.9726787083280312,real
Mess3,"a=0.005, x=0.02",15,2,0.9748616886031052,real
Mess3,"a=0.005, x=0.02",16,2,0.9751121663038892,real
Mess3,"a=0.005, x=0.02",17,2,0.9750797893629845,real
Mess3,"a=0.005, x=0.02",18,2,0.9764953602932148,real
Mess3,"a=0.005, x=0.02",19,2,0.9776206207699836,real
Mess3,"a=0.005, x=0.02",20,2,0.97785839958464,real
Mess3,"a=0.005, x=0.02",21,2,0.9801090336104517,real
Mess3,"a=0.005, x=0.02",22,2,0.9803570480752412,real
Mess3,"a=0.005, x=0.02",23,2,0.9808422133686748,real
Mess3,"a=0.005, x=0.02",24,2,0.9813927657486506,real
Mess3,"a=0.005, x=0.02",25,2,0.9815603092855814,real
Mess3,"a=0.005, x=0.02",26,2,0.9818564438309272,real
Mess3,"a=0.005, x=0.02",27,2,0.9824931816375192,real
Mess3,"a=0.005, x=0.02",0,3,0.9489202302154902,real
Mess3,"a=0.005, x=0.02",1,3,0.9804015826364156,real
Mess3,"a=0.005, x=0.02",2,3,0.984636620025904,real
Mess3,"a=0.005, x=0.02",3,3,0.9879976367289997,real
Mess3,"a=0.005, x=0.02",4,3,0.9896528956171856,real
Mess3,"a=0.005, x=0.02",5,3,0.9871121240688856,real
Mess3,"a=0.005, x=0.02",6,3,0.9854213239508812,real
Mess3,"a=0.005, x=0.02",7,3,0.9821052349919596,real
Mess3,"a=0.005, x=0.02",8,3,0.9749592573226056,real
Mess3,"a=0.005, x=0.02",9,3,0.971535405626784,real
Mess3,"a=0.005, x=0.02",10,3,0.9702374311345622,real
Mess3,"a=0.005, x=0.02",11,3,0.9682431386349792,real
Mess3,"a=0.005, x=0.02",12,3,0.9696894287291716,real
Mess3,"a=0.005, x=0.02",13,3,0.9697452689469204,real
Mess3,"a=0.005, x=0.02",14,3,0.9711350768621234,real
Mess3,"a=0.005, x=0.02",15,3,0.973987964760506,real
Mess3,"a=0.005, x=0.02",16,3,0.974871185445488,real
Mess3,"a=0.005, x=0.02",17,3,0.9747636326472644,real
Mess3,"a=0.005, x=0.02",18,3,0.974957053834023,real
Mess3,"a=0.005, x=0.02",19,3,0.9761619873221192,real
Mess3,"a=0.005, x=0.02",20,3,0.9766162408309892,real
Mess3,"a=0.005, x=0.02",21,3,0.9773280526596432,real
Mess3,"a=0.005, x=0.02",22,3,0.9775770017586825,real
Mess3,"a=0.005, x=0.02",23,3,0.9780168371650948,real
Mess3,"a=0.005, x=0.02",24,3,0.9785467518787742,real
Mess3,"a=0.005, x=0.02",25,3,0.9790708351553464,real
Mess3,"a=0.005, x=0.02",26,3,0.9792659670820598,real
Mess3,"a=0.005, x=0.02",27,3,0.9788278354754804,real
Mess3,"a=0.005, x=0.02",0,4,0.9468704568885512,real
Mess3,"a=0.005, x=0.02",1,4,0.978543617860478,real
Mess3,"a=0.005, x=0.02",2,4,0.9838254314169886,real
Mess3,"a=0.005, x=0.02",3,4,0.9853699114082104,real
Mess3,"a=0.005, x=0.02",4,4,0.986945580815311,real
Mess3,"a=0.005, x=0.02",5,4,0.9854456371995658,real
Mess3,"a=0.005, x=0.02",6,4,0.9827405385657698,real
Mess3,"a=0.005, x=0.02",7,4,0.977919295838934,real
Mess3,"a=0.005, x=0.02",8,4,0.9722451784694917,real
Mess3,"a=0.005, x=0.02",9,4,0.969057437905043,real
Mess3,"a=0.005, x=0.02",10,4,0.965503820594873,real
Mess3,"a=0.005, x=0.02",11,4,0.9667477799031056,real
Mess3,"a=0.005, x=0.02",12,4,0.9669525164205016,real
Mess3,"a=0.005, x=0.02",13,4,0.9695852153200416,real
Mess3,"a=0.005, x=0.02",14,4,0.9710298298800104,real
Mess3,"a=0.005, x=0.02",15,4,0.9735811790389992,real
Mess3,"a=0.005, x=0.02",16,4,0.9750484638088152,real
Mess3,"a=0.005, x=0.02",17,4,0.9743612414604574,real
Mess3,"a=0.005, x=0.02",18,4,0.973394659965968,real
Mess3,"a=0.005, x=0.02",19,4,0.9741241687612978,real
Mess3,"a=0.005, x=0.02",20,4,0.975330247296514,real
Mess3,"a=0.005, x=0.02",21,4,0.9767427960149656,real
Mess3,"a=0.005, x=0.02",22,4,0.9774337089437232,real
Mess3,"a=0.005, x=0.02",23,4,0.9779974939354484,real
Mess3,"a=0.005, x=0.02",24,4,0.9779122757131736,real
Mess3,"a=0.005, x=0.02",25,4,0.977954876103658,real
Mess3,"a=0.005, x=0.02",26,4,0.9778574454787556,real
Mess3,"a=0.005, x=0.02",27,4,0.97871266248879,real
Mess3,"a=0.005, x=0.02",0,5,0.9540178037909286,real
Mess3,"a=0.005, x=0.02",1,5,0.9809206156247448,real
Mess3,"a=0.005, x=0.02",2,5,0.9860081656229532,real
Mess3,"a=0.005, x=0.02",3,5,0.9865008314396346,real
Mess3,"a=0.005, x=0.02",4,5,0.9873009074425864,real
Mess3,"a=0.005, x=0.02",5,5,0.9862167305569756,real
Mess3,"a=0.005, x=0.02",6,5,0.9857167823759057,real
Mess3,"a=0.005, x=0.02",7,5,0.981648031417558,real
Mess3,"a=0.005, x=0.02",8,5,0.9762792328033204,real
Mess3,"a=0.005, x=0.02",9,5,0.9725693597525354,real
Mess3,"a=0.005, x=0.02",10,5,0.9708779560783556,real
Mess3,"a=0.005, x=0.02",11,5,0.9705259858546214,real
Mess3,"a=0.005, x=0.02",12,5,0.9707256253934928,real
Mess3,"a=0.005, x=0.02",13,5,0.9704247786369864,real
Mess3,"a=0.005, x=0.02",14,5,0.9716123038961938,real
Mess3,"a=0.005, x=0.02",15,5,0.9727386180008908,real
Mess3,"a=0.005, x=0.02",16,5,0.974532671977925,real
Mess3,"a=0.005, x=0.02",17,5,0.97505905382904,real
Mess3,"a=0.005, x=0.02",18,5,0.9757826080648976,real
Mess3,"a=0.005, x=0.02",19,5,0.9761807691862596,real
Mess3,"a=0.005, x=0.02",20,5,0.977261382694572,real
Mess3,"a=0.005, x=0.02",21,5,0.9786223563652424,real
Mess3,"a=0.005, x=0.02",22,5,0.9795221304316476,real
Mess3,"a=0.005, x=0.02",23,5,0.9800646192002024,real
Mess3,"a=0.005, x=0.02",24,5,0.9807138510699333,real
Mess3,"a=0.005, x=0.02",25,5,0.9807249089277612,real
Mess3,"a=0.005, x=0.02",26,5,0.980991478063658,real
Mess3,"a=0.005, x=0.02",27,5,0.9810877266318394,real
Mess3,"a=0.005, x=0.02",0,6,0.95118927642611,real
Mess3,"a=0.005, x=0.02",1,6,0.9809366487921772,real
Mess3,"a=0.005, x=0.02",2,6,0.9852213577753328,real
Mess3,"a=0.005, x=0.02",3,6,0.9868494908849902,real
Mess3,"a=0.005, x=0.02",4,6,0.9882286356459592,real
Mess3,"a=0.005, x=0.02",5,6,0.9854191931704612,real
Mess3,"a=0.005, x=0.02",6,6,0.9838070020547964,real
Mess3,"a=0.005, x=0.02",7,6,0.981354225280155,real
Mess3,"a=0.005, x=0.02",8,6,0.9751463360096078,real
Mess3,"a=0.005, x=0.02",9,6,0.9733209422669388,real
Mess3,"a=0.005, x=0.02",10,6,0.9706381206730998,real
Mess3,"a=0.005, x=0.02",11,6,0.9695174867655992,real
Mess3,"a=0.005, x=0.02",12,6,0.9701676730690092,real
Mess3,"a=0.005, x=0.02",13,6,0.9694466326813412,real
Mess3,"a=0.005, x=0.02",14,6,0.9725420652383872,real
Mess3,"a=0.005, x=0.02",15,6,0.974847706410461,real
Mess3,"a=0.005, x=0.02",16,6,0.975660612505704,real
Mess3,"a=0.005, x=0.02",17,6,0.9750839170186976,real
Mess3,"a=0.005, x=0.02",18,6,0.9755415466402398,real
Mess3,"a=0.005, x=0.02",19,6,0.9758910929893369,real
Mess3,"a=0.005, x=0.02",20,6,0.9765429292187014,real
Mess3,"a=0.005, x=0.02",21,6,0.9782340928241692,real
Mess3,"a=0.005, x=0.02",22,6,0.9789031999115374,real
Mess3,"a=0.005, x=0.02",23,6,0.979319789593324,real
Mess3,"a=0.005, x=0.02",24,6,0.979423162790828,real
Mess3,"a=0.005, x=0.02",25,6,0.9797245376008152,real
Mess3,"a=0.005, x=0.02",26,6,0.9799480474534802,real
Mess3,"a=0.005, x=0.02",27,6,0.9810486390472912,real
Mess3,"a=0.005, x=0.02",0,7,0.9470180305277648,real
Mess3,"a=0.005, x=0.02",1,7,0.9795142375575993,real
Mess3,"a=0.005, x=0.02",2,7,0.9853486122806122,real
Mess3,"a=0.005, x=0.02",3,7,0.9866956610216462,real
Mess3,"a=0.005, x=0.02",4,7,0.9862381011251146,real
Mess3,"a=0.005, x=0.02",5,7,0.9849375502784176,real
Mess3,"a=0.005, x=0.02",6,7,0.983143143706797,real
Mess3,"a=0.005, x=0.02",7,7,0.9803143182975854,real
Mess3,"a=0.005, x=0.02",8,7,0.9740481198115758,real
Mess3,"a=0.005, x=0.02",9,7,0.970888228202588,real
Mess3,"a=0.005, x=0.02",10,7,0.9706573839992056,real
Mess3,"a=0.005, x=0.02",11,7,0.968497959271256,real
Mess3,"a=0.005, x=0.02",12,7,0.9714630132465748,real
Mess3,"a=0.005, x=0.02",13,7,0.972013476018387,real
Mess3,"a=0.005, x=0.02",14,7,0.9737560965210982,real
Mess3,"a=0.005, x=0.02",15,7,0.9767395736446284,real
Mess3,"a=0.005, x=0.02",16,7,0.977546016322464,real
Mess3,"a=0.005, x=0.02",17,7,0.9776719052056184,real
Mess3,"a=0.005, x=0.02",18,7,0.9777567351341376,real
Mess3,"a=0.005, x=0.02",19,7,0.9786716410510868,real
Mess3,"a=0.005, x=0.02",20,7,0.9790878650058848,real
Mess3,"a=0.005, x=0.02",21,7,0.979904224873694,real
Mess3,"a=0.005, x=0.02",22,7,0.9803156278505128,real
Mess3,"a=0.005, x=0.02",23,7,0.9808366861628184,real
Mess3,"a=0.005, x=0.02",24,7,0.9812991511853084,real
Mess3,"a=0.005, x=0.02",25,7,0.9818210071503344,real
Mess3,"a=0.005, x=0.02",26,7,0.9818060778963454,real
Mess3,"a=0.005, x=0.02",27,7,0.9822477601210384,real
Mess3,"a=0.005, x=0.02",0,8,0.952736841005876,real
Mess3,"a=0.005, x=0.02",1,8,0.9810009143822028,real
Mess3,"a=0.005, x=0.02",2,8,0.9857063150471228,real
Mess3,"a=0.005, x=0.02",3,8,0.9874602440547494,real
Mess3,"a=0.005, x=0.02",4,8,0.9866903280125364,real
Mess3,"a=0.005, x=0.02",5,8,0.9857213791682324,real
Mess3,"a=0.005, x=0.02",6,8,0.9846768130087766,real
Mess3,"a=0.005, x=0.02",7,8,0.9791877987900616,real
Mess3,"a=0.005, x=0.02",8,8,0.9736662198196764,real
Mess3,"a=0.005, x=0.02",9,8,0.9702765604383918,real
Mess3,"a=0.005, x=0.02",10,8,0.9685833399610114,real
Mess3,"a=0.005, x=0.02",11,8,0.9686591789356902,real
Mess3,"a=0.005, x=0.02",12,8,0.9705163471772124,real
Mess3,"a=0.005, x=0.02",13,8,0.9702491200361112,real
Mess3,"a=0.005, x=0.02",14,8,0.9730853043042524,real
Mess3,"a=0.005, x=0.02",15,8,0.9753365098807508,real
Mess3,"a=0.005, x=0.02",16,8,0.9761561858688372,real
Mess3,"a=0.005, x=0.02",17,8,0.9764697834849284,real
Mess3,"a=0.005, x=0.02",18,8,0.9764514957012432,real
Mess3,"a=0.005, x=0.02",19,8,0.9773336116073802,real
Mess3,"a=0.005, x=0.02",20,8,0.9776043940276729,real
Mess3,"a=0.005, x=0.02",21,8,0.9791797597051548,real
Mess3,"a=0.005, x=0.02",22,8,0.9790681113720232,real
Mess3,"a=0.005, x=0.02",23,8,0.9795304809287076,real
Mess3,"a=0.005, x=0.02",24,8,0.9800070611300532,real
Mess3,"a=0.005, x=0.02",25,8,0.9805205869130986,real
Mess3,"a=0.005, x=0.02",26,8,0.9803624721106936,real
Mess3,"a=0.005, x=0.02",27,8,0.9801193779324684,real
Mess3,"a=0.005, x=0.02",0,9,0.9474536210878748,real
Mess3,"a=0.005, x=0.02",1,9,0.9776965223499724,real
Mess3,"a=0.005, x=0.02",2,9,0.9840098305499304,real
Mess3,"a=0.005, x=0.02",3,9,0.9858546527203502,real
Mess3,"a=0.005, x=0.02",4,9,0.9868858354500274,real
Mess3,"a=0.005, x=0.02",5,9,0.9854133788404752,real
Mess3,"a=0.005, x=0.02",6,9,0.9838984679013492,real
Mess3,"a=0.005, x=0.02",7,9,0.9785625161550008,real
Mess3,"a=0.005, x=0.02",8,9,0.9727998295021753,real
Mess3,"a=0.005, x=0.02",9,9,0.970829856165097,real
Mess3,"a=0.005, x=0.02",10,9,0.967778239447424,real
Mess3,"a=0.005, x=0.02",11,9,0.966664746532116,real
Mess3,"a=0.005, x=0.02",12,9,0.9698587757675776,real
Mess3,"a=0.005, x=0.02",13,9,0.9720181257139696,real
Mess3,"a=0.005, x=0.02",14,9,0.9728413013855564,real
Mess3,"a=0.005, x=0.02",15,9,0.9759310630266052,real
Mess3,"a=0.005, x=0.02",16,9,0.976816965866466,real
Mess3,"a=0.005, x=0.02",17,9,0.976635976078676,real
Mess3,"a=0.005, x=0.02",18,9,0.976477109784042,real
Mess3,"a=0.005, x=0.02",19,9,0.9766921213847104,real
Mess3,"a=0.005, x=0.02",20,9,0.9772454530070293,real
Mess3,"a=0.005, x=0.02",21,9,0.9784112422889046,real
Mess3,"a=0.005, x=0.02",22,9,0.9780082671142336,real
Mess3,"a=0.005, x=0.02",23,9,0.978462575541852,real
Mess3,"a=0.005, x=0.02",24,9,0.978834808410971,real
Mess3,"a=0.005, x=0.02",25,9,0.9787614536002508,real
Mess3,"a=0.005, x=0.02",26,9,0.9799480552753544,real
Mess3,"a=0.005, x=0.02",27,9,0.9799963656169394,real
Mess3,"a=0.01, x=0.02",0,0,0.9535669762402724,real
Mess3,"a=0.01, x=0.02",1,0,0.976740892888989,real
Mess3,"a=0.01, x=0.02",2,0,0.9828824438683116,real
Mess3,"a=0.01, x=0.02",3,0,0.9832810705999182,real
Mess3,"a=0.01, x=0.02",4,0,0.9856434088041732,real
Mess3,"a=0.01, x=0.02",5,0,0.983757050099699,real
Mess3,"a=0.01, x=0.02",6,0,0.9831567399264844,real
Mess3,"a=0.01, x=0.02",7,0,0.9795273066478576,real
Mess3,"a=0.01, x=0.02",8,0,0.9744413295205832,real
Mess3,"a=0.01, x=0.02",9,0,0.970373106913569,real
Mess3,"a=0.01, x=0.02",10,0,0.9690490370757356,real
Mess3,"a=0.01, x=0.02",11,0,0.9669788991900876,real
Mess3,"a=0.01, x=0.02",12,0,0.9685790506861908,real
Mess3,"a=0.01, x=0.02",13,0,0.9697129550073674,real
Mess3,"a=0.01, x=0.02",14,0,0.9701410378847216,real
Mess3,"a=0.01, x=0.02",15,0,0.9721040915987756,real
Mess3,"a=0.01, x=0.02",16,0,0.9717881261761724,real
Mess3,"a=0.01, x=0.02",17,0,0.972240118935909,real
Mess3,"a=0.01, x=0.02",18,0,0.9726992094113472,real
Mess3,"a=0.01, x=0.02",19,0,0.9732224974830724,real
Mess3,"a=0.01, x=0.02",20,0,0.9741313089487542,real
Mess3,"a=0.01, x=0.02",21,0,0.9755724490920586,real
Mess3,"a=0.01, x=0.02",22,0,0.9758019156847284,real
Mess3,"a=0.01, x=0.02",23,0,0.976735394885086,real
Mess3,"a=0.01, x=0.02",24,0,0.9770118340208532,real
Mess3,"a=0.01, x=0.02",25,0,0.9775632752328494,real
Mess3,"a=0.01, x=0.02",26,0,0.978121056308254,real
Mess3,"a=0.01, x=0.02",27,0,0.9781310924889802,real
Mess3,"a=0.01, x=0.02",0,1,0.949238357387592,real
Mess3,"a=0.01, x=0.02",1,1,0.9759058006293552,real
Mess3,"a=0.01, x=0.02",2,1,0.9829132262528396,real
Mess3,"a=0.01, x=0.02",3,1,0.983862034441559,real
Mess3,"a=0.01, x=0.02",4,1,0.9847525243225038,real
Mess3,"a=0.01, x=0.02",5,1,0.9835510547770394,real
Mess3,"a=0.01, x=0.02",6,1,0.9815968008017576,real
Mess3,"a=0.01, x=0.02",7,1,0.9765331206892208,real
Mess3,"a=0.01, x=0.02",8,1,0.9716755038478412,real
Mess3,"a=0.01, x=0.02",9,1,0.9675275887013908,real
Mess3,"a=0.01, x=0.02",10,1,0.9650189850416458,real
Mess3,"a=0.01, x=0.02",11,1,0.9644108472696824,real
Mess3,"a=0.01, x=0.02",12,1,0.9648988724530532,real
Mess3,"a=0.01, x=0.02",13,1,0.9675082113151048,real
Mess3,"a=0.01, x=0.02",14,1,0.9702916262628056,real
Mess3,"a=0.01, x=0.02",15,1,0.9719779296116532,real
Mess3,"a=0.01, x=0.02",16,1,0.9723074185641446,real
Mess3,"a=0.01, x=0.02",17,1,0.972429340734996,real
Mess3,"a=0.01, x=0.02",18,1,0.9725750953368836,real
Mess3,"a=0.01, x=0.02",19,1,0.9734492291716546,real
Mess3,"a=0.01, x=0.02",20,1,0.9739304205419052,real
Mess3,"a=0.01, x=0.02",21,1,0.9763663294698364,real
Mess3,"a=0.01, x=0.02",22,1,0.9768515158822256,real
Mess3,"a=0.01, x=0.02",23,1,0.9779332558762918,real
Mess3,"a=0.01, x=0.02",24,1,0.9790008879303334,real
Mess3,"a=0.01, x=0.02",25,1,0.9792092494246568,real
Mess3,"a=0.01, x=0.02",26,1,0.9789699943697112,real
Mess3,"a=0.01, x=0.02",27,1,0.9793796079016492,real
Mess3,"a=0.01, x=0.02",0,2,0.9546331809282618,real
Mess3,"a=0.01, x=0.02",1,2,0.9800847981856204,real
Mess3,"a=0.01, x=0.02",2,2,0.985090585354632,real
Mess3,"a=0.01, x=0.02",3,2,0.985975186439417,real
Mess3,"a=0.01, x=0.02",4,2,0.9872549085284504,real
Mess3,"a=0.01, x=0.02",5,2,0.985112511281434,real
Mess3,"a=0.01, x=0.02",6,2,0.9851411112846838,real
Mess3,"a=0.01, x=0.02",7,2,0.9802138790288188,real
Mess3,"a=0.01, x=0.02",8,2,0.9735482476219904,real
Mess3,"a=0.01, x=0.02",9,2,0.97244670609206,real
Mess3,"a=0.01, x=0.02",10,2,0.9704533076908166,real
Mess3,"a=0.01, x=0.02",11,2,0.9678297471248378,real
Mess3,"a=0.01, x=0.02",12,2,0.9701360111215128,real
Mess3,"a=0.01, x=0.02",13,2,0.9705897146958816,real
Mess3,"a=0.01, x=0.02",14,2,0.9715314293769398,real
Mess3,"a=0.01, x=0.02",15,2,0.9735633596124944,real
Mess3,"a=0.01, x=0.02",16,2,0.9735146563146384,real
Mess3,"a=0.01, x=0.02",17,2,0.9739137504076424,real
Mess3,"a=0.01, x=0.02",18,2,0.974555106705405,real
Mess3,"a=0.01, x=0.02",19,2,0.9756501933023488,real
Mess3,"a=0.01, x=0.02",20,2,0.9765347311384114,real
Mess3,"a=0.01, x=0.02",21,2,0.9784438127569858,real
Mess3,"a=0.01, x=0.02",22,2,0.9783949776167226,real
Mess3,"a=0.01, x=0.02",23,2,0.9784201541715224,real
Mess3,"a=0.01, x=0.02",24,2,0.9790552301384046,real
Mess3,"a=0.01, x=0.02",25,2,0.9796401097812528,real
Mess3,"a=0.01, x=0.02",26,2,0.979361603386112,real
Mess3,"a=0.01, x=0.02",27,2,0.9798766368413012,real
Mess3,"a=0.01, x=0.02",0,3,0.9472927779695656,real
Mess3,"a=0.01, x=0.02",1,3,0.975854304247447,real
Mess3,"a=0.01, x=0.02",2,3,0.978581853372244,real
Mess3,"a=0.01, x=0.02",3,3,0.9831723162715962,real
Mess3,"a=0.01, x=0.02",4,3,0.9845561320981934,real
Mess3,"a=0.01, x=0.02",5,3,0.9832458651217096,real
Mess3,"a=0.01, x=0.02",6,3,0.9822048555358798,real
Mess3,"a=0.01, x=0.02",7,3,0.9763299399767408,real
Mess3,"a=0.01, x=0.02",8,3,0.9713948949263228,real
Mess3,"a=0.01, x=0.02",9,3,0.9683947211702556,real
Mess3,"a=0.01, x=0.02",10,3,0.9650363260569874,real
Mess3,"a=0.01, x=0.02",11,3,0.9653270699910084,real
Mess3,"a=0.01, x=0.02",12,3,0.9658801791350504,real
Mess3,"a=0.01, x=0.02",13,3,0.963288855412014,real
Mess3,"a=0.01, x=0.02",14,3,0.9661358242001488,real
Mess3,"a=0.01, x=0.02",15,3,0.9693290578636377,real
Mess3,"a=0.01, x=0.02",16,3,0.9708022892505208,real
Mess3,"a=0.01, x=0.02",17,3,0.9701172645576618,real
Mess3,"a=0.01, x=0.02",18,3,0.9710601152266514,real
Mess3,"a=0.01, x=0.02",19,3,0.9716818970836506,real
Mess3,"a=0.01, x=0.02",20,3,0.9722218759605328,real
Mess3,"a=0.01, x=0.02",21,3,0.9736351905352834,real
Mess3,"a=0.01, x=0.02",22,3,0.9736631803868968,real
Mess3,"a=0.01, x=0.02",23,3,0.9746516939926276,real
Mess3,"a=0.01, x=0.02",24,3,0.974872935499798,real
Mess3,"a=0.01, x=0.02",25,3,0.9752979228408372,real
Mess3,"a=0.01, x=0.02",26,3,0.976137847770188,real
Mess3,"a=0.01, x=0.02",27,3,0.9761276223976731,real
Mess3,"a=0.01, x=0.02",0,4,0.9477740814174612,real
Mess3,"a=0.01, x=0.02",1,4,0.9765287892888764,real
Mess3,"a=0.01, x=0.02",2,4,0.9829591701186744,real
Mess3,"a=0.01, x=0.02",3,4,0.983989069226517,real
Mess3,"a=0.01, x=0.02",4,4,0.9843111614990816,real
Mess3,"a=0.01, x=0.02",5,4,0.982519130328916,real
Mess3,"a=0.01, x=0.02",6,4,0.980279344823372,real
Mess3,"a=0.01, x=0.02",7,4,0.9747505501855502,real
Mess3,"a=0.01, x=0.02",8,4,0.96910496357717,real
Mess3,"a=0.01, x=0.02",9,4,0.9652574075335942,real
Mess3,"a=0.01, x=0.02",10,4,0.9625944394107508,real
Mess3,"a=0.01, x=0.02",11,4,0.96398258522905,real
Mess3,"a=0.01, x=0.02",12,4,0.964757877077978,real
Mess3,"a=0.01, x=0.02",13,4,0.965200320622766,real
Mess3,"a=0.01, x=0.02",14,4,0.9657644599437244,real
Mess3,"a=0.01, x=0.02",15,4,0.9679761689364412,real
Mess3,"a=0.01, x=0.02",16,4,0.9679912310144414,real
Mess3,"a=0.01, x=0.02",17,4,0.9671177940111813,real
Mess3,"a=0.01, x=0.02",18,4,0.9674319573442532,real
Mess3,"a=0.01, x=0.02",19,4,0.9684971387793196,real
Mess3,"a=0.01, x=0.02",20,4,0.9693695110808056,real
Mess3,"a=0.01, x=0.02",21,4,0.9716441065202948,real
Mess3,"a=0.01, x=0.02",22,4,0.9723335990315386,real
Mess3,"a=0.01, x=0.02",23,4,0.9732127774300318,real
Mess3,"a=0.01, x=0.02",24,4,0.9735233051517554,real
Mess3,"a=0.01, x=0.02",25,4,0.974076993679872,real
Mess3,"a=0.01, x=0.02",26,4,0.9740411263117416,real
Mess3,"a=0.01, x=0.02",27,4,0.9736482132022206,real
Mess3,"a=0.01, x=0.02",0,5,0.9535716367771244,real
Mess3,"a=0.01, x=0.02",1,5,0.9786610240174548,real
Mess3,"a=0.01, x=0.02",2,5,0.9837756891814672,real
Mess3,"a=0.01, x=0.02",3,5,0.9841079999018754,real
Mess3,"a=0.01, x=0.02",4,5,0.9864790471373572,real
Mess3,"a=0.01, x=0.02",5,5,0.9839298549342276,real
Mess3,"a=0.01, x=0.02",6,5,0.9832834208278258,real
Mess3,"a=0.01, x=0.02",7,5,0.9792892743969662,real
Mess3,"a=0.01, x=0.02",8,5,0.9738097658572344,real
Mess3,"a=0.01, x=0.02",9,5,0.97009622710665,real
Mess3,"a=0.01, x=0.02",10,5,0.967010610450854,real
Mess3,"a=0.01, x=0.02",11,5,0.9684133999330444,real
Mess3,"a=0.01, x=0.02",12,5,0.9689604196849622,real
Mess3,"a=0.01, x=0.02",13,5,0.9695818734884472,real
Mess3,"a=0.01, x=0.02",14,5,0.97124639247557,real
Mess3,"a=0.01, x=0.02",15,5,0.9744753072167804,real
Mess3,"a=0.01, x=0.02",16,5,0.9753702221946448,real
Mess3,"a=0.01, x=0.02",17,5,0.9757182202350374,real
Mess3,"a=0.01, x=0.02",18,5,0.9763449410241908,real
Mess3,"a=0.01, x=0.02",19,5,0.976392807462092,real
Mess3,"a=0.01, x=0.02",20,5,0.9760985416943244,real
Mess3,"a=0.01, x=0.02",21,5,0.9778136453890066,real
Mess3,"a=0.01, x=0.02",22,5,0.9785067157674792,real
Mess3,"a=0.01, x=0.02",23,5,0.9789546079631052,real
Mess3,"a=0.01, x=0.02",24,5,0.9787080751548348,real
Mess3,"a=0.01, x=0.02",25,5,0.9794716906735392,real
Mess3,"a=0.01, x=0.02",26,5,0.9796030207966568,real
Mess3,"a=0.01, x=0.02",27,5,0.9808477231470312,real
Mess3,"a=0.01, x=0.02",0,6,0.9553722939285644,real
Mess3,"a=0.01, x=0.02",1,6,0.98002181614435,real
Mess3,"a=0.01, x=0.02",2,6,0.9847311823158224,real
Mess3,"a=0.01, x=0.02",3,6,0.985757102735699,real
Mess3,"a=0.01, x=0.02",4,6,0.9857400287306844,real
Mess3,"a=0.01, x=0.02",5,6,0.9842793888110848,real
Mess3,"a=0.01, x=0.02",6,6,0.9829176307385068,real
Mess3,"a=0.01, x=0.02",7,6,0.9787234323587234,real
Mess3,"a=0.01, x=0.02",8,6,0.9734457076872756,real
Mess3,"a=0.01, x=0.02",9,6,0.9710471213025996,real
Mess3,"a=0.01, x=0.02",10,6,0.9670045500927698,real
Mess3,"a=0.01, x=0.02",11,6,0.966865863391836,real
Mess3,"a=0.01, x=0.02",12,6,0.9668373227384286,real
Mess3,"a=0.01, x=0.02",13,6,0.9671763446714708,real
Mess3,"a=0.01, x=0.02",14,6,0.9696319313838064,real
Mess3,"a=0.01, x=0.02",15,6,0.972250547131164,real
Mess3,"a=0.01, x=0.02",16,6,0.9730939828240692,real
Mess3,"a=0.01, x=0.02",17,6,0.9725901935034706,real
Mess3,"a=0.01, x=0.02",18,6,0.972549954061425,real
Mess3,"a=0.01, x=0.02",19,6,0.9728957476513884,real
Mess3,"a=0.01, x=0.02",20,6,0.9739379223872742,real
Mess3,"a=0.01, x=0.02",21,6,0.9748468846131256,real
Mess3,"a=0.01, x=0.02",22,6,0.9745517893730012,real
Mess3,"a=0.01, x=0.02",23,6,0.9754042119526096,real
Mess3,"a=0.01, x=0.02",24,6,0.9756824095423244,real
Mess3,"a=0.01, x=0.02",25,6,0.9761367763846645,real
Mess3,"a=0.01, x=0.02",26,6,0.976838027077126,real
Mess3,"a=0.01, x=0.02",27,6,0.9776243274771128,real
Mess3,"a=0.01, x=0.02",0,7,0.9520872061503148,real
Mess3,"a=0.01, x=0.02",1,7,0.9780623835533874,real
Mess3,"a=0.01, x=0.02",2,7,0.9829643935177343,real
Mess3,"a=0.01, x=0.02",3,7,0.9848014345721766,real
Mess3,"a=0.01, x=0.02",4,7,0.9864796738702712,real
Mess3,"a=0.01, x=0.02",5,7,0.9843256918416952,real
Mess3,"a=0.01, x=0.02",6,7,0.983563754294706,real
Mess3,"a=0.01, x=0.02",7,7,0.980186292883864,real
Mess3,"a=0.01, x=0.02",8,7,0.970936475540649,real
Mess3,"a=0.01, x=0.02",9,7,0.9698257351032792,real
Mess3,"a=0.01, x=0.02",10,7,0.9694187489501312,real
Mess3,"a=0.01, x=0.02",11,7,0.9677904475860064,real
Mess3,"a=0.01, x=0.02",12,7,0.9705226692446746,real
Mess3,"a=0.01, x=0.02",13,7,0.9710333299415242,real
Mess3,"a=0.01, x=0.02",14,7,0.9717643429551212,real
Mess3,"a=0.01, x=0.02",15,7,0.973372595247126,real
Mess3,"a=0.01, x=0.02",16,7,0.9741849585312018,real
Mess3,"a=0.01, x=0.02",17,7,0.9745564988713256,real
Mess3,"a=0.01, x=0.02",18,7,0.9742628996403478,real
Mess3,"a=0.01, x=0.02",19,7,0.9744973472829688,real
Mess3,"a=0.01, x=0.02",20,7,0.9755468374864842,real
Mess3,"a=0.01, x=0.02",21,7,0.9771827926271196,real
Mess3,"a=0.01, x=0.02",22,7,0.9780682972560945,real
Mess3,"a=0.01, x=0.02",23,7,0.978482949926879,real
Mess3,"a=0.01, x=0.02",24,7,0.9790301430727996,real
Mess3,"a=0.01, x=0.02",25,7,0.9796115315812184,real
Mess3,"a=0.01, x=0.02",26,7,0.97966520630548,real
Mess3,"a=0.01, x=0.02",27,7,0.98027702244337,real
Mess3,"a=0.01, x=0.02",0,8,0.9546914115590284,real
Mess3,"a=0.01, x=0.02",1,8,0.9786091912192948,real
Mess3,"a=0.01, x=0.02",2,8,0.9834625102692016,real
Mess3,"a=0.01, x=0.02",3,8,0.9849374227563796,real
Mess3,"a=0.01, x=0.02",4,8,0.986349518204595,real
Mess3,"a=0.01, x=0.02",5,8,0.9846228723029834,real
Mess3,"a=0.01, x=0.02",6,8,0.983529183071815,real
Mess3,"a=0.01, x=0.02",7,8,0.9798935277304668,real
Mess3,"a=0.01, x=0.02",8,8,0.9738811532925276,real
Mess3,"a=0.01, x=0.02",9,8,0.9714784438889452,real
Mess3,"a=0.01, x=0.02",10,8,0.9693027307605558,real
Mess3,"a=0.01, x=0.02",11,8,0.9685237488515778,real
Mess3,"a=0.01, x=0.02",12,8,0.9695782066234684,real
Mess3,"a=0.01, x=0.02",13,8,0.9704499906848458,real
Mess3,"a=0.01, x=0.02",14,8,0.9722088321238084,real
Mess3,"a=0.01, x=0.02",15,8,0.9745678464378862,real
Mess3,"a=0.01, x=0.02",16,8,0.975263112106312,real
Mess3,"a=0.01, x=0.02",17,8,0.9758100333736932,real
Mess3,"a=0.01, x=0.02",18,8,0.9754000496503994,real
Mess3,"a=0.01, x=0.02",19,8,0.9750680546740796,real
Mess3,"a=0.01, x=0.02",20,8,0.9761781473898116,real
Mess3,"a=0.01, x=0.02",21,8,0.9773237566265656,real
Mess3,"a=0.01, x=0.02",22,8,0.9784411223500156,real
Mess3,"a=0.01, x=0.02",23,8,0.9791370244066168,real
Mess3,"a=0.01, x=0.02",24,8,0.9794307897448196,real
Mess3,"a=0.01, x=0.02",25,8,0.9796588288409724,real
Mess3,"a=0.01, x=0.02",26,8,0.9797401243108184,real
Mess3,"a=0.01, x=0.02",27,8,0.9799964586156734,real
Mess3,"a=0.01, x=0.02",0,9,0.9483242905145582,real
Mess3,"a=0.01, x=0.02",1,9,0.9759356744883708,real
Mess3,"a=0.01, x=0.02",2,9,0.9815246155724704,real
Mess3,"a=0.01, x=0.02",3,9,0.9839952345817148,real
Mess3,"a=0.01, x=0.02",4,9,0.985757939117394,real
Mess3,"a=0.01, x=0.02",5,9,0.98465729345111,real
Mess3,"a=0.01, x=0.02",6,9,0.982826566952432,real
Mess3,"a=0.01, x=0.02",7,9,0.9790288314284616,real
Mess3,"a=0.01, x=0.02",8,9,0.9721773315647388,real
Mess3,"a=0.01, x=0.02",9,9,0.9699341007510048,real
Mess3,"a=0.01, x=0.02",10,9,0.9680307420554382,real
Mess3,"a=0.01, x=0.02",11,9,0.9674405345081856,real
Mess3,"a=0.01, x=0.02",12,9,0.9688648898122106,real
Mess3,"a=0.01, x=0.02",13,9,0.971388273901824,real
Mess3,"a=0.01, x=0.02",14,9,0.974311339330914,real
Mess3,"a=0.01, x=0.02",15,9,0.9761320283354572,real
Mess3,"a=0.01, x=0.02",16,9,0.9769270492062148,real
Mess3,"a=0.01, x=0.02",17,9,0.976502947455112,real
Mess3,"a=0.01, x=0.02",18,9,0.9763797265046936,real
Mess3,"a=0.01, x=0.02",19,9,0.9768229036520876,real
Mess3,"a=0.01, x=0.02",20,9,0.977371681455856,real
Mess3,"a=0.01, x=0.02",21,9,0.9785894375469104,real
Mess3,"a=0.01, x=0.02",22,9,0.9792463737333632,real
Mess3,"a=0.01, x=0.02",23,9,0.979760623135734,real
Mess3,"a=0.01, x=0.02",24,9,0.9797891829065476,real
Mess3,"a=0.01, x=0.02",25,9,0.979904922281561,real
Mess3,"a=0.01, x=0.02",26,9,0.9803551182637696,real
Mess3,"a=0.01, x=0.02",27,9,0.9809177421336414,real
Mess3,"a=0.05, x=0.02",0,0,0.9336943507196678,real
Mess3,"a=0.05, x=0.02",1,0,0.9539413035769264,real
Mess3,"a=0.05, x=0.02",2,0,0.963191567839516,real
Mess3,"a=0.05, x=0.02",3,0,0.9663933256684532,real
Mess3,"a=0.05, x=0.02",4,0,0.9649132737320988,real
Mess3,"a=0.05, x=0.02",5,0,0.95940697084629,real
Mess3,"a=0.05, x=0.02",6,0,0.9599670806980314,real
Mess3,"a=0.05, x=0.02",7,0,0.9545680408587648,real
Mess3,"a=0.05, x=0.02",8,0,0.9453138524398714,real
Mess3,"a=0.05, x=0.02",9,0,0.9411925520162524,real
Mess3,"a=0.05, x=0.02",10,0,0.9372848372198376,real
Mess3,"a=0.05, x=0.02",11,0,0.943006619148671,real
Mess3,"a=0.05, x=0.02",12,0,0.9476170991544662,real
Mess3,"a=0.05, x=0.02",13,0,0.9493560746638692,real
Mess3,"a=0.05, x=0.02",14,0,0.951896010840026,real
Mess3,"a=0.05, x=0.02",15,0,0.9520466851257648,real
Mess3,"a=0.05, x=0.02",16,0,0.9518518921707432,real
Mess3,"a=0.05, x=0.02",17,0,0.9518287259160836,real
Mess3,"a=0.05, x=0.02",18,0,0.9526686784646696,real
Mess3,"a=0.05, x=0.02",19,0,0.95372623234654,real
Mess3,"a=0.05, x=0.02",20,0,0.9550211539905848,real
Mess3,"a=0.05, x=0.02",21,0,0.95855196252092,real
Mess3,"a=0.05, x=0.02",22,0,0.957795961116846,real
Mess3,"a=0.05, x=0.02",23,0,0.9580430373166208,real
Mess3,"a=0.05, x=0.02",24,0,0.9584865793355044,real
Mess3,"a=0.05, x=0.02",25,0,0.9595868744786656,real
Mess3,"a=0.05, x=0.02",26,0,0.9609077962590696,real
Mess3,"a=0.05, x=0.02",27,0,0.961320627489488,real
Mess3,"a=0.05, x=0.02",0,1,0.9275228602573572,real
Mess3,"a=0.05, x=0.02",1,1,0.9502491425323,real
Mess3,"a=0.05, x=0.02",2,1,0.9603535233620886,real
Mess3,"a=0.05, x=0.02",3,1,0.963952682382062,real
Mess3,"a=0.05, x=0.02",4,1,0.9625358685016012,real
Mess3,"a=0.05, x=0.02",5,1,0.9554609999614132,real
Mess3,"a=0.05, x=0.02",6,1,0.9565174814172308,real
Mess3,"a=0.05, x=0.02",7,1,0.9504017740926548,real
Mess3,"a=0.05, x=0.02",8,1,0.9398681796263718,real
Mess3,"a=0.05, x=0.02",9,1,0.9329681402040532,real
Mess3,"a=0.05, x=0.02",10,1,0.9286806403603022,real
Mess3,"a=0.05, x=0.02",11,1,0.9373186746573796,real
Mess3,"a=0.05, x=0.02",12,1,0.9429640553099954,real
Mess3,"a=0.05, x=0.02",13,1,0.9431166486572634,real
Mess3,"a=0.05, x=0.02",14,1,0.9462413539919056,real
Mess3,"a=0.05, x=0.02",15,1,0.9477064649681444,real
Mess3,"a=0.05, x=0.02",16,1,0.9480300703705032,real
Mess3,"a=0.05, x=0.02",17,1,0.9467658243619196,real
Mess3,"a=0.05, x=0.02",18,1,0.9454667365099992,real
Mess3,"a=0.05, x=0.02",19,1,0.9458612951226922,real
Mess3,"a=0.05, x=0.02",20,1,0.9475272455911948,real
Mess3,"a=0.05, x=0.02",21,1,0.9507165055670864,real
Mess3,"a=0.05, x=0.02",22,1,0.9526409378462954,real
Mess3,"a=0.05, x=0.02",23,1,0.9528790266063628,real
Mess3,"a=0.05, x=0.02",24,1,0.9532016639438567,real
Mess3,"a=0.05, x=0.02",25,1,0.9527018197853164,real
Mess3,"a=0.05, x=0.02",26,1,0.95446931940896,real
Mess3,"a=0.05, x=0.02",27,1,0.9566819930016722,real
Mess3,"a=0.05, x=0.02",0,2,0.9311044915750598,real
Mess3,"a=0.05, x=0.02",1,2,0.9524657358885044,real
Mess3,"a=0.05, x=0.02",2,2,0.9613451691754458,real
Mess3,"a=0.05, x=0.02",3,2,0.9670738130303338,real
Mess3,"a=0.05, x=0.02",4,2,0.9667957278898625,real
Mess3,"a=0.05, x=0.02",5,2,0.9609632167064268,real
Mess3,"a=0.05, x=0.02",6,2,0.9564516257044549,real
Mess3,"a=0.05, x=0.02",7,2,0.950633323342878,real
Mess3,"a=0.05, x=0.02",8,2,0.9397190102064068,real
Mess3,"a=0.05, x=0.02",9,2,0.9381065317264664,real
Mess3,"a=0.05, x=0.02",10,2,0.9351564902467956,real
Mess3,"a=0.05, x=0.02",11,2,0.9402839622118652,real
Mess3,"a=0.05, x=0.02",12,2,0.944084107414254,real
Mess3,"a=0.05, x=0.02",13,2,0.945883280565076,real
Mess3,"a=0.05, x=0.02",14,2,0.949539681254256,real
Mess3,"a=0.05, x=0.02",15,2,0.9531600091918466,real
Mess3,"a=0.05, x=0.02",16,2,0.9530202120406868,real
Mess3,"a=0.05, x=0.02",17,2,0.9515041559710952,real
Mess3,"a=0.05, x=0.02",18,2,0.9501203344282476,real
Mess3,"a=0.05, x=0.02",19,2,0.9515682638211984,real
Mess3,"a=0.05, x=0.02",20,2,0.9510067463149884,real
Mess3,"a=0.05, x=0.02",21,2,0.9548710077750672,real
Mess3,"a=0.05, x=0.02",22,2,0.9557712039005284,real
Mess3,"a=0.05, x=0.02",23,2,0.9563912340077608,real
Mess3,"a=0.05, x=0.02",24,2,0.957049127682592,real
Mess3,"a=0.05, x=0.02",25,2,0.958379384489307,real
Mess3,"a=0.05, x=0.02",26,2,0.958488418280004,real
Mess3,"a=0.05, x=0.02",27,2,0.9602012749399296,real
Mess3,"a=0.05, x=0.02",0,3,0.9295938303924296,real
Mess3,"a=0.05, x=0.02",1,3,0.9505902557376744,real
Mess3,"a=0.05, x=0.02",2,3,0.9583046179827714,real
Mess3,"a=0.05, x=0.02",3,3,0.9657654722210168,real
Mess3,"a=0.05, x=0.02",4,3,0.963741529812882,real
Mess3,"a=0.05, x=0.02",5,3,0.9600353331423274,real
Mess3,"a=0.05, x=0.02",6,3,0.9544971789542244,real
Mess3,"a=0.05, x=0.02",7,3,0.9502124117458556,real
Mess3,"a=0.05, x=0.02",8,3,0.9437139545207708,real
Mess3,"a=0.05, x=0.02",9,3,0.9365476493669356,real
Mess3,"a=0.05, x=0.02",10,3,0.9332206399129604,real
Mess3,"a=0.05, x=0.02",11,3,0.9395622307304912,real
Mess3,"a=0.05, x=0.02",12,3,0.9464789056903586,real
Mess3,"a=0.05, x=0.02",13,3,0.9480108492520584,real
Mess3,"a=0.05, x=0.02",14,3,0.9507878680555624,real
Mess3,"a=0.05, x=0.02",15,3,0.9519702010121308,real
Mess3,"a=0.05, x=0.02",16,3,0.9515364420813118,real
Mess3,"a=0.05, x=0.02",17,3,0.9507812759875492,real
Mess3,"a=0.05, x=0.02",18,3,0.9513965755947732,real
Mess3,"a=0.05, x=0.02",19,3,0.9536396155002868,real
Mess3,"a=0.05, x=0.02",20,3,0.9547906821199912,real
Mess3,"a=0.05, x=0.02",21,3,0.957024490563615,real
Mess3,"a=0.05, x=0.02",22,3,0.9569675361226504,real
Mess3,"a=0.05, x=0.02",23,3,0.9575781814988568,real
Mess3,"a=0.05, x=0.02",24,3,0.958115728070256,real
Mess3,"a=0.05, x=0.02",25,3,0.9589763843633716,real
Mess3,"a=0.05, x=0.02",26,3,0.9587920032371544,real
Mess3,"a=0.05, x=0.02",27,3,0.9590784822785364,real
Mess3,"a=0.05, x=0.02",0,4,0.9278352253038302,real
Mess3,"a=0.05, x=0.02",1,4,0.9508589614416022,real
Mess3,"a=0.05, x=0.02",2,4,0.9602081172088736,real
Mess3,"a=0.05, x=0.02",3,4,0.9641288386122776,real
Mess3,"a=0.05, x=0.02",4,4,0.9613268274335132,real
Mess3,"a=0.05, x=0.02",5,4,0.95463905574352,real
Mess3,"a=0.05, x=0.02",6,4,0.9526880633685888,real
Mess3,"a=0.05, x=0.02",7,4,0.947055020489723,real
Mess3,"a=0.05, x=0.02",8,4,0.940653634290774,real
Mess3,"a=0.05, x=0.02",9,4,0.929221720632544,real
Mess3,"a=0.05, x=0.02",10,4,0.9275632372277002,real
Mess3,"a=0.05, x=0.02",11,4,0.9359274113766508,real
Mess3,"a=0.05, x=0.02",12,4,0.940740785279722,real
Mess3,"a=0.05, x=0.02",13,4,0.942720602292794,real
Mess3,"a=0.05, x=0.02",14,4,0.9466330966019614,real
Mess3,"a=0.05, x=0.02",15,4,0.9477845533869942,real
Mess3,"a=0.05, x=0.02",16,4,0.9481372027566184,real
Mess3,"a=0.05, x=0.02",17,4,0.94842331571452,real
Mess3,"a=0.05, x=0.02",18,4,0.946727043886148,real
Mess3,"a=0.05, x=0.02",19,4,0.9472651265092034,real
Mess3,"a=0.05, x=0.02",20,4,0.9484883787439412,real
Mess3,"a=0.05, x=0.02",21,4,0.9519000635956087,real
Mess3,"a=0.05, x=0.02",22,4,0.952323903732028,real
Mess3,"a=0.05, x=0.02",23,4,0.9533318931092312,real
Mess3,"a=0.05, x=0.02",24,4,0.9551990602512184,real
Mess3,"a=0.05, x=0.02",25,4,0.9555157991209988,real
Mess3,"a=0.05, x=0.02",26,4,0.9554240193269604,real
Mess3,"a=0.05, x=0.02",27,4,0.9561373833438918,real
Mess3,"a=0.05, x=0.02",0,5,0.934130007114413,real
Mess3,"a=0.05, x=0.02",1,5,0.9564758260286172,real
Mess3,"a=0.05, x=0.02",2,5,0.9637310366774002,real
Mess3,"a=0.05, x=0.02",3,5,0.9683050282617184,real
Mess3,"a=0.05, x=0.02",4,5,0.9678124497498132,real
Mess3,"a=0.05, x=0.02",5,5,0.9631695985187428,real
Mess3,"a=0.05, x=0.02",6,5,0.95972473707751,real
Mess3,"a=0.05, x=0.02",7,5,0.9561707651676176,real
Mess3,"a=0.05, x=0.02",8,5,0.9466048651301876,real
Mess3,"a=0.05, x=0.02",9,5,0.9427528758308594,real
Mess3,"a=0.05, x=0.02",10,5,0.941418353327559,real
Mess3,"a=0.05, x=0.02",11,5,0.9437214756292506,real
Mess3,"a=0.05, x=0.02",12,5,0.9481566035670708,real
Mess3,"a=0.05, x=0.02",13,5,0.9491649854671392,real
Mess3,"a=0.05, x=0.02",14,5,0.9546044964036068,real
Mess3,"a=0.05, x=0.02",15,5,0.955245832359296,real
Mess3,"a=0.05, x=0.02",16,5,0.9536213409418592,real
Mess3,"a=0.05, x=0.02",17,5,0.9538955296082546,real
Mess3,"a=0.05, x=0.02",18,5,0.9531475619116084,real
Mess3,"a=0.05, x=0.02",19,5,0.9557508974092186,real
Mess3,"a=0.05, x=0.02",20,5,0.9570331090457768,real
Mess3,"a=0.05, x=0.02",21,5,0.9600249291599048,real
Mess3,"a=0.05, x=0.02",22,5,0.960992777316846,real
Mess3,"a=0.05, x=0.02",23,5,0.9618881976415012,real
Mess3,"a=0.05, x=0.02",24,5,0.9616638706730788,real
Mess3,"a=0.05, x=0.02",25,5,0.9625946054777602,real
Mess3,"a=0.05, x=0.02",26,5,0.9628500833393014,real
Mess3,"a=0.05, x=0.02",27,5,0.9631584210192056,real
Mess3,"a=0.05, x=0.02",0,6,0.9257452683643256,real
Mess3,"a=0.05, x=0.02",1,6,0.9485253279016238,real
Mess3,"a=0.05, x=0.02",2,6,0.960128170329442,real
Mess3,"a=0.05, x=0.02",3,6,0.9644169570489204,real
Mess3,"a=0.05, x=0.02",4,6,0.9668036573865746,real
Mess3,"a=0.05, x=0.02",5,6,0.9560557666118478,real
Mess3,"a=0.05, x=0.02",6,6,0.9567766976317812,real
Mess3,"a=0.05, x=0.02",7,6,0.9488795210739752,real
Mess3,"a=0.05, x=0.02",8,6,0.9399039914189026,real
Mess3,"a=0.05, x=0.02",9,6,0.9392440808017368,real
Mess3,"a=0.05, x=0.02",10,6,0.9301647372146828,real
Mess3,"a=0.05, x=0.02",11,6,0.9354162265913664,real
Mess3,"a=0.05, x=0.02",12,6,0.9432900336332184,real
Mess3,"a=0.05, x=0.02",13,6,0.9465902021500224,real
Mess3,"a=0.05, x=0.02",14,6,0.9503112833013916,real
Mess3,"a=0.05, x=0.02",15,6,0.9514132799078546,real
Mess3,"a=0.05, x=0.02",16,6,0.9514065649657706,real
Mess3,"a=0.05, x=0.02",17,6,0.951434352095851,real
Mess3,"a=0.05, x=0.02",18,6,0.9499830141050708,real
Mess3,"a=0.05, x=0.02",19,6,0.9507287773433454,real
Mess3,"a=0.05, x=0.02",20,6,0.9517143057452994,real
Mess3,"a=0.05, x=0.02",21,6,0.9556625568017498,real
Mess3,"a=0.05, x=0.02",22,6,0.955782595348974,real
Mess3,"a=0.05, x=0.02",23,6,0.9569129692248092,real
Mess3,"a=0.05, x=0.02",24,6,0.9579771041804254,real
Mess3,"a=0.05, x=0.02",25,6,0.9592493053891924,real
Mess3,"a=0.05, x=0.02",26,6,0.95941676584379,real
Mess3,"a=0.05, x=0.02",27,6,0.958763072765591,real
Mess3,"a=0.05, x=0.02",0,7,0.9285452080551404,real
Mess3,"a=0.05, x=0.02",1,7,0.9523457916192616,real
Mess3,"a=0.05, x=0.02",2,7,0.959853263569105,real
Mess3,"a=0.05, x=0.02",3,7,0.9666717021480308,real
Mess3,"a=0.05, x=0.02",4,7,0.963226543781399,real
Mess3,"a=0.05, x=0.02",5,7,0.9593028024862248,real
Mess3,"a=0.05, x=0.02",6,7,0.9545897404687864,real
Mess3,"a=0.05, x=0.02",7,7,0.948624500865602,real
Mess3,"a=0.05, x=0.02",8,7,0.9407063050932164,real
Mess3,"a=0.05, x=0.02",9,7,0.937658724823442,real
Mess3,"a=0.05, x=0.02",10,7,0.9351577436154426,real
Mess3,"a=0.05, x=0.02",11,7,0.9422950132564936,real
Mess3,"a=0.05, x=0.02",12,7,0.9468606946069889,real
Mess3,"a=0.05, x=0.02",13,7,0.9480334249014294,real
Mess3,"a=0.05, x=0.02",14,7,0.949255147692175,real
Mess3,"a=0.05, x=0.02",15,7,0.9523017178948912,real
Mess3,"a=0.05, x=0.02",16,7,0.9524582231171924,real
Mess3,"a=0.05, x=0.02",17,7,0.950796713734094,real
Mess3,"a=0.05, x=0.02",18,7,0.9485410896976896,real
Mess3,"a=0.05, x=0.02",19,7,0.9498633693324628,real
Mess3,"a=0.05, x=0.02",20,7,0.9518593127673496,real
Mess3,"a=0.05, x=0.02",21,7,0.9543829653124298,real
Mess3,"a=0.05, x=0.02",22,7,0.9549837302811992,real
Mess3,"a=0.05, x=0.02",23,7,0.9552827143744256,real
Mess3,"a=0.05, x=0.02",24,7,0.9569362068807464,real
Mess3,"a=0.05, x=0.02",25,7,0.9580189520834372,real
Mess3,"a=0.05, x=0.02",26,7,0.9588616747964332,real
Mess3,"a=0.05, x=0.02",27,7,0.9605132872199524,real
Mess3,"a=0.05, x=0.02",0,8,0.9308481069917388,real
Mess3,"a=0.05, x=0.02",1,8,0.952323463921923,real
Mess3,"a=0.05, x=0.02",2,8,0.963186803595314,real
Mess3,"a=0.05, x=0.02",3,8,0.9665885240342904,real
Mess3,"a=0.05, x=0.02",4,8,0.9666776948397215,real
Mess3,"a=0.05, x=0.02",5,8,0.9586197309109988,real
Mess3,"a=0.05, x=0.02",6,8,0.9572104376371952,real
Mess3,"a=0.05, x=0.02",7,8,0.9548280613151762,real
Mess3,"a=0.05, x=0.02",8,8,0.9429252631893036,real
Mess3,"a=0.05, x=0.02",9,8,0.9360883935670392,real
Mess3,"a=0.05, x=0.02",10,8,0.9348975521684628,real
Mess3,"a=0.05, x=0.02",11,8,0.9414955532200496,real
Mess3,"a=0.05, x=0.02",12,8,0.9464610051942643,real
Mess3,"a=0.05, x=0.02",13,8,0.9487521618523298,real
Mess3,"a=0.05, x=0.02",14,8,0.9500746545687964,real
Mess3,"a=0.05, x=0.02",15,8,0.9517536232952906,real
Mess3,"a=0.05, x=0.02",16,8,0.9520587573211698,real
Mess3,"a=0.05, x=0.02",17,8,0.9512716573437754,real
Mess3,"a=0.05, x=0.02",18,8,0.9497964453772034,real
Mess3,"a=0.05, x=0.02",19,8,0.9520255907630878,real
Mess3,"a=0.05, x=0.02",20,8,0.9535135103041896,real
Mess3,"a=0.05, x=0.02",21,8,0.9564149646156848,real
Mess3,"a=0.05, x=0.02",22,8,0.9574259758622222,real
Mess3,"a=0.05, x=0.02",23,8,0.9585169792817396,real
Mess3,"a=0.05, x=0.02",24,8,0.960132300186521,real
Mess3,"a=0.05, x=0.02",25,8,0.9601459507857164,real
Mess3,"a=0.05, x=0.02",26,8,0.9604375399326543,real
Mess3,"a=0.05, x=0.02",27,8,0.961113210762342,real
Mess3,"a=0.05, x=0.02",0,9,0.927702936965357,real
Mess3,"a=0.05, x=0.02",1,9,0.948300225180096,real
Mess3,"a=0.05, x=0.02",2,9,0.96084373766054,real
Mess3,"a=0.05, x=0.02",3,9,0.9652817966481078,real
Mess3,"a=0.05, x=0.02",4,9,0.9637692012363268,real
Mess3,"a=0.05, x=0.02",5,9,0.9606941258887086,real
Mess3,"a=0.05, x=0.02",6,9,0.9576116226209254,real
Mess3,"a=0.05, x=0.02",7,9,0.9526720348110544,real
Mess3,"a=0.05, x=0.02",8,9,0.9432031796748428,real
Mess3,"a=0.05, x=0.02",9,9,0.939587040744696,real
Mess3,"a=0.05, x=0.02",10,9,0.9355327339454598,real
Mess3,"a=0.05, x=0.02",11,9,0.9396081248354738,real
Mess3,"a=0.05, x=0.02",12,9,0.946956047512472,real
Mess3,"a=0.05, x=0.02",13,9,0.9492906340422492,real
Mess3,"a=0.05, x=0.02",14,9,0.9518945485135398,real
Mess3,"a=0.05, x=0.02",15,9,0.952203653657242,real
Mess3,"a=0.05, x=0.02",16,9,0.9522702666767968,real
Mess3,"a=0.05, x=0.02",17,9,0.9523410513701416,real
Mess3,"a=0.05, x=0.02",18,9,0.9524335889596812,real
Mess3,"a=0.05, x=0.02",19,9,0.9536574318126124,real
Mess3,"a=0.05, x=0.02",20,9,0.9546714620460952,real
Mess3,"a=0.05, x=0.02",21,9,0.9571103404206196,real
Mess3,"a=0.05, x=0.02",22,9,0.9583073140159144,real
Mess3,"a=0.05, x=0.02",23,9,0.9580416812243312,real
Mess3,"a=0.05, x=0.02",24,9,0.9587548200806418,real
Mess3,"a=0.05, x=0.02",25,9,0.9595985557347656,real
Mess3,"a=0.05, x=0.02",26,9,0.9605630567470697,real
Mess3,"a=0.05, x=0.02",27,9,0.9611063064873056,real
Mess3,"a=0.1, x=0.02",0,0,0.901751396463414,real
Mess3,"a=0.1, x=0.02",1,0,0.9375698715246932,real
Mess3,"a=0.1, x=0.02",2,0,0.9461124301473964,real
Mess3,"a=0.1, x=0.02",3,0,0.9498339797071312,real
Mess3,"a=0.1, x=0.02",4,0,0.9449973344333936,real
Mess3,"a=0.1, x=0.02",5,0,0.932110263846314,real
Mess3,"a=0.1, x=0.02",6,0,0.930652821838313,real
Mess3,"a=0.1, x=0.02",7,0,0.9203273147184184,real
Mess3,"a=0.1, x=0.02",8,0,0.9110682970344788,real
Mess3,"a=0.1, x=0.02",9,0,0.9052520891449232,real
Mess3,"a=0.1, x=0.02",10,0,0.8980713314790066,real
Mess3,"a=0.1, x=0.02",11,0,0.9225718546692468,real
Mess3,"a=0.1, x=0.02",12,0,0.925708178964952,real
Mess3,"a=0.1, x=0.02",13,0,0.9277464102834064,real
Mess3,"a=0.1, x=0.02",14,0,0.9296288523839108,real
Mess3,"a=0.1, x=0.02",15,0,0.9325585737185688,real
Mess3,"a=0.1, x=0.02",16,0,0.9340635340396998,real
Mess3,"a=0.1, x=0.02",17,0,0.9315737026748926,real
Mess3,"a=0.1, x=0.02",18,0,0.9300071067760516,real
Mess3,"a=0.1, x=0.02",19,0,0.9300898499243324,real
Mess3,"a=0.1, x=0.02",20,0,0.9325157436407346,real
Mess3,"a=0.1, x=0.02",21,0,0.9373684245712977,real
Mess3,"a=0.1, x=0.02",22,0,0.9399199283048988,real
Mess3,"a=0.1, x=0.02",23,0,0.94104757503447,real
Mess3,"a=0.1, x=0.02",24,0,0.9415116262348768,real
Mess3,"a=0.1, x=0.02",25,0,0.9430466869187218,real
Mess3,"a=0.1, x=0.02",26,0,0.9443645172740658,real
Mess3,"a=0.1, x=0.02",27,0,0.9438948265260436,real
Mess3,"a=0.1, x=0.02",0,1,0.9019770339873984,real
Mess3,"a=0.1, x=0.02",1,1,0.9365203465820054,real
Mess3,"a=0.1, x=0.02",2,1,0.942537479456942,real
Mess3,"a=0.1, x=0.02",3,1,0.948353538830925,real
Mess3,"a=0.1, x=0.02",4,1,0.9467822210985994,real
Mess3,"a=0.1, x=0.02",5,1,0.9364790117883154,real
Mess3,"a=0.1, x=0.02",6,1,0.932922302206743,real
Mess3,"a=0.1, x=0.02",7,1,0.923063734490362,real
Mess3,"a=0.1, x=0.02",8,1,0.9135616898181912,real
Mess3,"a=0.1, x=0.02",9,1,0.9047418573173076,real
Mess3,"a=0.1, x=0.02",10,1,0.9045808438767706,real
Mess3,"a=0.1, x=0.02",11,1,0.9149630448554816,real
Mess3,"a=0.1, x=0.02",12,1,0.9233970354468634,real
Mess3,"a=0.1, x=0.02",13,1,0.9271170205981016,real
Mess3,"a=0.1, x=0.02",14,1,0.9286760402889273,real
Mess3,"a=0.1, x=0.02",15,1,0.933431552925212,real
Mess3,"a=0.1, x=0.02",16,1,0.9323468280498496,real
Mess3,"a=0.1, x=0.02",17,1,0.9304486039246572,real
Mess3,"a=0.1, x=0.02",18,1,0.9296760580933986,real
Mess3,"a=0.1, x=0.02",19,1,0.9321655965037032,real
Mess3,"a=0.1, x=0.02",20,1,0.9324637796033816,real
Mess3,"a=0.1, x=0.02",21,1,0.9372467042293644,real
Mess3,"a=0.1, x=0.02",22,1,0.938867026052288,real
Mess3,"a=0.1, x=0.02",23,1,0.9394875547163584,real
Mess3,"a=0.1, x=0.02",24,1,0.9395626176986308,real
Mess3,"a=0.1, x=0.02",25,1,0.9392490803321863,real
Mess3,"a=0.1, x=0.02",26,1,0.9416228949033824,real
Mess3,"a=0.1, x=0.02",27,1,0.9447978114208913,real
Mess3,"a=0.1, x=0.02",0,2,0.9008983205807268,real
Mess3,"a=0.1, x=0.02",1,2,0.9383551203975268,real
Mess3,"a=0.1, x=0.02",2,2,0.9446345039472314,real
Mess3,"a=0.1, x=0.02",3,2,0.9506590132413826,real
Mess3,"a=0.1, x=0.02",4,2,0.94811178570161,real
Mess3,"a=0.1, x=0.02",5,2,0.9380216152727818,real
Mess3,"a=0.1, x=0.02",6,2,0.9362357839814622,real
Mess3,"a=0.1, x=0.02",7,2,0.929323258282038,real
Mess3,"a=0.1, x=0.02",8,2,0.9133473705489872,real
Mess3,"a=0.1, x=0.02",9,2,0.9100305667097944,real
Mess3,"a=0.1, x=0.02",10,2,0.8999999937951573,real
Mess3,"a=0.1, x=0.02",11,2,0.9173309209318548,real
Mess3,"a=0.1, x=0.02",12,2,0.9271814965302934,real
Mess3,"a=0.1, x=0.02",13,2,0.9274108378581114,real
Mess3,"a=0.1, x=0.02",14,2,0.92994711902121,real
Mess3,"a=0.1, x=0.02",15,2,0.9305259067488254,real
Mess3,"a=0.1, x=0.02",16,2,0.9335338697130292,real
Mess3,"a=0.1, x=0.02",17,2,0.9330006358722804,real
Mess3,"a=0.1, x=0.02",18,2,0.9314851340655544,real
Mess3,"a=0.1, x=0.02",19,2,0.9349385220048128,real
Mess3,"a=0.1, x=0.02",20,2,0.9355016631874046,real
Mess3,"a=0.1, x=0.02",21,2,0.9401094000636864,real
Mess3,"a=0.1, x=0.02",22,2,0.940769098940188,real
Mess3,"a=0.1, x=0.02",23,2,0.9415446784249264,real
Mess3,"a=0.1, x=0.02",24,2,0.941767075499616,real
Mess3,"a=0.1, x=0.02",25,2,0.9425072822102278,real
Mess3,"a=0.1, x=0.02",26,2,0.9440776296557728,real
Mess3,"a=0.1, x=0.02",27,2,0.944979679346966,real
Mess3,"a=0.1, x=0.02",0,3,0.9093703534255976,real
Mess3,"a=0.1, x=0.02",1,3,0.941739961748826,real
Mess3,"a=0.1, x=0.02",2,3,0.9446475754093276,real
Mess3,"a=0.1, x=0.02",3,3,0.9497081895572116,real
Mess3,"a=0.1, x=0.02",4,3,0.9473505314249338,real
Mess3,"a=0.1, x=0.02",5,3,0.940726241062939,real
Mess3,"a=0.1, x=0.02",6,3,0.9312543417541702,real
Mess3,"a=0.1, x=0.02",7,3,0.9218078131852008,real
Mess3,"a=0.1, x=0.02",8,3,0.9157353351244178,real
Mess3,"a=0.1, x=0.02",9,3,0.9142459865645556,real
Mess3,"a=0.1, x=0.02",10,3,0.9083323657482985,real
Mess3,"a=0.1, x=0.02",11,3,0.9206649900419202,real
Mess3,"a=0.1, x=0.02",12,3,0.9282927475767462,real
Mess3,"a=0.1, x=0.02",13,3,0.9311869357370044,real
Mess3,"a=0.1, x=0.02",14,3,0.9359674608373568,real
Mess3,"a=0.1, x=0.02",15,3,0.9379285380479192,real
Mess3,"a=0.1, x=0.02",16,3,0.9348236061535272,real
Mess3,"a=0.1, x=0.02",17,3,0.933511914664694,real
Mess3,"a=0.1, x=0.02",18,3,0.9319971025263832,real
Mess3,"a=0.1, x=0.02",19,3,0.9345627089179074,real
Mess3,"a=0.1, x=0.02",20,3,0.9357073217840404,real
Mess3,"a=0.1, x=0.02",21,3,0.9369654505298736,real
Mess3,"a=0.1, x=0.02",22,3,0.9380074508999076,real
Mess3,"a=0.1, x=0.02",23,3,0.9391530334141566,real
Mess3,"a=0.1, x=0.02",24,3,0.9405712881993908,real
Mess3,"a=0.1, x=0.02",25,3,0.9419891509992162,real
Mess3,"a=0.1, x=0.02",26,3,0.9433478858947806,real
Mess3,"a=0.1, x=0.02",27,3,0.9444285484045865,real
Mess3,"a=0.1, x=0.02",0,4,0.902279347943488,real
Mess3,"a=0.1, x=0.02",1,4,0.93454676929767,real
Mess3,"a=0.1, x=0.02",2,4,0.9411138485706122,real
Mess3,"a=0.1, x=0.02",3,4,0.9485958032630014,real
Mess3,"a=0.1, x=0.02",4,4,0.9457086638779932,real
Mess3,"a=0.1, x=0.02",5,4,0.9347407587376484,real
Mess3,"a=0.1, x=0.02",6,4,0.9311671959774536,real
Mess3,"a=0.1, x=0.02",7,4,0.9232014748088102,real
Mess3,"a=0.1, x=0.02",8,4,0.9099642703821126,real
Mess3,"a=0.1, x=0.02",9,4,0.9014323615749298,real
Mess3,"a=0.1, x=0.02",10,4,0.9021361302296018,real
Mess3,"a=0.1, x=0.02",11,4,0.91351468537984,real
Mess3,"a=0.1, x=0.02",12,4,0.9249981204099768,real
Mess3,"a=0.1, x=0.02",13,4,0.9269624525885332,real
Mess3,"a=0.1, x=0.02",14,4,0.9300295155730768,real
Mess3,"a=0.1, x=0.02",15,4,0.9347475300280568,real
Mess3,"a=0.1, x=0.02",16,4,0.9319707777009916,real
Mess3,"a=0.1, x=0.02",17,4,0.9323231023953396,real
Mess3,"a=0.1, x=0.02",18,4,0.9313497358751192,real
Mess3,"a=0.1, x=0.02",19,4,0.9334391012003596,real
Mess3,"a=0.1, x=0.02",20,4,0.933296168429834,real
Mess3,"a=0.1, x=0.02",21,4,0.9390651524341292,real
Mess3,"a=0.1, x=0.02",22,4,0.93928887959939,real
Mess3,"a=0.1, x=0.02",23,4,0.9405533753416524,real
Mess3,"a=0.1, x=0.02",24,4,0.9413099155067296,real
Mess3,"a=0.1, x=0.02",25,4,0.9419007792403076,real
Mess3,"a=0.1, x=0.02",26,4,0.9437247483193728,real
Mess3,"a=0.1, x=0.02",27,4,0.9443602600871814,real
Mess3,"a=0.1, x=0.02",0,5,0.9070072185206856,real
Mess3,"a=0.1, x=0.02",1,5,0.9382244368526244,real
Mess3,"a=0.1, x=0.02",2,5,0.9422966933638685,real
Mess3,"a=0.1, x=0.02",3,5,0.948804723496264,real
Mess3,"a=0.1, x=0.02",4,5,0.9485442737333508,real
Mess3,"a=0.1, x=0.02",5,5,0.937590304910146,real
Mess3,"a=0.1, x=0.02",6,5,0.934745883744487,real
Mess3,"a=0.1, x=0.02",7,5,0.9300769615522546,real
Mess3,"a=0.1, x=0.02",8,5,0.9170014302821348,real
Mess3,"a=0.1, x=0.02",9,5,0.914504219542016,real
Mess3,"a=0.1, x=0.02",10,5,0.9133157693848318,real
Mess3,"a=0.1, x=0.02",11,5,0.9194396523701368,real
Mess3,"a=0.1, x=0.02",12,5,0.930860549589056,real
Mess3,"a=0.1, x=0.02",13,5,0.9285939718431556,real
Mess3,"a=0.1, x=0.02",14,5,0.9293651550136424,real
Mess3,"a=0.1, x=0.02",15,5,0.931804226462736,real
Mess3,"a=0.1, x=0.02",16,5,0.9310980561165532,real
Mess3,"a=0.1, x=0.02",17,5,0.930624993446288,real
Mess3,"a=0.1, x=0.02",18,5,0.9294675135111328,real
Mess3,"a=0.1, x=0.02",19,5,0.9304180114883952,real
Mess3,"a=0.1, x=0.02",20,5,0.9315292117299911,real
Mess3,"a=0.1, x=0.02",21,5,0.936139910743684,real
Mess3,"a=0.1, x=0.02",22,5,0.936476535613396,real
Mess3,"a=0.1, x=0.02",23,5,0.9359728330281925,real
Mess3,"a=0.1, x=0.02",24,5,0.9366314024524516,real
Mess3,"a=0.1, x=0.02",25,5,0.9368250934821498,real
Mess3,"a=0.1, x=0.02",26,5,0.9373015483538124,real
Mess3,"a=0.1, x=0.02",27,5,0.942293657684411,real
Mess3,"a=0.1, x=0.02",0,6,0.901493396446246,real
Mess3,"a=0.1, x=0.02",1,6,0.9372979615833512,real
Mess3,"a=0.1, x=0.02",2,6,0.9460021219608789,real
Mess3,"a=0.1, x=0.02",3,6,0.95032354471041,real
Mess3,"a=0.1, x=0.02",4,6,0.9484547435214964,real
Mess3,"a=0.1, x=0.02",5,6,0.9396865150937648,real
Mess3,"a=0.1, x=0.02",6,6,0.9352586539850116,real
Mess3,"a=0.1, x=0.02",7,6,0.9268069240504232,real
Mess3,"a=0.1, x=0.02",8,6,0.916284439060652,real
Mess3,"a=0.1, x=0.02",9,6,0.909248029637952,real
Mess3,"a=0.1, x=0.02",10,6,0.9027907480408832,real
Mess3,"a=0.1, x=0.02",11,6,0.9190761129281928,real
Mess3,"a=0.1, x=0.02",12,6,0.9277560337687452,real
Mess3,"a=0.1, x=0.02",13,6,0.9302892476943956,real
Mess3,"a=0.1, x=0.02",14,6,0.9339631836363224,real
Mess3,"a=0.1, x=0.02",15,6,0.9338683498167116,real
Mess3,"a=0.1, x=0.02",16,6,0.9334810562337812,real
Mess3,"a=0.1, x=0.02",17,6,0.9323135581691392,real
Mess3,"a=0.1, x=0.02",18,6,0.931487812739172,real
Mess3,"a=0.1, x=0.02",19,6,0.9309518267447732,real
Mess3,"a=0.1, x=0.02",20,6,0.9312946943875796,real
Mess3,"a=0.1, x=0.02",21,6,0.9354469899557531,real
Mess3,"a=0.1, x=0.02",22,6,0.9359578803405824,real
Mess3,"a=0.1, x=0.02",23,6,0.9365204468605935,real
Mess3,"a=0.1, x=0.02",24,6,0.9385843797570156,real
Mess3,"a=0.1, x=0.02",25,6,0.9388460631821314,real
Mess3,"a=0.1, x=0.02",26,6,0.9390577350576652,real
Mess3,"a=0.1, x=0.02",27,6,0.942337507698312,real
Mess3,"a=0.1, x=0.02",0,7,0.9045808211308488,real
Mess3,"a=0.1, x=0.02",1,7,0.935947029174528,real
Mess3,"a=0.1, x=0.02",2,7,0.9462701217585888,real
Mess3,"a=0.1, x=0.02",3,7,0.951309354793756,real
Mess3,"a=0.1, x=0.02",4,7,0.9491570803586288,real
Mess3,"a=0.1, x=0.02",5,7,0.9380344373523306,real
Mess3,"a=0.1, x=0.02",6,7,0.9311554217051788,real
Mess3,"a=0.1, x=0.02",7,7,0.9230575003763968,real
Mess3,"a=0.1, x=0.02",8,7,0.9138034810405152,real
Mess3,"a=0.1, x=0.02",9,7,0.9105216820807496,real
Mess3,"a=0.1, x=0.02",10,7,0.905258042621734,real
Mess3,"a=0.1, x=0.02",11,7,0.9220122419007412,real
Mess3,"a=0.1, x=0.02",12,7,0.9290901197806776,real
Mess3,"a=0.1, x=0.02",13,7,0.9312806190678854,real
Mess3,"a=0.1, x=0.02",14,7,0.9326971748218732,real
Mess3,"a=0.1, x=0.02",15,7,0.9309301061610102,real
Mess3,"a=0.1, x=0.02",16,7,0.9324961547345356,real
Mess3,"a=0.1, x=0.02",17,7,0.9317552634722645,real
Mess3,"a=0.1, x=0.02",18,7,0.9319970790277604,real
Mess3,"a=0.1, x=0.02",19,7,0.9328442015219216,real
Mess3,"a=0.1, x=0.02",20,7,0.9346888380004436,real
Mess3,"a=0.1, x=0.02",21,7,0.9358255414407136,real
Mess3,"a=0.1, x=0.02",22,7,0.9369837555037308,real
Mess3,"a=0.1, x=0.02",23,7,0.9382597058730344,real
Mess3,"a=0.1, x=0.02",24,7,0.9404139239447078,real
Mess3,"a=0.1, x=0.02",25,7,0.9408031214886534,real
Mess3,"a=0.1, x=0.02",26,7,0.9428717620791578,real
Mess3,"a=0.1, x=0.02",27,7,0.9447623404828228,real
Mess3,"a=0.1, x=0.02",0,8,0.9009863305038694,real
Mess3,"a=0.1, x=0.02",1,8,0.9351892067878772,real
Mess3,"a=0.1, x=0.02",2,8,0.9438956882285624,real
Mess3,"a=0.1, x=0.02",3,8,0.94733435371962,real
Mess3,"a=0.1, x=0.02",4,8,0.9440770243513512,real
Mess3,"a=0.1, x=0.02",5,8,0.9332630261522414,real
Mess3,"a=0.1, x=0.02",6,8,0.9295426972449992,real
Mess3,"a=0.1, x=0.02",7,8,0.9236651996450888,real
Mess3,"a=0.1, x=0.02",8,8,0.9157446452298608,real
Mess3,"a=0.1, x=0.02",9,8,0.9074290857274724,real
Mess3,"a=0.1, x=0.02",10,8,0.9070115600169284,real
Mess3,"a=0.1, x=0.02",11,8,0.9230044891847832,real
Mess3,"a=0.1, x=0.02",12,8,0.9290124629098152,real
Mess3,"a=0.1, x=0.02",13,8,0.9329034822106383,real
Mess3,"a=0.1, x=0.02",14,8,0.9356798651763236,real
Mess3,"a=0.1, x=0.02",15,8,0.9354865750285672,real
Mess3,"a=0.1, x=0.02",16,8,0.9367040972193736,real
Mess3,"a=0.1, x=0.02",17,8,0.9363166359343772,real
Mess3,"a=0.1, x=0.02",18,8,0.9352751059002112,real
Mess3,"a=0.1, x=0.02",19,8,0.937269307364591,real
Mess3,"a=0.1, x=0.02",20,8,0.9379472577867654,real
Mess3,"a=0.1, x=0.02",21,8,0.9413632813205582,real
Mess3,"a=0.1, x=0.02",22,8,0.9412835807869256,real
Mess3,"a=0.1, x=0.02",23,8,0.9415139938268696,real
Mess3,"a=0.1, x=0.02",24,8,0.9443384355601878,real
Mess3,"a=0.1, x=0.02",25,8,0.9443484535184462,real
Mess3,"a=0.1, x=0.02",26,8,0.9453614015105668,real
Mess3,"a=0.1, x=0.02",27,8,0.9460680869609842,real
Mess3,"a=0.1, x=0.02",0,9,0.8990982141264116,real
Mess3,"a=0.1, x=0.02",1,9,0.938603000958305,real
Mess3,"a=0.1, x=0.02",2,9,0.9411318272676622,real
Mess3,"a=0.1, x=0.02",3,9,0.9468393671821682,real
Mess3,"a=0.1, x=0.02",4,9,0.9420947407042176,real
Mess3,"a=0.1, x=0.02",5,9,0.9328174185480932,real
Mess3,"a=0.1, x=0.02",6,9,0.9286859966976404,real
Mess3,"a=0.1, x=0.02",7,9,0.9173411323895836,real
Mess3,"a=0.1, x=0.02",8,9,0.9043552986959594,real
Mess3,"a=0.1, x=0.02",9,9,0.8995650210310442,real
Mess3,"a=0.1, x=0.02",10,9,0.9005672754534487,real
Mess3,"a=0.1, x=0.02",11,9,0.9168704516345176,real
Mess3,"a=0.1, x=0.02",12,9,0.92442360910695,real
Mess3,"a=0.1, x=0.02",13,9,0.9260505628699396,real
Mess3,"a=0.1, x=0.02",14,9,0.9274256423657896,real
Mess3,"a=0.1, x=0.02",15,9,0.9289582866322078,real
Mess3,"a=0.1, x=0.02",16,9,0.927045164720137,real
Mess3,"a=0.1, x=0.02",17,9,0.9242904924020106,real
Mess3,"a=0.1, x=0.02",18,9,0.9236621253230888,real
Mess3,"a=0.1, x=0.02",19,9,0.9287832498977472,real
Mess3,"a=0.1, x=0.02",20,9,0.9315876005161132,real
Mess3,"a=0.1, x=0.02",21,9,0.9358511190808728,real
Mess3,"a=0.1, x=0.02",22,9,0.9353692765630294,real
Mess3,"a=0.1, x=0.02",23,9,0.9366188285070408,real
Mess3,"a=0.1, x=0.02",24,9,0.9379579810789518,real
Mess3,"a=0.1, x=0.02",25,9,0.938728264263866,real
Mess3,"a=0.1, x=0.02",26,9,0.940010524612152,real
Mess3,"a=0.1, x=0.02",27,9,0.9423696625317128,real
Mess3,"a=0.6, x=0.02",0,0,0.9251015288388228,real
Mess3,"a=0.6, x=0.02",1,0,0.9537088103749962,real
Mess3,"a=0.6, x=0.02",2,0,0.955418941742294,real
Mess3,"a=0.6, x=0.02",3,0,0.9553511265759688,real
Mess3,"a=0.6, x=0.02",4,0,0.951215762018776,real
Mess3,"a=0.6, x=0.02",5,0,0.945522159210898,real
Mess3,"a=0.6, x=0.02",6,0,0.943892773958702,real
Mess3,"a=0.6, x=0.02",7,0,0.9326381989525996,real
Mess3,"a=0.6, x=0.02",8,0,0.925307427682678,real
Mess3,"a=0.6, x=0.02",9,0,0.921609503088172,real
Mess3,"a=0.6, x=0.02",10,0,0.915820782278048,real
Mess3,"a=0.6, x=0.02",11,0,0.9290787383576464,real
Mess3,"a=0.6, x=0.02",12,0,0.9399084240278156,real
Mess3,"a=0.6, x=0.02",13,0,0.9382287934154194,real
Mess3,"a=0.6, x=0.02",14,0,0.9418552174696324,real
Mess3,"a=0.6, x=0.02",15,0,0.9430207009169896,real
Mess3,"a=0.6, x=0.02",16,0,0.94232420809027,real
Mess3,"a=0.6, x=0.02",17,0,0.940781889798062,real
Mess3,"a=0.6, x=0.02",18,0,0.9415122045015728,real
Mess3,"a=0.6, x=0.02",19,0,0.9442898997869682,real
Mess3,"a=0.6, x=0.02",20,0,0.9447525052829407,real
Mess3,"a=0.6, x=0.02",21,0,0.9479773360642813,real
Mess3,"a=0.6, x=0.02",22,0,0.9481281149980664,real
Mess3,"a=0.6, x=0.02",23,0,0.9480119078718215,real
Mess3,"a=0.6, x=0.02",24,0,0.9494476074380788,real
Mess3,"a=0.6, x=0.02",25,0,0.9495199543287888,real
Mess3,"a=0.6, x=0.02",26,0,0.9500946958983674,real
Mess3,"a=0.6, x=0.02",27,0,0.9503187591362992,real
Mess3,"a=0.6, x=0.02",0,1,0.9236188377538388,real
Mess3,"a=0.6, x=0.02",1,1,0.9495235235034996,real
Mess3,"a=0.6, x=0.02",2,1,0.9532866418337868,real
Mess3,"a=0.6, x=0.02",3,1,0.955322983609457,real
Mess3,"a=0.6, x=0.02",4,1,0.9527285179445282,real
Mess3,"a=0.6, x=0.02",5,1,0.9463884794528624,real
Mess3,"a=0.6, x=0.02",6,1,0.944169033791808,real
Mess3,"a=0.6, x=0.02",7,1,0.9392572877273072,real
Mess3,"a=0.6, x=0.02",8,1,0.9257724022336958,real
Mess3,"a=0.6, x=0.02",9,1,0.9228871855180372,real
Mess3,"a=0.6, x=0.02",10,1,0.9168257746763584,real
Mess3,"a=0.6, x=0.02",11,1,0.9305018077185476,real
Mess3,"a=0.6, x=0.02",12,1,0.943212532743184,real
Mess3,"a=0.6, x=0.02",13,1,0.94327875083174,real
Mess3,"a=0.6, x=0.02",14,1,0.944938198556352,real
Mess3,"a=0.6, x=0.02",15,1,0.9427679413696968,real
Mess3,"a=0.6, x=0.02",16,1,0.9429384112291224,real
Mess3,"a=0.6, x=0.02",17,1,0.9414321194841948,real
Mess3,"a=0.6, x=0.02",18,1,0.9408229278091756,real
Mess3,"a=0.6, x=0.02",19,1,0.9404883366883692,real
Mess3,"a=0.6, x=0.02",20,1,0.9398094420393004,real
Mess3,"a=0.6, x=0.02",21,1,0.9443017437061494,real
Mess3,"a=0.6, x=0.02",22,1,0.9460218610762504,real
Mess3,"a=0.6, x=0.02",23,1,0.9467310721234428,real
Mess3,"a=0.6, x=0.02",24,1,0.9483386887565592,real
Mess3,"a=0.6, x=0.02",25,1,0.949504446124302,real
Mess3,"a=0.6, x=0.02",26,1,0.9492155217431588,real
Mess3,"a=0.6, x=0.02",27,1,0.949465433304977,real
Mess3,"a=0.6, x=0.02",0,2,0.9272804401123586,real
Mess3,"a=0.6, x=0.02",1,2,0.9520509941877656,real
Mess3,"a=0.6, x=0.02",2,2,0.957180295743498,real
Mess3,"a=0.6, x=0.02",3,2,0.9598637659427112,real
Mess3,"a=0.6, x=0.02",4,2,0.9547446239423218,real
Mess3,"a=0.6, x=0.02",5,2,0.9498591675068742,real
Mess3,"a=0.6, x=0.02",6,2,0.946755612854278,real
Mess3,"a=0.6, x=0.02",7,2,0.9376561676312736,real
Mess3,"a=0.6, x=0.02",8,2,0.9314273284584874,real
Mess3,"a=0.6, x=0.02",9,2,0.9250663940101704,real
Mess3,"a=0.6, x=0.02",10,2,0.9201864805860056,real
Mess3,"a=0.6, x=0.02",11,2,0.934796731827914,real
Mess3,"a=0.6, x=0.02",12,2,0.9389940915816218,real
Mess3,"a=0.6, x=0.02",13,2,0.9372492590157264,real
Mess3,"a=0.6, x=0.02",14,2,0.940294467289348,real
Mess3,"a=0.6, x=0.02",15,2,0.9417791678623006,real
Mess3,"a=0.6, x=0.02",16,2,0.9417721193417804,real
Mess3,"a=0.6, x=0.02",17,2,0.9402686262234526,real
Mess3,"a=0.6, x=0.02",18,2,0.9409207749241372,real
Mess3,"a=0.6, x=0.02",19,2,0.9417062296245644,real
Mess3,"a=0.6, x=0.02",20,2,0.9415741027649236,real
Mess3,"a=0.6, x=0.02",21,2,0.94442259993823,real
Mess3,"a=0.6, x=0.02",22,2,0.9458220128864852,real
Mess3,"a=0.6, x=0.02",23,2,0.9463005911113556,real
Mess3,"a=0.6, x=0.02",24,2,0.9469358633693306,real
Mess3,"a=0.6, x=0.02",25,2,0.9459548661806532,real
Mess3,"a=0.6, x=0.02",26,2,0.9479062272410168,real
Mess3,"a=0.6, x=0.02",27,2,0.9491069077059248,real
Mess3,"a=0.6, x=0.02",0,3,0.920066373349218,real
Mess3,"a=0.6, x=0.02",1,3,0.9522704657721824,real
Mess3,"a=0.6, x=0.02",2,3,0.9567605938890926,real
Mess3,"a=0.6, x=0.02",3,3,0.9571763255264318,real
Mess3,"a=0.6, x=0.02",4,3,0.951214101715242,real
Mess3,"a=0.6, x=0.02",5,3,0.939569071061397,real
Mess3,"a=0.6, x=0.02",6,3,0.9379583802264329,real
Mess3,"a=0.6, x=0.02",7,3,0.9336853245266384,real
Mess3,"a=0.6, x=0.02",8,3,0.9197492909453564,real
Mess3,"a=0.6, x=0.02",9,3,0.912865035779313,real
Mess3,"a=0.6, x=0.02",10,3,0.90851544980974,real
Mess3,"a=0.6, x=0.02",11,3,0.9299008222779211,real
Mess3,"a=0.6, x=0.02",12,3,0.9385696488813382,real
Mess3,"a=0.6, x=0.02",13,3,0.9377686008625176,real
Mess3,"a=0.6, x=0.02",14,3,0.9414467223250969,real
Mess3,"a=0.6, x=0.02",15,3,0.9438945399651406,real
Mess3,"a=0.6, x=0.02",16,3,0.9422309895130996,real
Mess3,"a=0.6, x=0.02",17,3,0.9417926494711628,real
Mess3,"a=0.6, x=0.02",18,3,0.9400516113814308,real
Mess3,"a=0.6, x=0.02",19,3,0.9404297985990502,real
Mess3,"a=0.6, x=0.02",20,3,0.940808222469412,real
Mess3,"a=0.6, x=0.02",21,3,0.9425475233128768,real
Mess3,"a=0.6, x=0.02",22,3,0.9426860619796114,real
Mess3,"a=0.6, x=0.02",23,3,0.9442063407100718,real
Mess3,"a=0.6, x=0.02",24,3,0.9465380317737716,real
Mess3,"a=0.6, x=0.02",25,3,0.9478334258573844,real
Mess3,"a=0.6, x=0.02",26,3,0.9491127974746484,real
Mess3,"a=0.6, x=0.02",27,3,0.9478566124476588,real
Mess3,"a=0.6, x=0.02",0,4,0.9144338383942282,real
Mess3,"a=0.6, x=0.02",1,4,0.9496786026972068,real
Mess3,"a=0.6, x=0.02",2,4,0.9539900506589252,real
Mess3,"a=0.6, x=0.02",3,4,0.9533071661075088,real
Mess3,"a=0.6, x=0.02",4,4,0.9485540183172688,real
Mess3,"a=0.6, x=0.02",5,4,0.9407817411952702,real
Mess3,"a=0.6, x=0.02",6,4,0.934422892628462,real
Mess3,"a=0.6, x=0.02",7,4,0.9284278151285704,real
Mess3,"a=0.6, x=0.02",8,4,0.9155507029017392,real
Mess3,"a=0.6, x=0.02",9,4,0.9166085542419048,real
Mess3,"a=0.6, x=0.02",10,4,0.9066911386804204,real
Mess3,"a=0.6, x=0.02",11,4,0.9272934896534316,real
Mess3,"a=0.6, x=0.02",12,4,0.9343057979085804,real
Mess3,"a=0.6, x=0.02",13,4,0.9359220842265212,real
Mess3,"a=0.6, x=0.02",14,4,0.9384814970620684,real
Mess3,"a=0.6, x=0.02",15,4,0.9388853003255924,real
Mess3,"a=0.6, x=0.02",16,4,0.9380721749342052,real
Mess3,"a=0.6, x=0.02",17,4,0.939268608063308,real
Mess3,"a=0.6, x=0.02",18,4,0.9390367394885084,real
Mess3,"a=0.6, x=0.02",19,4,0.9401240701721476,real
Mess3,"a=0.6, x=0.02",20,4,0.9405761049322108,real
Mess3,"a=0.6, x=0.02",21,4,0.9428557718190071,real
Mess3,"a=0.6, x=0.02",22,4,0.9449290070289302,real
Mess3,"a=0.6, x=0.02",23,4,0.9454093225637064,real
Mess3,"a=0.6, x=0.02",24,4,0.9455254911168184,real
Mess3,"a=0.6, x=0.02",25,4,0.9448514541820724,real
Mess3,"a=0.6, x=0.02",26,4,0.9442583478788732,real
Mess3,"a=0.6, x=0.02",27,4,0.9465581180326108,real
Mess3,"a=0.6, x=0.02",0,5,0.9229921384707784,real
Mess3,"a=0.6, x=0.02",1,5,0.9543756281868994,real
Mess3,"a=0.6, x=0.02",2,5,0.958208475335067,real
Mess3,"a=0.6, x=0.02",3,5,0.9589000874056528,real
Mess3,"a=0.6, x=0.02",4,5,0.954111181079896,real
Mess3,"a=0.6, x=0.02",5,5,0.9461706603350876,real
Mess3,"a=0.6, x=0.02",6,5,0.942668715211384,real
Mess3,"a=0.6, x=0.02",7,5,0.939547544555305,real
Mess3,"a=0.6, x=0.02",8,5,0.9256778289860756,real
Mess3,"a=0.6, x=0.02",9,5,0.921900881853536,real
Mess3,"a=0.6, x=0.02",10,5,0.9167445303477262,real
Mess3,"a=0.6, x=0.02",11,5,0.933078336693878,real
Mess3,"a=0.6, x=0.02",12,5,0.9411385523662728,real
Mess3,"a=0.6, x=0.02",13,5,0.940807706201924,real
Mess3,"a=0.6, x=0.02",14,5,0.9439256369713016,real
Mess3,"a=0.6, x=0.02",15,5,0.9429466751463386,real
Mess3,"a=0.6, x=0.02",16,5,0.9422687514640672,real
Mess3,"a=0.6, x=0.02",17,5,0.9430078765529324,real
Mess3,"a=0.6, x=0.02",18,5,0.9432264172849796,real
Mess3,"a=0.6, x=0.02",19,5,0.9432408025947352,real
Mess3,"a=0.6, x=0.02",20,5,0.9444859830903664,real
Mess3,"a=0.6, x=0.02",21,5,0.9466335172524978,real
Mess3,"a=0.6, x=0.02",22,5,0.9461263286833884,real
Mess3,"a=0.6, x=0.02",23,5,0.946081598030864,real
Mess3,"a=0.6, x=0.02",24,5,0.9478193104652872,real
Mess3,"a=0.6, x=0.02",25,5,0.9490056782392652,real
Mess3,"a=0.6, x=0.02",26,5,0.9491151055456136,real
Mess3,"a=0.6, x=0.02",27,5,0.9502545508225332,real
Mess3,"a=0.6, x=0.02",0,6,0.91874887397508,real
Mess3,"a=0.6, x=0.02",1,6,0.9524058115754728,real
Mess3,"a=0.6, x=0.02",2,6,0.9571749569526212,real
Mess3,"a=0.6, x=0.02",3,6,0.955713824906764,real
Mess3,"a=0.6, x=0.02",4,6,0.95269671628982,real
Mess3,"a=0.6, x=0.02",5,6,0.9422456386180452,real
Mess3,"a=0.6, x=0.02",6,6,0.939181173665004,real
Mess3,"a=0.6, x=0.02",7,6,0.939415471234309,real
Mess3,"a=0.6, x=0.02",8,6,0.924820553293309,real
Mess3,"a=0.6, x=0.02",9,6,0.918875711320754,real
Mess3,"a=0.6, x=0.02",10,6,0.9155002999920256,real
Mess3,"a=0.6, x=0.02",11,6,0.9311270945118336,real
Mess3,"a=0.6, x=0.02",12,6,0.9386949418644146,real
Mess3,"a=0.6, x=0.02",13,6,0.9386167055474895,real
Mess3,"a=0.6, x=0.02",14,6,0.9408901577721772,real
Mess3,"a=0.6, x=0.02",15,6,0.9420379806359578,real
Mess3,"a=0.6, x=0.02",16,6,0.940604743418213,real
Mess3,"a=0.6, x=0.02",17,6,0.940390999100024,real
Mess3,"a=0.6, x=0.02",18,6,0.940309730163291,real
Mess3,"a=0.6, x=0.02",19,6,0.9411033008405262,real
Mess3,"a=0.6, x=0.02",20,6,0.9412265676060088,real
Mess3,"a=0.6, x=0.02",21,6,0.9441421335635382,real
Mess3,"a=0.6, x=0.02",22,6,0.9454076959135684,real
Mess3,"a=0.6, x=0.02",23,6,0.9455987140426224,real
Mess3,"a=0.6, x=0.02",24,6,0.9454103171519068,real
Mess3,"a=0.6, x=0.02",25,6,0.9470655632360828,real
Mess3,"a=0.6, x=0.02",26,6,0.9480708529688872,real
Mess3,"a=0.6, x=0.02",27,6,0.9476785321740392,real
Mess3,"a=0.6, x=0.02",0,7,0.9176588703509864,real
Mess3,"a=0.6, x=0.02",1,7,0.947842518982312,real
Mess3,"a=0.6, x=0.02",2,7,0.95265728708974,real
Mess3,"a=0.6, x=0.02",3,7,0.9533623472423116,real
Mess3,"a=0.6, x=0.02",4,7,0.9487759365487604,real
Mess3,"a=0.6, x=0.02",5,7,0.9412834455263922,real
Mess3,"a=0.6, x=0.02",6,7,0.9403635284742248,real
Mess3,"a=0.6, x=0.02",7,7,0.933264003355866,real
Mess3,"a=0.6, x=0.02",8,7,0.9248329952737264,real
Mess3,"a=0.6, x=0.02",9,7,0.9171555451028208,real
Mess3,"a=0.6, x=0.02",10,7,0.9135779824192182,real
Mess3,"a=0.6, x=0.02",11,7,0.927450465309314,real
Mess3,"a=0.6, x=0.02",12,7,0.9389838631843584,real
Mess3,"a=0.6, x=0.02",13,7,0.93569890101608,real
Mess3,"a=0.6, x=0.02",14,7,0.9410791871613726,real
Mess3,"a=0.6, x=0.02",15,7,0.9398636098978872,real
Mess3,"a=0.6, x=0.02",16,7,0.940815385640298,real
Mess3,"a=0.6, x=0.02",17,7,0.9398115740371568,real
Mess3,"a=0.6, x=0.02",18,7,0.9384140710350798,real
Mess3,"a=0.6, x=0.02",19,7,0.9412120000477776,real
Mess3,"a=0.6, x=0.02",20,7,0.9427657630911248,real
Mess3,"a=0.6, x=0.02",21,7,0.943895653095159,real
Mess3,"a=0.6, x=0.02",22,7,0.9437705683068824,real
Mess3,"a=0.6, x=0.02",23,7,0.9458194343225635,real
Mess3,"a=0.6, x=0.02",24,7,0.9459077081291432,real
Mess3,"a=0.6, x=0.02",25,7,0.9469549653125104,real
Mess3,"a=0.6, x=0.02",26,7,0.9466805284563924,real
Mess3,"a=0.6, x=0.02",27,7,0.9478772954238892,real
Mess3,"a=0.6, x=0.02",0,8,0.920039157465477,real
Mess3,"a=0.6, x=0.02",1,8,0.9477983775441696,real
Mess3,"a=0.6, x=0.02",2,8,0.9523474974251191,real
Mess3,"a=0.6, x=0.02",3,8,0.9523849568179056,real
Mess3,"a=0.6, x=0.02",4,8,0.9475692771297856,real
Mess3,"a=0.6, x=0.02",5,8,0.9425930293997178,real
Mess3,"a=0.6, x=0.02",6,8,0.9394231316186366,real
Mess3,"a=0.6, x=0.02",7,8,0.9330752314712756,real
Mess3,"a=0.6, x=0.02",8,8,0.9257079420007356,real
Mess3,"a=0.6, x=0.02",9,8,0.9174389147688106,real
Mess3,"a=0.6, x=0.02",10,8,0.911245633897862,real
Mess3,"a=0.6, x=0.02",11,8,0.924720706268566,real
Mess3,"a=0.6, x=0.02",12,8,0.9340362083474028,real
Mess3,"a=0.6, x=0.02",13,8,0.93533676194028,real
Mess3,"a=0.6, x=0.02",14,8,0.9393784375327966,real
Mess3,"a=0.6, x=0.02",15,8,0.9407055363437264,real
Mess3,"a=0.6, x=0.02",16,8,0.940965671916363,real
Mess3,"a=0.6, x=0.02",17,8,0.9381030189601476,real
Mess3,"a=0.6, x=0.02",18,8,0.9375747945152664,real
Mess3,"a=0.6, x=0.02",19,8,0.9397750435140584,real
Mess3,"a=0.6, x=0.02",20,8,0.9381405972201836,real
Mess3,"a=0.6, x=0.02",21,8,0.9417362342647856,real
Mess3,"a=0.6, x=0.02",22,8,0.9439843165254178,real
Mess3,"a=0.6, x=0.02",23,8,0.9448300786183668,real
Mess3,"a=0.6, x=0.02",24,8,0.9460721333152828,real
Mess3,"a=0.6, x=0.02",25,8,0.9452558178818876,real
Mess3,"a=0.6, x=0.02",26,8,0.9446579642440396,real
Mess3,"a=0.6, x=0.02",27,8,0.9454373065597604,real
Mess3,"a=0.6, x=0.02",0,9,0.9204429585482232,real
Mess3,"a=0.6, x=0.02",1,9,0.9528720187714648,real
Mess3,"a=0.6, x=0.02",2,9,0.9568765952611584,real
Mess3,"a=0.6, x=0.02",3,9,0.9625449764375608,real
Mess3,"a=0.6, x=0.02",4,9,0.9546060955077396,real
Mess3,"a=0.6, x=0.02",5,9,0.945552884035958,real
Mess3,"a=0.6, x=0.02",6,9,0.9428618461866096,real
Mess3,"a=0.6, x=0.02",7,9,0.93578264815953,real
Mess3,"a=0.6, x=0.02",8,9,0.9276420007085774,real
Mess3,"a=0.6, x=0.02",9,9,0.9216603448956844,real
Mess3,"a=0.6, x=0.02",10,9,0.9191786589737504,real
Mess3,"a=0.6, x=0.02",11,9,0.9291421562014772,real
Mess3,"a=0.6, x=0.02",12,9,0.9369950128094516,real
Mess3,"a=0.6, x=0.02",13,9,0.9343567662162348,real
Mess3,"a=0.6, x=0.02",14,9,0.9390175411383804,real
Mess3,"a=0.6, x=0.02",15,9,0.937059618269794,real
Mess3,"a=0.6, x=0.02",16,9,0.935992359534768,real
Mess3,"a=0.6, x=0.02",17,9,0.935917980265215,real
Mess3,"a=0.6, x=0.02",18,9,0.937323389540542,real
Mess3,"a=0.6, x=0.02",19,9,0.9402244347809834,real
Mess3,"a=0.6, x=0.02",20,9,0.9407925314946068,real
Mess3,"a=0.6, x=0.02",21,9,0.9422533538807806,real
Mess3,"a=0.6, x=0.02",22,9,0.943258375282304,real
Mess3,"a=0.6, x=0.02",23,9,0.9435101420529344,real
Mess3,"a=0.6, x=0.02",24,9,0.9425429102468932,real
Mess3,"a=0.6, x=0.02",25,9,0.9441818866037688,real
Mess3,"a=0.6, x=0.02",26,9,0.9443949598733592,real
Mess3,"a=0.6, x=0.02",27,9,0.9464923854995873,real
Mess3,"a=0.7, x=0.02",0,0,0.9426180501297547,real
Mess3,"a=0.7, x=0.02",1,0,0.9708214861840766,real
Mess3,"a=0.7, x=0.02",2,0,0.9744047024123194,real
Mess3,"a=0.7, x=0.02",3,0,0.9749604218342768,real
Mess3,"a=0.7, x=0.02",4,0,0.9745467415612682,real
Mess3,"a=0.7, x=0.02",5,0,0.96820464107087,real
Mess3,"a=0.7, x=0.02",6,0,0.9666664494865196,real
Mess3,"a=0.7, x=0.02",7,0,0.9617240819878496,real
Mess3,"a=0.7, x=0.02",8,0,0.9529464991648952,real
Mess3,"a=0.7, x=0.02",9,0,0.9500610748344354,real
Mess3,"a=0.7, x=0.02",10,0,0.9451719886800596,real
Mess3,"a=0.7, x=0.02",11,0,0.9505255931750822,real
Mess3,"a=0.7, x=0.02",12,0,0.954604673754538,real
Mess3,"a=0.7, x=0.02",13,0,0.952265406115322,real
Mess3,"a=0.7, x=0.02",14,0,0.9545574745652609,real
Mess3,"a=0.7, x=0.02",15,0,0.9544812060076896,real
Mess3,"a=0.7, x=0.02",16,0,0.9562227144527868,real
Mess3,"a=0.7, x=0.02",17,0,0.9557458734994408,real
Mess3,"a=0.7, x=0.02",18,0,0.9548423068837464,real
Mess3,"a=0.7, x=0.02",19,0,0.9558835634909664,real
Mess3,"a=0.7, x=0.02",20,0,0.95517735447386,real
Mess3,"a=0.7, x=0.02",21,0,0.9568804870203146,real
Mess3,"a=0.7, x=0.02",22,0,0.9583674864389604,real
Mess3,"a=0.7, x=0.02",23,0,0.958578016485606,real
Mess3,"a=0.7, x=0.02",24,0,0.9594275394046994,real
Mess3,"a=0.7, x=0.02",25,0,0.9596992242702846,real
Mess3,"a=0.7, x=0.02",26,0,0.9599392860956404,real
Mess3,"a=0.7, x=0.02",27,0,0.9623756807514492,real
Mess3,"a=0.7, x=0.02",0,1,0.9414029111317436,real
Mess3,"a=0.7, x=0.02",1,1,0.9671659649517668,real
Mess3,"a=0.7, x=0.02",2,1,0.9715769202804158,real
Mess3,"a=0.7, x=0.02",3,1,0.9732519398798488,real
Mess3,"a=0.7, x=0.02",4,1,0.9707063253790326,real
Mess3,"a=0.7, x=0.02",5,1,0.9686289390320424,real
Mess3,"a=0.7, x=0.02",6,1,0.9669393663277266,real
Mess3,"a=0.7, x=0.02",7,1,0.9614408486037098,real
Mess3,"a=0.7, x=0.02",8,1,0.95395506528671,real
Mess3,"a=0.7, x=0.02",9,1,0.9480865648640084,real
Mess3,"a=0.7, x=0.02",10,1,0.9434855178182916,real
Mess3,"a=0.7, x=0.02",11,1,0.9491871468112714,real
Mess3,"a=0.7, x=0.02",12,1,0.950026402983574,real
Mess3,"a=0.7, x=0.02",13,1,0.9520988402316706,real
Mess3,"a=0.7, x=0.02",14,1,0.9538309163481103,real
Mess3,"a=0.7, x=0.02",15,1,0.956853613967215,real
Mess3,"a=0.7, x=0.02",16,1,0.9576447770832384,real
Mess3,"a=0.7, x=0.02",17,1,0.9574367730499816,real
Mess3,"a=0.7, x=0.02",18,1,0.957189313932376,real
Mess3,"a=0.7, x=0.02",19,1,0.9577623369601576,real
Mess3,"a=0.7, x=0.02",20,1,0.957165544904301,real
Mess3,"a=0.7, x=0.02",21,1,0.9594944756705972,real
Mess3,"a=0.7, x=0.02",22,1,0.9606339410103466,real
Mess3,"a=0.7, x=0.02",23,1,0.9609183013771214,real
Mess3,"a=0.7, x=0.02",24,1,0.9612937318402288,real
Mess3,"a=0.7, x=0.02",25,1,0.9619742037275444,real
Mess3,"a=0.7, x=0.02",26,1,0.962089234806884,real
Mess3,"a=0.7, x=0.02",27,1,0.9637779374546068,real
Mess3,"a=0.7, x=0.02",0,2,0.9429173598214272,real
Mess3,"a=0.7, x=0.02",1,2,0.969621082396612,real
Mess3,"a=0.7, x=0.02",2,2,0.976527920897002,real
Mess3,"a=0.7, x=0.02",3,2,0.9762469428367208,real
Mess3,"a=0.7, x=0.02",4,2,0.975017395109912,real
Mess3,"a=0.7, x=0.02",5,2,0.97126250686489,real
Mess3,"a=0.7, x=0.02",6,2,0.9684172103086368,real
Mess3,"a=0.7, x=0.02",7,2,0.9631111685254446,real
Mess3,"a=0.7, x=0.02",8,2,0.955869563521972,real
Mess3,"a=0.7, x=0.02",9,2,0.9470718889891196,real
Mess3,"a=0.7, x=0.02",10,2,0.9466870585314912,real
Mess3,"a=0.7, x=0.02",11,2,0.95159198459465,real
Mess3,"a=0.7, x=0.02",12,2,0.953999857919522,real
Mess3,"a=0.7, x=0.02",13,2,0.9528913560610106,real
Mess3,"a=0.7, x=0.02",14,2,0.9571228913147334,real
Mess3,"a=0.7, x=0.02",15,2,0.95762534311119,real
Mess3,"a=0.7, x=0.02",16,2,0.9567202633024888,real
Mess3,"a=0.7, x=0.02",17,2,0.9564569661461848,real
Mess3,"a=0.7, x=0.02",18,2,0.9562006346994588,real
Mess3,"a=0.7, x=0.02",19,2,0.9580350409853686,real
Mess3,"a=0.7, x=0.02",20,2,0.958216741019784,real
Mess3,"a=0.7, x=0.02",21,2,0.9603949334028172,real
Mess3,"a=0.7, x=0.02",22,2,0.959649469162937,real
Mess3,"a=0.7, x=0.02",23,2,0.9603095992943904,real
Mess3,"a=0.7, x=0.02",24,2,0.9618152049241768,real
Mess3,"a=0.7, x=0.02",25,2,0.9618510333346864,real
Mess3,"a=0.7, x=0.02",26,2,0.9623616256792984,real
Mess3,"a=0.7, x=0.02",27,2,0.9631928073082758,real
Mess3,"a=0.7, x=0.02",0,3,0.93883905047653,real
Mess3,"a=0.7, x=0.02",1,3,0.9686826504475918,real
Mess3,"a=0.7, x=0.02",2,3,0.9709333174385142,real
Mess3,"a=0.7, x=0.02",3,3,0.9730659934326944,real
Mess3,"a=0.7, x=0.02",4,3,0.9727461845596036,real
Mess3,"a=0.7, x=0.02",5,3,0.963710741437756,real
Mess3,"a=0.7, x=0.02",6,3,0.961318424136548,real
Mess3,"a=0.7, x=0.02",7,3,0.9572263031119108,real
Mess3,"a=0.7, x=0.02",8,3,0.9505322131810824,real
Mess3,"a=0.7, x=0.02",9,3,0.94256024680083,real
Mess3,"a=0.7, x=0.02",10,3,0.9390506551715224,real
Mess3,"a=0.7, x=0.02",11,3,0.9460572309563382,real
Mess3,"a=0.7, x=0.02",12,3,0.950469637373838,real
Mess3,"a=0.7, x=0.02",13,3,0.9504806251077832,real
Mess3,"a=0.7, x=0.02",14,3,0.9506125420209238,real
Mess3,"a=0.7, x=0.02",15,3,0.9522074259200224,real
Mess3,"a=0.7, x=0.02",16,3,0.9529523395778876,real
Mess3,"a=0.7, x=0.02",17,3,0.9521235413451976,real
Mess3,"a=0.7, x=0.02",18,3,0.9509464135694504,real
Mess3,"a=0.7, x=0.02",19,3,0.9521902883030952,real
Mess3,"a=0.7, x=0.02",20,3,0.9518943161029254,real
Mess3,"a=0.7, x=0.02",21,3,0.9549632102802864,real
Mess3,"a=0.7, x=0.02",22,3,0.9565973397495204,real
Mess3,"a=0.7, x=0.02",23,3,0.957026404135812,real
Mess3,"a=0.7, x=0.02",24,3,0.9578655832342172,real
Mess3,"a=0.7, x=0.02",25,3,0.9573852940408206,real
Mess3,"a=0.7, x=0.02",26,3,0.9586294807560204,real
Mess3,"a=0.7, x=0.02",27,3,0.9608618754573734,real
Mess3,"a=0.7, x=0.02",0,4,0.9404076505092628,real
Mess3,"a=0.7, x=0.02",1,4,0.969622090123458,real
Mess3,"a=0.7, x=0.02",2,4,0.9740610355885376,real
Mess3,"a=0.7, x=0.02",3,4,0.9740145504204089,real
Mess3,"a=0.7, x=0.02",4,4,0.9736010690446364,real
Mess3,"a=0.7, x=0.02",5,4,0.9691571129140152,real
Mess3,"a=0.7, x=0.02",6,4,0.9663767479544602,real
Mess3,"a=0.7, x=0.02",7,4,0.9625710606519912,real
Mess3,"a=0.7, x=0.02",8,4,0.9552892141924074,real
Mess3,"a=0.7, x=0.02",9,4,0.9500182032562606,real
Mess3,"a=0.7, x=0.02",10,4,0.9429380303313516,real
Mess3,"a=0.7, x=0.02",11,4,0.9509218427894752,real
Mess3,"a=0.7, x=0.02",12,4,0.9561267966259104,real
Mess3,"a=0.7, x=0.02",13,4,0.9568911208278458,real
Mess3,"a=0.7, x=0.02",14,4,0.9571286200981088,real
Mess3,"a=0.7, x=0.02",15,4,0.9575209123212278,real
Mess3,"a=0.7, x=0.02",16,4,0.9592535021351168,real
Mess3,"a=0.7, x=0.02",17,4,0.9582495321314588,real
Mess3,"a=0.7, x=0.02",18,4,0.9570995645143754,real
Mess3,"a=0.7, x=0.02",19,4,0.9574700901553256,real
Mess3,"a=0.7, x=0.02",20,4,0.9582402639693088,real
Mess3,"a=0.7, x=0.02",21,4,0.960490557002235,real
Mess3,"a=0.7, x=0.02",22,4,0.9611399559935108,real
Mess3,"a=0.7, x=0.02",23,4,0.9621854423424744,real
Mess3,"a=0.7, x=0.02",24,4,0.9626695835169948,real
Mess3,"a=0.7, x=0.02",25,4,0.9627333434514606,real
Mess3,"a=0.7, x=0.02",26,4,0.963657155359269,real
Mess3,"a=0.7, x=0.02",27,4,0.9650677612699512,real
Mess3,"a=0.7, x=0.02",0,5,0.9490601198776538,real
Mess3,"a=0.7, x=0.02",1,5,0.9707105612858772,real
Mess3,"a=0.7, x=0.02",2,5,0.974306096505353,real
Mess3,"a=0.7, x=0.02",3,5,0.9764620979011738,real
Mess3,"a=0.7, x=0.02",4,5,0.9755027329430864,real
Mess3,"a=0.7, x=0.02",5,5,0.970942681538438,real
Mess3,"a=0.7, x=0.02",6,5,0.9668702491211753,real
Mess3,"a=0.7, x=0.02",7,5,0.9643928622417812,real
Mess3,"a=0.7, x=0.02",8,5,0.9560762742279664,real
Mess3,"a=0.7, x=0.02",9,5,0.9497143597751864,real
Mess3,"a=0.7, x=0.02",10,5,0.9492825336857896,real
Mess3,"a=0.7, x=0.02",11,5,0.95486882234196,real
Mess3,"a=0.7, x=0.02",12,5,0.9562836089895436,real
Mess3,"a=0.7, x=0.02",13,5,0.9566203757817604,real
Mess3,"a=0.7, x=0.02",14,5,0.9562218921804068,real
Mess3,"a=0.7, x=0.02",15,5,0.9594693108792282,real
Mess3,"a=0.7, x=0.02",16,5,0.9592320564284316,real
Mess3,"a=0.7, x=0.02",17,5,0.9588997511948804,real
Mess3,"a=0.7, x=0.02",18,5,0.9593491382857045,real
Mess3,"a=0.7, x=0.02",19,5,0.9598117695645138,real
Mess3,"a=0.7, x=0.02",20,5,0.9605958884999952,real
Mess3,"a=0.7, x=0.02",21,5,0.9635333821312057,real
Mess3,"a=0.7, x=0.02",22,5,0.963873844183844,real
Mess3,"a=0.7, x=0.02",23,5,0.9642098319061796,real
Mess3,"a=0.7, x=0.02",24,5,0.9648083278636668,real
Mess3,"a=0.7, x=0.02",25,5,0.965151357015423,real
Mess3,"a=0.7, x=0.02",26,5,0.9653780961514254,real
Mess3,"a=0.7, x=0.02",27,5,0.9673390703869118,real
Mess3,"a=0.7, x=0.02",0,6,0.9475068825708952,real
Mess3,"a=0.7, x=0.02",1,6,0.9709809608315052,real
Mess3,"a=0.7, x=0.02",2,6,0.9758857191847872,real
Mess3,"a=0.7, x=0.02",3,6,0.9782454760871256,real
Mess3,"a=0.7, x=0.02",4,6,0.9772728712944114,real
Mess3,"a=0.7, x=0.02",5,6,0.9711885044828656,real
Mess3,"a=0.7, x=0.02",6,6,0.967932927929636,real
Mess3,"a=0.7, x=0.02",7,6,0.9618658784840473,real
Mess3,"a=0.7, x=0.02",8,6,0.954676389739419,real
Mess3,"a=0.7, x=0.02",9,6,0.950323986443692,real
Mess3,"a=0.7, x=0.02",10,6,0.9478402113994442,real
Mess3,"a=0.7, x=0.02",11,6,0.9509513112822122,real
Mess3,"a=0.7, x=0.02",12,6,0.9563176482457294,real
Mess3,"a=0.7, x=0.02",13,6,0.9575020115206834,real
Mess3,"a=0.7, x=0.02",14,6,0.958021881284006,real
Mess3,"a=0.7, x=0.02",15,6,0.9584675775878508,real
Mess3,"a=0.7, x=0.02",16,6,0.959225238612376,real
Mess3,"a=0.7, x=0.02",17,6,0.95924217357593,real
Mess3,"a=0.7, x=0.02",18,6,0.9596160286547316,real
Mess3,"a=0.7, x=0.02",19,6,0.959245825308766,real
Mess3,"a=0.7, x=0.02",20,6,0.9585539837219954,real
Mess3,"a=0.7, x=0.02",21,6,0.9614189467262858,real
Mess3,"a=0.7, x=0.02",22,6,0.962525304113285,real
Mess3,"a=0.7, x=0.02",23,6,0.9631643321462218,real
Mess3,"a=0.7, x=0.02",24,6,0.9631245580941024,real
Mess3,"a=0.7, x=0.02",25,6,0.963844146967312,real
Mess3,"a=0.7, x=0.02",26,6,0.9634590845565504,real
Mess3,"a=0.7, x=0.02",27,6,0.9648702838941992,real
Mess3,"a=0.7, x=0.02",0,7,0.9427646565285174,real
Mess3,"a=0.7, x=0.02",1,7,0.9661552832682444,real
Mess3,"a=0.7, x=0.02",2,7,0.9712776246229144,real
Mess3,"a=0.7, x=0.02",3,7,0.9741803596670264,real
Mess3,"a=0.7, x=0.02",4,7,0.9720740363897652,real
Mess3,"a=0.7, x=0.02",5,7,0.9671129382758632,real
Mess3,"a=0.7, x=0.02",6,7,0.9657488414539128,real
Mess3,"a=0.7, x=0.02",7,7,0.9591541121496484,real
Mess3,"a=0.7, x=0.02",8,7,0.9552902181837418,real
Mess3,"a=0.7, x=0.02",9,7,0.94944564041816,real
Mess3,"a=0.7, x=0.02",10,7,0.9464804810740856,real
Mess3,"a=0.7, x=0.02",11,7,0.9519649200587382,real
Mess3,"a=0.7, x=0.02",12,7,0.9581253433795124,real
Mess3,"a=0.7, x=0.02",13,7,0.9585199587191212,real
Mess3,"a=0.7, x=0.02",14,7,0.9594067894091404,real
Mess3,"a=0.7, x=0.02",15,7,0.95962368556948,real
Mess3,"a=0.7, x=0.02",16,7,0.9596211784057588,real
Mess3,"a=0.7, x=0.02",17,7,0.960697705587262,real
Mess3,"a=0.7, x=0.02",18,7,0.959754196690394,real
Mess3,"a=0.7, x=0.02",19,7,0.9600366174726628,real
Mess3,"a=0.7, x=0.02",20,7,0.9604196876290884,real
Mess3,"a=0.7, x=0.02",21,7,0.9623597146095944,real
Mess3,"a=0.7, x=0.02",22,7,0.9615172872159145,real
Mess3,"a=0.7, x=0.02",23,7,0.961509125684582,real
Mess3,"a=0.7, x=0.02",24,7,0.9619059832031284,real
Mess3,"a=0.7, x=0.02",25,7,0.9619812837252248,real
Mess3,"a=0.7, x=0.02",26,7,0.9616745414165184,real
Mess3,"a=0.7, x=0.02",27,7,0.9639588651645884,real
Mess3,"a=0.7, x=0.02",0,8,0.9423964718774498,real
Mess3,"a=0.7, x=0.02",1,8,0.968220397035652,real
Mess3,"a=0.7, x=0.02",2,8,0.9725727500340586,real
Mess3,"a=0.7, x=0.02",3,8,0.9741260679129684,real
Mess3,"a=0.7, x=0.02",4,8,0.9720618910425324,real
Mess3,"a=0.7, x=0.02",5,8,0.9699216697656255,real
Mess3,"a=0.7, x=0.02",6,8,0.9688871986042774,real
Mess3,"a=0.7, x=0.02",7,8,0.9635650792074624,real
Mess3,"a=0.7, x=0.02",8,8,0.957480891017373,real
Mess3,"a=0.7, x=0.02",9,8,0.9503717312050396,real
Mess3,"a=0.7, x=0.02",10,8,0.9486488497942162,real
Mess3,"a=0.7, x=0.02",11,8,0.9534044533136734,real
Mess3,"a=0.7, x=0.02",12,8,0.9587775540582532,real
Mess3,"a=0.7, x=0.02",13,8,0.9575674762947712,real
Mess3,"a=0.7, x=0.02",14,8,0.9560606566001132,real
Mess3,"a=0.7, x=0.02",15,8,0.9562765844905026,real
Mess3,"a=0.7, x=0.02",16,8,0.9563529404601092,real
Mess3,"a=0.7, x=0.02",17,8,0.955893784220924,real
Mess3,"a=0.7, x=0.02",18,8,0.9564430303000292,real
Mess3,"a=0.7, x=0.02",19,8,0.9570795726059708,real
Mess3,"a=0.7, x=0.02",20,8,0.959346773634502,real
Mess3,"a=0.7, x=0.02",21,8,0.9620256562080038,real
Mess3,"a=0.7, x=0.02",22,8,0.9635473054715205,real
Mess3,"a=0.7, x=0.02",23,8,0.9637956610203788,real
Mess3,"a=0.7, x=0.02",24,8,0.9644411194686796,real
Mess3,"a=0.7, x=0.02",25,8,0.9654286366017246,real
Mess3,"a=0.7, x=0.02",26,8,0.9663313897425486,real
Mess3,"a=0.7, x=0.02",27,8,0.9654599246500656,real
Mess3,"a=0.7, x=0.02",0,9,0.9441363670329548,real
Mess3,"a=0.7, x=0.02",1,9,0.9697910242592308,real
Mess3,"a=0.7, x=0.02",2,9,0.9730553021858313,real
Mess3,"a=0.7, x=0.02",3,9,0.9746973768501662,real
Mess3,"a=0.7, x=0.02",4,9,0.973735700716362,real
Mess3,"a=0.7, x=0.02",5,9,0.9697853115389332,real
Mess3,"a=0.7, x=0.02",6,9,0.9676377760393016,real
Mess3,"a=0.7, x=0.02",7,9,0.963242925321219,real
Mess3,"a=0.7, x=0.02",8,9,0.9567297593395098,real
Mess3,"a=0.7, x=0.02",9,9,0.9518494340992406,real
Mess3,"a=0.7, x=0.02",10,9,0.948226165874284,real
Mess3,"a=0.7, x=0.02",11,9,0.953534711210826,real
Mess3,"a=0.7, x=0.02",12,9,0.9569358728104194,real
Mess3,"a=0.7, x=0.02",13,9,0.9552290868144374,real
Mess3,"a=0.7, x=0.02",14,9,0.9564163723083566,real
Mess3,"a=0.7, x=0.02",15,9,0.9563245091394332,real
Mess3,"a=0.7, x=0.02",16,9,0.955434453363584,real
Mess3,"a=0.7, x=0.02",17,9,0.9568827223502367,real
Mess3,"a=0.7, x=0.02",18,9,0.955332391839819,real
Mess3,"a=0.7, x=0.02",19,9,0.9560542917238048,real
Mess3,"a=0.7, x=0.02",20,9,0.9554348473442942,real
Mess3,"a=0.7, x=0.02",21,9,0.9594390867080628,real
Mess3,"a=0.7, x=0.02",22,9,0.9601861192781852,real
Mess3,"a=0.7, x=0.02",23,9,0.9608119453244076,real
Mess3,"a=0.7, x=0.02",24,9,0.9615980189205297,real
Mess3,"a=0.7, x=0.02",25,9,0.9622791992565322,real
Mess3,"a=0.7, x=0.02",26,9,0.9641028908203284,real
Mess3,"a=0.7, x=0.02",27,9,0.9660549113405508,real
Mess3,"a=0.8, x=0.02",0,0,0.97086484597036,real
Mess3,"a=0.8, x=0.02",1,0,0.985530896704968,real
Mess3,"a=0.8, x=0.02",2,0,0.9895212616811092,real
Mess3,"a=0.8, x=0.02",3,0,0.9906061389837892,real
Mess3,"a=0.8, x=0.02",4,0,0.9903101156778068,real
Mess3,"a=0.8, x=0.02",5,0,0.9878389202310416,real
Mess3,"a=0.8, x=0.02",6,0,0.985534080499456,real
Mess3,"a=0.8, x=0.02",7,0,0.982600974367787,real
Mess3,"a=0.8, x=0.02",8,0,0.9775218756744042,real
Mess3,"a=0.8, x=0.02",9,0,0.97060171414282,real
Mess3,"a=0.8, x=0.02",10,0,0.9693355041774524,real
Mess3,"a=0.8, x=0.02",11,0,0.9702470025052152,real
Mess3,"a=0.8, x=0.02",12,0,0.9716217701390656,real
Mess3,"a=0.8, x=0.02",13,0,0.9727983343000984,real
Mess3,"a=0.8, x=0.02",14,0,0.974386163709089,real
Mess3,"a=0.8, x=0.02",15,0,0.9750747018633824,real
Mess3,"a=0.8, x=0.02",16,0,0.9745356905413846,real
Mess3,"a=0.8, x=0.02",17,0,0.974064403318554,real
Mess3,"a=0.8, x=0.02",18,0,0.9737988165169512,real
Mess3,"a=0.8, x=0.02",19,0,0.9738890956903216,real
Mess3,"a=0.8, x=0.02",20,0,0.9736897253911688,real
Mess3,"a=0.8, x=0.02",21,0,0.9754772480283131,real
Mess3,"a=0.8, x=0.02",22,0,0.9762606256130298,real
Mess3,"a=0.8, x=0.02",23,0,0.9765511225511634,real
Mess3,"a=0.8, x=0.02",24,0,0.977266611896005,real
Mess3,"a=0.8, x=0.02",25,0,0.9776975347778476,real
Mess3,"a=0.8, x=0.02",26,0,0.9775509981610532,real
Mess3,"a=0.8, x=0.02",27,0,0.977990329685889,real
Mess3,"a=0.8, x=0.02",0,1,0.967943353845048,real
Mess3,"a=0.8, x=0.02",1,1,0.9844057607818544,real
Mess3,"a=0.8, x=0.02",2,1,0.9873347148826216,real
Mess3,"a=0.8, x=0.02",3,1,0.9886245810653832,real
Mess3,"a=0.8, x=0.02",4,1,0.9887836607539318,real
Mess3,"a=0.8, x=0.02",5,1,0.9862142226138966,real
Mess3,"a=0.8, x=0.02",6,1,0.9845893467044148,real
Mess3,"a=0.8, x=0.02",7,1,0.9814987242347664,real
Mess3,"a=0.8, x=0.02",8,1,0.975731433388724,real
Mess3,"a=0.8, x=0.02",9,1,0.9717573765777894,real
Mess3,"a=0.8, x=0.02",10,1,0.9702254123512244,real
Mess3,"a=0.8, x=0.02",11,1,0.9702456757499086,real
Mess3,"a=0.8, x=0.02",12,1,0.9709490148690764,real
Mess3,"a=0.8, x=0.02",13,1,0.9707266574315218,real
Mess3,"a=0.8, x=0.02",14,1,0.9727334761040048,real
Mess3,"a=0.8, x=0.02",15,1,0.973615982240414,real
Mess3,"a=0.8, x=0.02",16,1,0.9736805538781252,real
Mess3,"a=0.8, x=0.02",17,1,0.9732169047070346,real
Mess3,"a=0.8, x=0.02",18,1,0.9731574707013756,real
Mess3,"a=0.8, x=0.02",19,1,0.9730392852998698,real
Mess3,"a=0.8, x=0.02",20,1,0.9726760393640924,real
Mess3,"a=0.8, x=0.02",21,1,0.9739767938956972,real
Mess3,"a=0.8, x=0.02",22,1,0.9754110221215854,real
Mess3,"a=0.8, x=0.02",23,1,0.9755494113288554,real
Mess3,"a=0.8, x=0.02",24,1,0.975777238674138,real
Mess3,"a=0.8, x=0.02",25,1,0.9762808873355466,real
Mess3,"a=0.8, x=0.02",26,1,0.9763624375379516,real
Mess3,"a=0.8, x=0.02",27,1,0.9774918732593088,real
Mess3,"a=0.8, x=0.02",0,2,0.969384301527764,real
Mess3,"a=0.8, x=0.02",1,2,0.9876500786681977,real
Mess3,"a=0.8, x=0.02",2,2,0.9897406540912758,real
Mess3,"a=0.8, x=0.02",3,2,0.9898543721195288,real
Mess3,"a=0.8, x=0.02",4,2,0.9898942727992746,real
Mess3,"a=0.8, x=0.02",5,2,0.9879843223203384,real
Mess3,"a=0.8, x=0.02",6,2,0.986729440123786,real
Mess3,"a=0.8, x=0.02",7,2,0.9833695115982244,real
Mess3,"a=0.8, x=0.02",8,2,0.9779029657362112,real
Mess3,"a=0.8, x=0.02",9,2,0.9729874561892572,real
Mess3,"a=0.8, x=0.02",10,2,0.9704696858404052,real
Mess3,"a=0.8, x=0.02",11,2,0.9704347854736972,real
Mess3,"a=0.8, x=0.02",12,2,0.9716557510014882,real
Mess3,"a=0.8, x=0.02",13,2,0.971431407865883,real
Mess3,"a=0.8, x=0.02",14,2,0.9731053472060271,real
Mess3,"a=0.8, x=0.02",15,2,0.973121333661383,real
Mess3,"a=0.8, x=0.02",16,2,0.9734685135779264,real
Mess3,"a=0.8, x=0.02",17,2,0.9749268976053423,real
Mess3,"a=0.8, x=0.02",18,2,0.973708703160122,real
Mess3,"a=0.8, x=0.02",19,2,0.9741784380217782,real
Mess3,"a=0.8, x=0.02",20,2,0.9740406584871872,real
Mess3,"a=0.8, x=0.02",21,2,0.9767778553002068,real
Mess3,"a=0.8, x=0.02",22,2,0.9768675045489392,real
Mess3,"a=0.8, x=0.02",23,2,0.9773127724243276,real
Mess3,"a=0.8, x=0.02",24,2,0.9778190150260462,real
Mess3,"a=0.8, x=0.02",25,2,0.9789239205607868,real
Mess3,"a=0.8, x=0.02",26,2,0.9796671398162876,real
Mess3,"a=0.8, x=0.02",27,2,0.9797859599821348,real
Mess3,"a=0.8, x=0.02",0,3,0.9678581012494204,real
Mess3,"a=0.8, x=0.02",1,3,0.9858086559117032,real
Mess3,"a=0.8, x=0.02",2,3,0.987770443709533,real
Mess3,"a=0.8, x=0.02",3,3,0.9884213215107404,real
Mess3,"a=0.8, x=0.02",4,3,0.9873961916317466,real
Mess3,"a=0.8, x=0.02",5,3,0.9845366203820892,real
Mess3,"a=0.8, x=0.02",6,3,0.9836170849854268,real
Mess3,"a=0.8, x=0.02",7,3,0.980015534044528,real
Mess3,"a=0.8, x=0.02",8,3,0.9734000871957912,real
Mess3,"a=0.8, x=0.02",9,3,0.9692603873202552,real
Mess3,"a=0.8, x=0.02",10,3,0.9662195803285484,real
Mess3,"a=0.8, x=0.02",11,3,0.966180735704716,real
Mess3,"a=0.8, x=0.02",12,3,0.9680212688136604,real
Mess3,"a=0.8, x=0.02",13,3,0.969987419310767,real
Mess3,"a=0.8, x=0.02",14,3,0.9696910653828767,real
Mess3,"a=0.8, x=0.02",15,3,0.9694588556311894,real
Mess3,"a=0.8, x=0.02",16,3,0.969983521045915,real
Mess3,"a=0.8, x=0.02",17,3,0.9698859786254818,real
Mess3,"a=0.8, x=0.02",18,3,0.9698404342086596,real
Mess3,"a=0.8, x=0.02",19,3,0.9704746203485456,real
Mess3,"a=0.8, x=0.02",20,3,0.970836310314476,real
Mess3,"a=0.8, x=0.02",21,3,0.97227106762589,real
Mess3,"a=0.8, x=0.02",22,3,0.973635307377848,real
Mess3,"a=0.8, x=0.02",23,3,0.9738401919716008,real
Mess3,"a=0.8, x=0.02",24,3,0.9745064557951836,real
Mess3,"a=0.8, x=0.02",25,3,0.9748806724341986,real
Mess3,"a=0.8, x=0.02",26,3,0.9755219556543536,real
Mess3,"a=0.8, x=0.02",27,3,0.9760746736544264,real
Mess3,"a=0.8, x=0.02",0,4,0.9671014568219204,real
Mess3,"a=0.8, x=0.02",1,4,0.9861429066735964,real
Mess3,"a=0.8, x=0.02",2,4,0.9890542441836326,real
Mess3,"a=0.8, x=0.02",3,4,0.9900082742900168,real
Mess3,"a=0.8, x=0.02",4,4,0.9898078774257124,real
Mess3,"a=0.8, x=0.02",5,4,0.9867259066522044,real
Mess3,"a=0.8, x=0.02",6,4,0.9854614716157912,real
Mess3,"a=0.8, x=0.02",7,4,0.9821877540665892,real
Mess3,"a=0.8, x=0.02",8,4,0.978772157812522,real
Mess3,"a=0.8, x=0.02",9,4,0.9739925862585722,real
Mess3,"a=0.8, x=0.02",10,4,0.9729394804255224,real
Mess3,"a=0.8, x=0.02",11,4,0.9733463266104392,real
Mess3,"a=0.8, x=0.02",12,4,0.9728070937260668,real
Mess3,"a=0.8, x=0.02",13,4,0.9719529390325292,real
Mess3,"a=0.8, x=0.02",14,4,0.9733773759988278,real
Mess3,"a=0.8, x=0.02",15,4,0.9738055782973926,real
Mess3,"a=0.8, x=0.02",16,4,0.9746047199728298,real
Mess3,"a=0.8, x=0.02",17,4,0.975020849705635,real
Mess3,"a=0.8, x=0.02",18,4,0.9745230225949552,real
Mess3,"a=0.8, x=0.02",19,4,0.9747615914458004,real
Mess3,"a=0.8, x=0.02",20,4,0.9744220860255024,real
Mess3,"a=0.8, x=0.02",21,4,0.9761190308835712,real
Mess3,"a=0.8, x=0.02",22,4,0.9768701069269198,real
Mess3,"a=0.8, x=0.02",23,4,0.9767983130783546,real
Mess3,"a=0.8, x=0.02",24,4,0.976962153501908,real
Mess3,"a=0.8, x=0.02",25,4,0.9776508809788635,real
Mess3,"a=0.8, x=0.02",26,4,0.9779601564644776,real
Mess3,"a=0.8, x=0.02",27,4,0.9785421518934786,real
Mess3,"a=0.8, x=0.02",0,5,0.9709035251108968,real
Mess3,"a=0.8, x=0.02",1,5,0.9837494387127208,real
Mess3,"a=0.8, x=0.02",2,5,0.987708471922785,real
Mess3,"a=0.8, x=0.02",3,5,0.9880492337767188,real
Mess3,"a=0.8, x=0.02",4,5,0.987994999629588,real
Mess3,"a=0.8, x=0.02",5,5,0.9854649405224468,real
Mess3,"a=0.8, x=0.02",6,5,0.9845563468173312,real
Mess3,"a=0.8, x=0.02",7,5,0.9797052844913868,real
Mess3,"a=0.8, x=0.02",8,5,0.9764054822459352,real
Mess3,"a=0.8, x=0.02",9,5,0.9717242367248944,real
Mess3,"a=0.8, x=0.02",10,5,0.9685163155061942,real
Mess3,"a=0.8, x=0.02",11,5,0.9703498804099022,real
Mess3,"a=0.8, x=0.02",12,5,0.9719077077405484,real
Mess3,"a=0.8, x=0.02",13,5,0.9726968719856794,real
Mess3,"a=0.8, x=0.02",14,5,0.9744424432967558,real
Mess3,"a=0.8, x=0.02",15,5,0.9754622871643992,real
Mess3,"a=0.8, x=0.02",16,5,0.9752150013758152,real
Mess3,"a=0.8, x=0.02",17,5,0.9754556651084172,real
Mess3,"a=0.8, x=0.02",18,5,0.9751461444666524,real
Mess3,"a=0.8, x=0.02",19,5,0.9755830962193806,real
Mess3,"a=0.8, x=0.02",20,5,0.9759752829492642,real
Mess3,"a=0.8, x=0.02",21,5,0.977653201189551,real
Mess3,"a=0.8, x=0.02",22,5,0.9784006600889592,real
Mess3,"a=0.8, x=0.02",23,5,0.978383379244239,real
Mess3,"a=0.8, x=0.02",24,5,0.9785156351579768,real
Mess3,"a=0.8, x=0.02",25,5,0.978584388125051,real
Mess3,"a=0.8, x=0.02",26,5,0.9787407056874088,real
Mess3,"a=0.8, x=0.02",27,5,0.9784583007018168,real
Mess3,"a=0.8, x=0.02",0,6,0.969900268492253,real
Mess3,"a=0.8, x=0.02",1,6,0.986487815910306,real
Mess3,"a=0.8, x=0.02",2,6,0.9893931188656868,real
Mess3,"a=0.8, x=0.02",3,6,0.9897830053745128,real
Mess3,"a=0.8, x=0.02",4,6,0.9897771570677638,real
Mess3,"a=0.8, x=0.02",5,6,0.9868858900485804,real
Mess3,"a=0.8, x=0.02",6,6,0.9856325172302512,real
Mess3,"a=0.8, x=0.02",7,6,0.982575389861347,real
Mess3,"a=0.8, x=0.02",8,6,0.9772408516181944,real
Mess3,"a=0.8, x=0.02",9,6,0.975340701656487,real
Mess3,"a=0.8, x=0.02",10,6,0.971810645469566,real
Mess3,"a=0.8, x=0.02",11,6,0.9712417269296616,real
Mess3,"a=0.8, x=0.02",12,6,0.973352999397516,real
Mess3,"a=0.8, x=0.02",13,6,0.972875934372528,real
Mess3,"a=0.8, x=0.02",14,6,0.9744135440154706,real
Mess3,"a=0.8, x=0.02",15,6,0.9748924724759996,real
Mess3,"a=0.8, x=0.02",16,6,0.9761011583961344,real
Mess3,"a=0.8, x=0.02",17,6,0.9763881493493044,real
Mess3,"a=0.8, x=0.02",18,6,0.976489575307068,real
Mess3,"a=0.8, x=0.02",19,6,0.9769853713235548,real
Mess3,"a=0.8, x=0.02",20,6,0.976881832135075,real
Mess3,"a=0.8, x=0.02",21,6,0.978007279738856,real
Mess3,"a=0.8, x=0.02",22,6,0.9784614511271984,real
Mess3,"a=0.8, x=0.02",23,6,0.9784368745639342,real
Mess3,"a=0.8, x=0.02",24,6,0.9787706319145492,real
Mess3,"a=0.8, x=0.02",25,6,0.9788713321899788,real
Mess3,"a=0.8, x=0.02",26,6,0.9788414114686224,real
Mess3,"a=0.8, x=0.02",27,6,0.9790161459286932,real
Mess3,"a=0.8, x=0.02",0,7,0.970854232276843,real
Mess3,"a=0.8, x=0.02",1,7,0.9864329194226056,real
Mess3,"a=0.8, x=0.02",2,7,0.9887330550369352,real
Mess3,"a=0.8, x=0.02",3,7,0.989702970980201,real
Mess3,"a=0.8, x=0.02",4,7,0.9890269289104336,real
Mess3,"a=0.8, x=0.02",5,7,0.987468871702864,real
Mess3,"a=0.8, x=0.02",6,7,0.9861681972752934,real
Mess3,"a=0.8, x=0.02",7,7,0.9835792666763652,real
Mess3,"a=0.8, x=0.02",8,7,0.9784713257774176,real
Mess3,"a=0.8, x=0.02",9,7,0.9724559968587616,real
Mess3,"a=0.8, x=0.02",10,7,0.9711569800554648,real
Mess3,"a=0.8, x=0.02",11,7,0.9717096346836884,real
Mess3,"a=0.8, x=0.02",12,7,0.971682140581776,real
Mess3,"a=0.8, x=0.02",13,7,0.9709591881942796,real
Mess3,"a=0.8, x=0.02",14,7,0.9726740216189425,real
Mess3,"a=0.8, x=0.02",15,7,0.9745263111781052,real
Mess3,"a=0.8, x=0.02",16,7,0.9744886628921589,real
Mess3,"a=0.8, x=0.02",17,7,0.9750325415453652,real
Mess3,"a=0.8, x=0.02",18,7,0.975003194857408,real
Mess3,"a=0.8, x=0.02",19,7,0.9757631109185492,real
Mess3,"a=0.8, x=0.02",20,7,0.975320064337025,real
Mess3,"a=0.8, x=0.02",21,7,0.9769476591074928,real
Mess3,"a=0.8, x=0.02",22,7,0.9779385788124244,real
Mess3,"a=0.8, x=0.02",23,7,0.9780226154216808,real
Mess3,"a=0.8, x=0.02",24,7,0.9777002942000076,real
Mess3,"a=0.8, x=0.02",25,7,0.978329866188303,real
Mess3,"a=0.8, x=0.02",26,7,0.9783695377641488,real
Mess3,"a=0.8, x=0.02",27,7,0.9788691574000228,real
Mess3,"a=0.8, x=0.02",0,8,0.9688042168425068,real
Mess3,"a=0.8, x=0.02",1,8,0.9836346918688642,real
Mess3,"a=0.8, x=0.02",2,8,0.988046145591413,real
Mess3,"a=0.8, x=0.02",3,8,0.9884117910101844,real
Mess3,"a=0.8, x=0.02",4,8,0.987995737935328,real
Mess3,"a=0.8, x=0.02",5,8,0.9857429502492276,real
Mess3,"a=0.8, x=0.02",6,8,0.9842025150778488,real
Mess3,"a=0.8, x=0.02",7,8,0.9808315428606847,real
Mess3,"a=0.8, x=0.02",8,8,0.9773363822291264,real
Mess3,"a=0.8, x=0.02",9,8,0.9707183416829388,real
Mess3,"a=0.8, x=0.02",10,8,0.9686608849180892,real
Mess3,"a=0.8, x=0.02",11,8,0.9698171120684422,real
Mess3,"a=0.8, x=0.02",12,8,0.9696244987376956,real
Mess3,"a=0.8, x=0.02",13,8,0.972147130393684,real
Mess3,"a=0.8, x=0.02",14,8,0.9733393756495952,real
Mess3,"a=0.8, x=0.02",15,8,0.974647061961472,real
Mess3,"a=0.8, x=0.02",16,8,0.9747041313620656,real
Mess3,"a=0.8, x=0.02",17,8,0.9742009247949543,real
Mess3,"a=0.8, x=0.02",18,8,0.974149053470158,real
Mess3,"a=0.8, x=0.02",19,8,0.974293191552296,real
Mess3,"a=0.8, x=0.02",20,8,0.974132186170168,real
Mess3,"a=0.8, x=0.02",21,8,0.9753429037459648,real
Mess3,"a=0.8, x=0.02",22,8,0.9763787708191508,real
Mess3,"a=0.8, x=0.02",23,8,0.9764069115600188,real
Mess3,"a=0.8, x=0.02",24,8,0.9772906719920644,real
Mess3,"a=0.8, x=0.02",25,8,0.978091976350878,real
Mess3,"a=0.8, x=0.02",26,8,0.9781104942679196,real
Mess3,"a=0.8, x=0.02",27,8,0.9785981649719993,real
Mess3,"a=0.8, x=0.02",0,9,0.9717690035175366,real
Mess3,"a=0.8, x=0.02",1,9,0.9854381115439508,real
Mess3,"a=0.8, x=0.02",2,9,0.9889417882813364,real
Mess3,"a=0.8, x=0.02",3,9,0.9894308116400704,real
Mess3,"a=0.8, x=0.02",4,9,0.9891603631490236,real
Mess3,"a=0.8, x=0.02",5,9,0.9873084038379122,real
Mess3,"a=0.8, x=0.02",6,9,0.9846578980893392,real
Mess3,"a=0.8, x=0.02",7,9,0.981489075075467,real
Mess3,"a=0.8, x=0.02",8,9,0.9769363159920348,real
Mess3,"a=0.8, x=0.02",9,9,0.973293220869074,real
Mess3,"a=0.8, x=0.02",10,9,0.9692558569699437,real
Mess3,"a=0.8, x=0.02",11,9,0.9723123733039878,real
Mess3,"a=0.8, x=0.02",12,9,0.9719191688855704,real
Mess3,"a=0.8, x=0.02",13,9,0.9729648103430728,real
Mess3,"a=0.8, x=0.02",14,9,0.973516732431258,real
Mess3,"a=0.8, x=0.02",15,9,0.9745124399994616,real
Mess3,"a=0.8, x=0.02",16,9,0.9739477402697234,real
Mess3,"a=0.8, x=0.02",17,9,0.9739167063076044,real
Mess3,"a=0.8, x=0.02",18,9,0.9744681987304328,real
Mess3,"a=0.8, x=0.02",19,9,0.9740362174592496,real
Mess3,"a=0.8, x=0.02",20,9,0.974054117211055,real
Mess3,"a=0.8, x=0.02",21,9,0.975903543101119,real
Mess3,"a=0.8, x=0.02",22,9,0.9766334108295124,real
Mess3,"a=0.8, x=0.02",23,9,0.9769100440057196,real
Mess3,"a=0.8, x=0.02",24,9,0.9769166405277994,real
Mess3,"a=0.8, x=0.02",25,9,0.97798446056224,real
Mess3,"a=0.8, x=0.02",26,9,0.978229455392278,real
Mess3,"a=0.8, x=0.02",27,9,0.9793477655632852,real
Mess3,"a=0.85, x=0.02",0,0,0.9823560656582137,real
Mess3,"a=0.85, x=0.02",1,0,0.9905549832045796,real
Mess3,"a=0.85, x=0.02",2,0,0.9927156596340698,real
Mess3,"a=0.85, x=0.02",3,0,0.9930274492769284,real
Mess3,"a=0.85, x=0.02",4,0,0.9935606508780912,real
Mess3,"a=0.85, x=0.02",5,0,0.9926340374866484,real
Mess3,"a=0.85, x=0.02",6,0,0.9916037276386552,real
Mess3,"a=0.85, x=0.02",7,0,0.989049356763154,real
Mess3,"a=0.85, x=0.02",8,0,0.9861584575022134,real
Mess3,"a=0.85, x=0.02",9,0,0.9824077347863108,real
Mess3,"a=0.85, x=0.02",10,0,0.9810376370994036,real
Mess3,"a=0.85, x=0.02",11,0,0.9803414619757048,real
Mess3,"a=0.85, x=0.02",12,0,0.980985845741801,real
Mess3,"a=0.85, x=0.02",13,0,0.9818191674633314,real
Mess3,"a=0.85, x=0.02",14,0,0.9821839020047486,real
Mess3,"a=0.85, x=0.02",15,0,0.9835782113194952,real
Mess3,"a=0.85, x=0.02",16,0,0.9841467007485988,real
Mess3,"a=0.85, x=0.02",17,0,0.9842247714498386,real
Mess3,"a=0.85, x=0.02",18,0,0.9846606860041348,real
Mess3,"a=0.85, x=0.02",19,0,0.9851857839588604,real
Mess3,"a=0.85, x=0.02",20,0,0.9852023698236756,real
Mess3,"a=0.85, x=0.02",21,0,0.9861342000383094,real
Mess3,"a=0.85, x=0.02",22,0,0.9864478850873158,real
Mess3,"a=0.85, x=0.02",23,0,0.9862751968655574,real
Mess3,"a=0.85, x=0.02",24,0,0.986209011286075,real
Mess3,"a=0.85, x=0.02",25,0,0.9865495155257004,real
Mess3,"a=0.85, x=0.02",26,0,0.986525977008956,real
Mess3,"a=0.85, x=0.02",27,0,0.9863098591160993,real
Mess3,"a=0.85, x=0.02",0,1,0.9810099925159732,real
Mess3,"a=0.85, x=0.02",1,1,0.9907013851944464,real
Mess3,"a=0.85, x=0.02",2,1,0.9937381023004842,real
Mess3,"a=0.85, x=0.02",3,1,0.9942485651530232,real
Mess3,"a=0.85, x=0.02",4,1,0.9935110697248102,real
Mess3,"a=0.85, x=0.02",5,1,0.9925099366164554,real
Mess3,"a=0.85, x=0.02",6,1,0.9911250555837012,real
Mess3,"a=0.85, x=0.02",7,1,0.9889133489710096,real
Mess3,"a=0.85, x=0.02",8,1,0.9850296721259162,real
Mess3,"a=0.85, x=0.02",9,1,0.9806892362491856,real
Mess3,"a=0.85, x=0.02",10,1,0.9794736791950426,real
Mess3,"a=0.85, x=0.02",11,1,0.9788589973315428,real
Mess3,"a=0.85, x=0.02",12,1,0.9791239038559052,real
Mess3,"a=0.85, x=0.02",13,1,0.9796798730318866,real
Mess3,"a=0.85, x=0.02",14,1,0.980486626242889,real
Mess3,"a=0.85, x=0.02",15,1,0.9820392384406772,real
Mess3,"a=0.85, x=0.02",16,1,0.9818441599709912,real
Mess3,"a=0.85, x=0.02",17,1,0.981679034291958,real
Mess3,"a=0.85, x=0.02",18,1,0.9814773683023288,real
Mess3,"a=0.85, x=0.02",19,1,0.9816729136311668,real
Mess3,"a=0.85, x=0.02",20,1,0.9817537386218186,real
Mess3,"a=0.85, x=0.02",21,1,0.9834653815837576,real
Mess3,"a=0.85, x=0.02",22,1,0.9837887622168802,real
Mess3,"a=0.85, x=0.02",23,1,0.9836888131649448,real
Mess3,"a=0.85, x=0.02",24,1,0.983754283295406,real
Mess3,"a=0.85, x=0.02",25,1,0.9844522875027408,real
Mess3,"a=0.85, x=0.02",26,1,0.984350424671562,real
Mess3,"a=0.85, x=0.02",27,1,0.984287211599132,real
Mess3,"a=0.85, x=0.02",0,2,0.9822617402666508,real
Mess3,"a=0.85, x=0.02",1,2,0.9927118411720414,real
Mess3,"a=0.85, x=0.02",2,2,0.994673932509372,real
Mess3,"a=0.85, x=0.02",3,2,0.9949918317072056,real
Mess3,"a=0.85, x=0.02",4,2,0.9949983940852718,real
Mess3,"a=0.85, x=0.02",5,2,0.993975464853138,real
Mess3,"a=0.85, x=0.02",6,2,0.992539778757893,real
Mess3,"a=0.85, x=0.02",7,2,0.9897214804610284,real
Mess3,"a=0.85, x=0.02",8,2,0.9857543975404636,real
Mess3,"a=0.85, x=0.02",9,2,0.9834291185791796,real
Mess3,"a=0.85, x=0.02",10,2,0.9818561965607148,real
Mess3,"a=0.85, x=0.02",11,2,0.979821003026957,real
Mess3,"a=0.85, x=0.02",12,2,0.9807496827268466,real
Mess3,"a=0.85, x=0.02",13,2,0.9816184941603944,real
Mess3,"a=0.85, x=0.02",14,2,0.981585868206951,real
Mess3,"a=0.85, x=0.02",15,2,0.9820177603640472,real
Mess3,"a=0.85, x=0.02",16,2,0.982855622687832,real
Mess3,"a=0.85, x=0.02",17,2,0.9828757379886272,real
Mess3,"a=0.85, x=0.02",18,2,0.98262328857547,real
Mess3,"a=0.85, x=0.02",19,2,0.9829549846315828,real
Mess3,"a=0.85, x=0.02",20,2,0.9833839000926232,real
Mess3,"a=0.85, x=0.02",21,2,0.9849566651735308,real
Mess3,"a=0.85, x=0.02",22,2,0.9852606907501495,real
Mess3,"a=0.85, x=0.02",23,2,0.9854425984372404,real
Mess3,"a=0.85, x=0.02",24,2,0.9854521358055192,real
Mess3,"a=0.85, x=0.02",25,2,0.9860776019100638,real
Mess3,"a=0.85, x=0.02",26,2,0.9860297333963886,real
Mess3,"a=0.85, x=0.02",27,2,0.985533461871106,real
Mess3,"a=0.85, x=0.02",0,3,0.9806955509227572,real
Mess3,"a=0.85, x=0.02",1,3,0.9921025599824028,real
Mess3,"a=0.85, x=0.02",2,3,0.9936649879469488,real
Mess3,"a=0.85, x=0.02",3,3,0.993228171907702,real
Mess3,"a=0.85, x=0.02",4,3,0.99340596983274,real
Mess3,"a=0.85, x=0.02",5,3,0.991574405305513,real
Mess3,"a=0.85, x=0.02",6,3,0.9900780237210708,real
Mess3,"a=0.85, x=0.02",7,3,0.986672152248064,real
Mess3,"a=0.85, x=0.02",8,3,0.9830520787587816,real
Mess3,"a=0.85, x=0.02",9,3,0.9806871625272056,real
Mess3,"a=0.85, x=0.02",10,3,0.978209637451518,real
Mess3,"a=0.85, x=0.02",11,3,0.978960513045468,real
Mess3,"a=0.85, x=0.02",12,3,0.9798850103970084,real
Mess3,"a=0.85, x=0.02",13,3,0.9794190500493888,real
Mess3,"a=0.85, x=0.02",14,3,0.9803429189152032,real
Mess3,"a=0.85, x=0.02",15,3,0.98151627944253,real
Mess3,"a=0.85, x=0.02",16,3,0.9819640738051876,real
Mess3,"a=0.85, x=0.02",17,3,0.981820310271108,real
Mess3,"a=0.85, x=0.02",18,3,0.9818359983738224,real
Mess3,"a=0.85, x=0.02",19,3,0.982255206938988,real
Mess3,"a=0.85, x=0.02",20,3,0.9820232270191,real
Mess3,"a=0.85, x=0.02",21,3,0.9843309441809064,real
Mess3,"a=0.85, x=0.02",22,3,0.9849815642813278,real
Mess3,"a=0.85, x=0.02",23,3,0.9850508522568668,real
Mess3,"a=0.85, x=0.02",24,3,0.9856399520188582,real
Mess3,"a=0.85, x=0.02",25,3,0.9863439178503354,real
Mess3,"a=0.85, x=0.02",26,3,0.9858725612830592,real
Mess3,"a=0.85, x=0.02",27,3,0.9862680539565232,real
Mess3,"a=0.85, x=0.02",0,4,0.9796190786946468,real
Mess3,"a=0.85, x=0.02",1,4,0.9913380451427452,real
Mess3,"a=0.85, x=0.02",2,4,0.993281932447112,real
Mess3,"a=0.85, x=0.02",3,4,0.9941447499682268,real
Mess3,"a=0.85, x=0.02",4,4,0.9943098238528882,real
Mess3,"a=0.85, x=0.02",5,4,0.9928410641745662,real
Mess3,"a=0.85, x=0.02",6,4,0.9914433823584384,real
Mess3,"a=0.85, x=0.02",7,4,0.9895081181917108,real
Mess3,"a=0.85, x=0.02",8,4,0.9856894747006668,real
Mess3,"a=0.85, x=0.02",9,4,0.9818950235792374,real
Mess3,"a=0.85, x=0.02",10,4,0.9806665861388122,real
Mess3,"a=0.85, x=0.02",11,4,0.980325280126442,real
Mess3,"a=0.85, x=0.02",12,4,0.9794054787782466,real
Mess3,"a=0.85, x=0.02",13,4,0.9798715585302044,real
Mess3,"a=0.85, x=0.02",14,4,0.9812591901114084,real
Mess3,"a=0.85, x=0.02",15,4,0.9821289060567427,real
Mess3,"a=0.85, x=0.02",16,4,0.9825372388302888,real
Mess3,"a=0.85, x=0.02",17,4,0.982550893956758,real
Mess3,"a=0.85, x=0.02",18,4,0.9828447016363973,real
Mess3,"a=0.85, x=0.02",19,4,0.9837665540880024,real
Mess3,"a=0.85, x=0.02",20,4,0.9836278864419,real
Mess3,"a=0.85, x=0.02",21,4,0.9845575361785782,real
Mess3,"a=0.85, x=0.02",22,4,0.9849507570955948,real
Mess3,"a=0.85, x=0.02",23,4,0.9853583683754789,real
Mess3,"a=0.85, x=0.02",24,4,0.9853390495237648,real
Mess3,"a=0.85, x=0.02",25,4,0.9857294153872912,real
Mess3,"a=0.85, x=0.02",26,4,0.9858060929851136,real
Mess3,"a=0.85, x=0.02",27,4,0.9853899732335472,real
Mess3,"a=0.85, x=0.02",0,5,0.981391547859402,real
Mess3,"a=0.85, x=0.02",1,5,0.9903241380823612,real
Mess3,"a=0.85, x=0.02",2,5,0.9925136405159394,real
Mess3,"a=0.85, x=0.02",3,5,0.9923655338633808,real
Mess3,"a=0.85, x=0.02",4,5,0.992675071817624,real
Mess3,"a=0.85, x=0.02",5,5,0.9912882686297312,real
Mess3,"a=0.85, x=0.02",6,5,0.9891247625307292,real
Mess3,"a=0.85, x=0.02",7,5,0.986886183067941,real
Mess3,"a=0.85, x=0.02",8,5,0.982791627684386,real
Mess3,"a=0.85, x=0.02",9,5,0.9802351317307776,real
Mess3,"a=0.85, x=0.02",10,5,0.9787954690382644,real
Mess3,"a=0.85, x=0.02",11,5,0.9787811352634576,real
Mess3,"a=0.85, x=0.02",12,5,0.9797360824179552,real
Mess3,"a=0.85, x=0.02",13,5,0.9788768398351476,real
Mess3,"a=0.85, x=0.02",14,5,0.9799095629945276,real
Mess3,"a=0.85, x=0.02",15,5,0.980270695554506,real
Mess3,"a=0.85, x=0.02",16,5,0.9806376105093882,real
Mess3,"a=0.85, x=0.02",17,5,0.980024828542214,real
Mess3,"a=0.85, x=0.02",18,5,0.980462328172085,real
Mess3,"a=0.85, x=0.02",19,5,0.9797830800895774,real
Mess3,"a=0.85, x=0.02",20,5,0.980121825074118,real
Mess3,"a=0.85, x=0.02",21,5,0.9816828360026768,real
Mess3,"a=0.85, x=0.02",22,5,0.9823096706560164,real
Mess3,"a=0.85, x=0.02",23,5,0.9823555090552304,real
Mess3,"a=0.85, x=0.02",24,5,0.9826520209079108,real
Mess3,"a=0.85, x=0.02",25,5,0.9830687321995816,real
Mess3,"a=0.85, x=0.02",26,5,0.9834921354959826,real
Mess3,"a=0.85, x=0.02",27,5,0.983351744813918,real
Mess3,"a=0.85, x=0.02",0,6,0.9807724046759112,real
Mess3,"a=0.85, x=0.02",1,6,0.9905607025126104,real
Mess3,"a=0.85, x=0.02",2,6,0.9928102233622832,real
Mess3,"a=0.85, x=0.02",3,6,0.9928704359631216,real
Mess3,"a=0.85, x=0.02",4,6,0.992994175844274,real
Mess3,"a=0.85, x=0.02",5,6,0.9914116925106112,real
Mess3,"a=0.85, x=0.02",6,6,0.990208529510868,real
Mess3,"a=0.85, x=0.02",7,6,0.987530928426746,real
Mess3,"a=0.85, x=0.02",8,6,0.9846074231794176,real
Mess3,"a=0.85, x=0.02",9,6,0.9819942011087824,real
Mess3,"a=0.85, x=0.02",10,6,0.9792317588189612,real
Mess3,"a=0.85, x=0.02",11,6,0.9800075937697722,real
Mess3,"a=0.85, x=0.02",12,6,0.9805850268105863,real
Mess3,"a=0.85, x=0.02",13,6,0.9810075602668372,real
Mess3,"a=0.85, x=0.02",14,6,0.9817687119384688,real
Mess3,"a=0.85, x=0.02",15,6,0.9819847835573088,real
Mess3,"a=0.85, x=0.02",16,6,0.9827834990218242,real
Mess3,"a=0.85, x=0.02",17,6,0.9825253736675718,real
Mess3,"a=0.85, x=0.02",18,6,0.9827250199232618,real
Mess3,"a=0.85, x=0.02",19,6,0.9830151498487424,real
Mess3,"a=0.85, x=0.02",20,6,0.982962267731291,real
Mess3,"a=0.85, x=0.02",21,6,0.98447254812065,real
Mess3,"a=0.85, x=0.02",22,6,0.9848850032349556,real
Mess3,"a=0.85, x=0.02",23,6,0.9850991577032584,real
Mess3,"a=0.85, x=0.02",24,6,0.9854195398179636,real
Mess3,"a=0.85, x=0.02",25,6,0.9857382090264596,real
Mess3,"a=0.85, x=0.02",26,6,0.985437401756762,real
Mess3,"a=0.85, x=0.02",27,6,0.985004379753572,real
Mess3,"a=0.85, x=0.02",0,7,0.98116994581435,real
Mess3,"a=0.85, x=0.02",1,7,0.9901382968007814,real
Mess3,"a=0.85, x=0.02",2,7,0.9926581503352776,real
Mess3,"a=0.85, x=0.02",3,7,0.9926526506792084,real
Mess3,"a=0.85, x=0.02",4,7,0.9928322128135753,real
Mess3,"a=0.85, x=0.02",5,7,0.9907463713637852,real
Mess3,"a=0.85, x=0.02",6,7,0.98940871997081,real
Mess3,"a=0.85, x=0.02",7,7,0.9875384717563294,real
Mess3,"a=0.85, x=0.02",8,7,0.9849725523585172,real
Mess3,"a=0.85, x=0.02",9,7,0.9813625078404116,real
Mess3,"a=0.85, x=0.02",10,7,0.9794722090476972,real
Mess3,"a=0.85, x=0.02",11,7,0.9795706034581588,real
Mess3,"a=0.85, x=0.02",12,7,0.9793547768362548,real
Mess3,"a=0.85, x=0.02",13,7,0.977191534573873,real
Mess3,"a=0.85, x=0.02",14,7,0.9795370044005516,real
Mess3,"a=0.85, x=0.02",15,7,0.9795316855975634,real
Mess3,"a=0.85, x=0.02",16,7,0.980070257460379,real
Mess3,"a=0.85, x=0.02",17,7,0.979629652850272,real
Mess3,"a=0.85, x=0.02",18,7,0.9799436465244792,real
Mess3,"a=0.85, x=0.02",19,7,0.9806119778892124,real
Mess3,"a=0.85, x=0.02",20,7,0.9804827695585888,real
Mess3,"a=0.85, x=0.02",21,7,0.9809924135405148,real
Mess3,"a=0.85, x=0.02",22,7,0.9815431852354438,real
Mess3,"a=0.85, x=0.02",23,7,0.9817222883474672,real
Mess3,"a=0.85, x=0.02",24,7,0.9817513419643084,real
Mess3,"a=0.85, x=0.02",25,7,0.982338473740546,real
Mess3,"a=0.85, x=0.02",26,7,0.982246941412696,real
Mess3,"a=0.85, x=0.02",27,7,0.9826443014675488,real
Mess3,"a=0.85, x=0.02",0,8,0.982608781082993,real
Mess3,"a=0.85, x=0.02",1,8,0.991196371117776,real
Mess3,"a=0.85, x=0.02",2,8,0.9926421902579684,real
Mess3,"a=0.85, x=0.02",3,8,0.9930796511414736,real
Mess3,"a=0.85, x=0.02",4,8,0.993147467834456,real
Mess3,"a=0.85, x=0.02",5,8,0.9924993392942608,real
Mess3,"a=0.85, x=0.02",6,8,0.991585907782125,real
Mess3,"a=0.85, x=0.02",7,8,0.9894624890401142,real
Mess3,"a=0.85, x=0.02",8,8,0.9863344823730812,real
Mess3,"a=0.85, x=0.02",9,8,0.9828157186865928,real
Mess3,"a=0.85, x=0.02",10,8,0.980509595473947,real
Mess3,"a=0.85, x=0.02",11,8,0.9797669682561778,real
Mess3,"a=0.85, x=0.02",12,8,0.9795263474804576,real
Mess3,"a=0.85, x=0.02",13,8,0.9792751308686876,real
Mess3,"a=0.85, x=0.02",14,8,0.980905273335411,real
Mess3,"a=0.85, x=0.02",15,8,0.982300168359642,real
Mess3,"a=0.85, x=0.02",16,8,0.9833782886787574,real
Mess3,"a=0.85, x=0.02",17,8,0.9833386151399284,real
Mess3,"a=0.85, x=0.02",18,8,0.9831656760811168,real
Mess3,"a=0.85, x=0.02",19,8,0.9838213684233966,real
Mess3,"a=0.85, x=0.02",20,8,0.983641845960142,real
Mess3,"a=0.85, x=0.02",21,8,0.9842991802970734,real
Mess3,"a=0.85, x=0.02",22,8,0.9849330262261716,real
Mess3,"a=0.85, x=0.02",23,8,0.9850339043443436,real
Mess3,"a=0.85, x=0.02",24,8,0.984927222683489,real
Mess3,"a=0.85, x=0.02",25,8,0.9857190120438354,real
Mess3,"a=0.85, x=0.02",26,8,0.9858235032358332,real
Mess3,"a=0.85, x=0.02",27,8,0.9853193680282758,real
Mess3,"a=0.85, x=0.02",0,9,0.9773378767313796,real
Mess3,"a=0.85, x=0.02",1,9,0.9899549435684962,real
Mess3,"a=0.85, x=0.02",2,9,0.9925678363123812,real
Mess3,"a=0.85, x=0.02",3,9,0.9927296609529694,real
Mess3,"a=0.85, x=0.02",4,9,0.99312214857568,real
Mess3,"a=0.85, x=0.02",5,9,0.9908566065981694,real
Mess3,"a=0.85, x=0.02",6,9,0.989468930461976,real
Mess3,"a=0.85, x=0.02",7,9,0.987177885729117,real
Mess3,"a=0.85, x=0.02",8,9,0.9840225902108904,real
Mess3,"a=0.85, x=0.02",9,9,0.9800465820082,real
Mess3,"a=0.85, x=0.02",10,9,0.978973247166585,real
Mess3,"a=0.85, x=0.02",11,9,0.9795941555831472,real
Mess3,"a=0.85, x=0.02",12,9,0.9800277592478236,real
Mess3,"a=0.85, x=0.02",13,9,0.979423574958104,real
Mess3,"a=0.85, x=0.02",14,9,0.9800208446946652,real
Mess3,"a=0.85, x=0.02",15,9,0.980498410288516,real
Mess3,"a=0.85, x=0.02",16,9,0.9809132356264249,real
Mess3,"a=0.85, x=0.02",17,9,0.9802901499630204,real
Mess3,"a=0.85, x=0.02",18,9,0.9799738441902276,real
Mess3,"a=0.85, x=0.02",19,9,0.9806451437373932,real
Mess3,"a=0.85, x=0.02",20,9,0.9805100587300202,real
Mess3,"a=0.85, x=0.02",21,9,0.9816685847630292,real
Mess3,"a=0.85, x=0.02",22,9,0.9818957464622096,real
Mess3,"a=0.85, x=0.02",23,9,0.9824616751235444,real
Mess3,"a=0.85, x=0.02",24,9,0.9828939731237096,real
Mess3,"a=0.85, x=0.02",25,9,0.983214377042442,real
Mess3,"a=0.85, x=0.02",26,9,0.9836984607049396,real
Mess3,"a=0.85, x=0.02",27,9,0.9834348463565096,real
Mess3,"a=0.9, x=0.02",0,0,0.9903962984126162,real
Mess3,"a=0.9, x=0.02",1,0,0.9950359618309214,real
Mess3,"a=0.9, x=0.02",2,0,0.9964535226886764,real
Mess3,"a=0.9, x=0.02",3,0,0.9963697134890808,real
Mess3,"a=0.9, x=0.02",4,0,0.99617834864003,real
Mess3,"a=0.9, x=0.02",5,0,0.9950442968531812,real
Mess3,"a=0.9, x=0.02",6,0,0.994219102722802,real
Mess3,"a=0.9, x=0.02",7,0,0.9930365641980436,real
Mess3,"a=0.9, x=0.02",8,0,0.9913736428054288,real
Mess3,"a=0.9, x=0.02",9,0,0.9887596492712716,real
Mess3,"a=0.9, x=0.02",10,0,0.9877970753701816,real
Mess3,"a=0.9, x=0.02",11,0,0.9871908626327494,real
Mess3,"a=0.9, x=0.02",12,0,0.9869721031806792,real
Mess3,"a=0.9, x=0.02",13,0,0.9877614049019376,real
Mess3,"a=0.9, x=0.02",14,0,0.98829788332636,real
Mess3,"a=0.9, x=0.02",15,0,0.9886409206937882,real
Mess3,"a=0.9, x=0.02",16,0,0.9887518797086716,real
Mess3,"a=0.9, x=0.02",17,0,0.9888676300354208,real
Mess3,"a=0.9, x=0.02",18,0,0.9889434489554784,real
Mess3,"a=0.9, x=0.02",19,0,0.9893194135366388,real
Mess3,"a=0.9, x=0.02",20,0,0.9895356737059698,real
Mess3,"a=0.9, x=0.02",21,0,0.9906174837111064,real
Mess3,"a=0.9, x=0.02",22,0,0.9910610961978448,real
Mess3,"a=0.9, x=0.02",23,0,0.9909305647719044,real
Mess3,"a=0.9, x=0.02",24,0,0.9912934291296304,real
Mess3,"a=0.9, x=0.02",25,0,0.9914400863553674,real
Mess3,"a=0.9, x=0.02",26,0,0.9912805998046188,real
Mess3,"a=0.9, x=0.02",27,0,0.9905990063171684,real
Mess3,"a=0.9, x=0.02",0,1,0.9901794250109752,real
Mess3,"a=0.9, x=0.02",1,1,0.9948996096893316,real
Mess3,"a=0.9, x=0.02",2,1,0.9959615595498348,real
Mess3,"a=0.9, x=0.02",3,1,0.9961233978119002,real
Mess3,"a=0.9, x=0.02",4,1,0.9959365581079636,real
Mess3,"a=0.9, x=0.02",5,1,0.9954655839023616,real
Mess3,"a=0.9, x=0.02",6,1,0.9946427278950942,real
Mess3,"a=0.9, x=0.02",7,1,0.9932439864688551,real
Mess3,"a=0.9, x=0.02",8,1,0.9918180080870002,real
Mess3,"a=0.9, x=0.02",9,1,0.9889329443305628,real
Mess3,"a=0.9, x=0.02",10,1,0.9875537960858888,real
Mess3,"a=0.9, x=0.02",11,1,0.9868958072483326,real
Mess3,"a=0.9, x=0.02",12,1,0.9865960063260338,real
Mess3,"a=0.9, x=0.02",13,1,0.9866437003257488,real
Mess3,"a=0.9, x=0.02",14,1,0.987636542841639,real
Mess3,"a=0.9, x=0.02",15,1,0.988164758303135,real
Mess3,"a=0.9, x=0.02",16,1,0.9888177844908574,real
Mess3,"a=0.9, x=0.02",17,1,0.9890553748750864,real
Mess3,"a=0.9, x=0.02",18,1,0.9893235262617924,real
Mess3,"a=0.9, x=0.02",19,1,0.9895875689126854,real
Mess3,"a=0.9, x=0.02",20,1,0.989487870720057,real
Mess3,"a=0.9, x=0.02",21,1,0.990309286265566,real
Mess3,"a=0.9, x=0.02",22,1,0.9908478374028852,real
Mess3,"a=0.9, x=0.02",23,1,0.9909349366330136,real
Mess3,"a=0.9, x=0.02",24,1,0.990987296485262,real
Mess3,"a=0.9, x=0.02",25,1,0.991332052250067,real
Mess3,"a=0.9, x=0.02",26,1,0.9912735193455864,real
Mess3,"a=0.9, x=0.02",27,1,0.9910699147393875,real
Mess3,"a=0.9, x=0.02",0,2,0.9915601913740028,real
Mess3,"a=0.9, x=0.02",1,2,0.9958156506517604,real
Mess3,"a=0.9, x=0.02",2,2,0.9968351076449576,real
Mess3,"a=0.9, x=0.02",3,2,0.996824635838412,real
Mess3,"a=0.9, x=0.02",4,2,0.9963656597948016,real
Mess3,"a=0.9, x=0.02",5,2,0.99562598849605,real
Mess3,"a=0.9, x=0.02",6,2,0.9949175147034632,real
Mess3,"a=0.9, x=0.02",7,2,0.9935571852951616,real
Mess3,"a=0.9, x=0.02",8,2,0.9923421257236592,real
Mess3,"a=0.9, x=0.02",9,2,0.9904785564711066,real
Mess3,"a=0.9, x=0.02",10,2,0.9893419643987686,real
Mess3,"a=0.9, x=0.02",11,2,0.9884198972943604,real
Mess3,"a=0.9, x=0.02",12,2,0.9886864822974636,real
Mess3,"a=0.9, x=0.02",13,2,0.98868136832438,real
Mess3,"a=0.9, x=0.02",14,2,0.9890430884706478,real
Mess3,"a=0.9, x=0.02",15,2,0.9896212698727356,real
Mess3,"a=0.9, x=0.02",16,2,0.9899609878532152,real
Mess3,"a=0.9, x=0.02",17,2,0.9898921563864158,real
Mess3,"a=0.9, x=0.02",18,2,0.9904071562605734,real
Mess3,"a=0.9, x=0.02",19,2,0.9908821954663488,real
Mess3,"a=0.9, x=0.02",20,2,0.990810752281252,real
Mess3,"a=0.9, x=0.02",21,2,0.9919096743105388,real
Mess3,"a=0.9, x=0.02",22,2,0.9919381113091148,real
Mess3,"a=0.9, x=0.02",23,2,0.9918729488970488,real
Mess3,"a=0.9, x=0.02",24,2,0.9919337230385696,real
Mess3,"a=0.9, x=0.02",25,2,0.9921046547712208,real
Mess3,"a=0.9, x=0.02",26,2,0.9919700308690346,real
Mess3,"a=0.9, x=0.02",27,2,0.9919674783421172,real
Mess3,"a=0.9, x=0.02",0,3,0.9904959609409734,real
Mess3,"a=0.9, x=0.02",1,3,0.9939824575758228,real
Mess3,"a=0.9, x=0.02",2,3,0.9954863592382917,real
Mess3,"a=0.9, x=0.02",3,3,0.9958261478396137,real
Mess3,"a=0.9, x=0.02",4,3,0.9957286468283908,real
Mess3,"a=0.9, x=0.02",5,3,0.9952441564355984,real
Mess3,"a=0.9, x=0.02",6,3,0.9941664765571916,real
Mess3,"a=0.9, x=0.02",7,3,0.992612125159384,real
Mess3,"a=0.9, x=0.02",8,3,0.9906879450232888,real
Mess3,"a=0.9, x=0.02",9,3,0.9887788824407132,real
Mess3,"a=0.9, x=0.02",10,3,0.9875336397105084,real
Mess3,"a=0.9, x=0.02",11,3,0.9872178103097816,real
Mess3,"a=0.9, x=0.02",12,3,0.9870125035455062,real
Mess3,"a=0.9, x=0.02",13,3,0.9871444737092524,real
Mess3,"a=0.9, x=0.02",14,3,0.9877070819749872,real
Mess3,"a=0.9, x=0.02",15,3,0.9888453107108628,real
Mess3,"a=0.9, x=0.02",16,3,0.9893536820704604,real
Mess3,"a=0.9, x=0.02",17,3,0.989388183581462,real
Mess3,"a=0.9, x=0.02",18,3,0.9895183498624264,real
Mess3,"a=0.9, x=0.02",19,3,0.9895309098673338,real
Mess3,"a=0.9, x=0.02",20,3,0.9893227981554454,real
Mess3,"a=0.9, x=0.02",21,3,0.99081742235538,real
Mess3,"a=0.9, x=0.02",22,3,0.9910508572391764,real
Mess3,"a=0.9, x=0.02",23,3,0.9912521171456224,real
Mess3,"a=0.9, x=0.02",24,3,0.9914241905235762,real
Mess3,"a=0.9, x=0.02",25,3,0.9917124677037809,real
Mess3,"a=0.9, x=0.02",26,3,0.991633964396302,real
Mess3,"a=0.9, x=0.02",27,3,0.9911114699944006,real
Mess3,"a=0.9, x=0.02",0,4,0.9901312277855012,real
Mess3,"a=0.9, x=0.02",1,4,0.9958395343077452,real
Mess3,"a=0.9, x=0.02",2,4,0.9972580349131104,real
Mess3,"a=0.9, x=0.02",3,4,0.9974155218101224,real
Mess3,"a=0.9, x=0.02",4,4,0.9972787772686836,real
Mess3,"a=0.9, x=0.02",5,4,0.9961678074299398,real
Mess3,"a=0.9, x=0.02",6,4,0.9952698476960188,real
Mess3,"a=0.9, x=0.02",7,4,0.9938822422148004,real
Mess3,"a=0.9, x=0.02",8,4,0.992308065960469,real
Mess3,"a=0.9, x=0.02",9,4,0.9899858381510276,real
Mess3,"a=0.9, x=0.02",10,4,0.988392001807672,real
Mess3,"a=0.9, x=0.02",11,4,0.9874129173128536,real
Mess3,"a=0.9, x=0.02",12,4,0.9871922865194026,real
Mess3,"a=0.9, x=0.02",13,4,0.9882314962997436,real
Mess3,"a=0.9, x=0.02",14,4,0.9886182753824364,real
Mess3,"a=0.9, x=0.02",15,4,0.988934865241646,real
Mess3,"a=0.9, x=0.02",16,4,0.9892627398485224,real
Mess3,"a=0.9, x=0.02",17,4,0.9896048542471216,real
Mess3,"a=0.9, x=0.02",18,4,0.9897207170748696,real
Mess3,"a=0.9, x=0.02",19,4,0.9899706766398269,real
Mess3,"a=0.9, x=0.02",20,4,0.9899187531092344,real
Mess3,"a=0.9, x=0.02",21,4,0.9909769049990595,real
Mess3,"a=0.9, x=0.02",22,4,0.9913338581847986,real
Mess3,"a=0.9, x=0.02",23,4,0.9912506556840168,real
Mess3,"a=0.9, x=0.02",24,4,0.9912669067964044,real
Mess3,"a=0.9, x=0.02",25,4,0.9914298522938262,real
Mess3,"a=0.9, x=0.02",26,4,0.9913665462203968,real
Mess3,"a=0.9, x=0.02",27,4,0.991346410194878,real
Mess3,"a=0.9, x=0.02",0,5,0.9899920419678052,real
Mess3,"a=0.9, x=0.02",1,5,0.9944721610062792,real
Mess3,"a=0.9, x=0.02",2,5,0.9952744731397016,real
Mess3,"a=0.9, x=0.02",3,5,0.995891219891356,real
Mess3,"a=0.9, x=0.02",4,5,0.9959046007711484,real
Mess3,"a=0.9, x=0.02",5,5,0.9949138733602708,real
Mess3,"a=0.9, x=0.02",6,5,0.9938661571222795,real
Mess3,"a=0.9, x=0.02",7,5,0.9929440233963582,real
Mess3,"a=0.9, x=0.02",8,5,0.9911139740327948,real
Mess3,"a=0.9, x=0.02",9,5,0.9889682322243432,real
Mess3,"a=0.9, x=0.02",10,5,0.9871086232470812,real
Mess3,"a=0.9, x=0.02",11,5,0.9860497804380888,real
Mess3,"a=0.9, x=0.02",12,5,0.986989928808978,real
Mess3,"a=0.9, x=0.02",13,5,0.9871072503408111,real
Mess3,"a=0.9, x=0.02",14,5,0.987598871389762,real
Mess3,"a=0.9, x=0.02",15,5,0.9881966555963612,real
Mess3,"a=0.9, x=0.02",16,5,0.989004335859384,real
Mess3,"a=0.9, x=0.02",17,5,0.9888924084779378,real
Mess3,"a=0.9, x=0.02",18,5,0.9893520619578492,real
Mess3,"a=0.9, x=0.02",19,5,0.9894690381979728,real
Mess3,"a=0.9, x=0.02",20,5,0.9895991115674058,real
Mess3,"a=0.9, x=0.02",21,5,0.9902842000567164,real
Mess3,"a=0.9, x=0.02",22,5,0.9908319409211106,real
Mess3,"a=0.9, x=0.02",23,5,0.9907124295129104,real
Mess3,"a=0.9, x=0.02",24,5,0.9905563411391684,real
Mess3,"a=0.9, x=0.02",25,5,0.990766805522616,real
Mess3,"a=0.9, x=0.02",26,5,0.990381334414406,real
Mess3,"a=0.9, x=0.02",27,5,0.9899322924591304,real
Mess3,"a=0.9, x=0.02",0,6,0.9891777268836688,real
Mess3,"a=0.9, x=0.02",1,6,0.9928882603092688,real
Mess3,"a=0.9, x=0.02",2,6,0.9957640811369326,real
Mess3,"a=0.9, x=0.02",3,6,0.9951366024705236,real
Mess3,"a=0.9, x=0.02",4,6,0.9953787768689218,real
Mess3,"a=0.9, x=0.02",5,6,0.9953658760061848,real
Mess3,"a=0.9, x=0.02",6,6,0.99422769120754,real
Mess3,"a=0.9, x=0.02",7,6,0.9929956381698614,real
Mess3,"a=0.9, x=0.02",8,6,0.9909500188287592,real
Mess3,"a=0.9, x=0.02",9,6,0.9887142140738328,real
Mess3,"a=0.9, x=0.02",10,6,0.9876892980732288,real
Mess3,"a=0.9, x=0.02",11,6,0.9876565273062012,real
Mess3,"a=0.9, x=0.02",12,6,0.9878194236442536,real
Mess3,"a=0.9, x=0.02",13,6,0.9881099557338386,real
Mess3,"a=0.9, x=0.02",14,6,0.988202697217122,real
Mess3,"a=0.9, x=0.02",15,6,0.9884686262923578,real
Mess3,"a=0.9, x=0.02",16,6,0.98926552552333,real
Mess3,"a=0.9, x=0.02",17,6,0.989068734115524,real
Mess3,"a=0.9, x=0.02",18,6,0.9893030052790126,real
Mess3,"a=0.9, x=0.02",19,6,0.9896050453224664,real
Mess3,"a=0.9, x=0.02",20,6,0.9897853327839256,real
Mess3,"a=0.9, x=0.02",21,6,0.9908660223764992,real
Mess3,"a=0.9, x=0.02",22,6,0.991069587401603,real
Mess3,"a=0.9, x=0.02",23,6,0.991012149023924,real
Mess3,"a=0.9, x=0.02",24,6,0.9911257747369756,real
Mess3,"a=0.9, x=0.02",25,6,0.9911289195139104,real
Mess3,"a=0.9, x=0.02",26,6,0.9911391142821946,real
Mess3,"a=0.9, x=0.02",27,6,0.9911104531482596,real
Mess3,"a=0.9, x=0.02",0,7,0.9912654736240532,real
Mess3,"a=0.9, x=0.02",1,7,0.996148361689982,real
Mess3,"a=0.9, x=0.02",2,7,0.9968936532918836,real
Mess3,"a=0.9, x=0.02",3,7,0.9967340238777758,real
Mess3,"a=0.9, x=0.02",4,7,0.996716036542422,real
Mess3,"a=0.9, x=0.02",5,7,0.995992850466438,real
Mess3,"a=0.9, x=0.02",6,7,0.9950537036783909,real
Mess3,"a=0.9, x=0.02",7,7,0.9938355532426754,real
Mess3,"a=0.9, x=0.02",8,7,0.9918838832173422,real
Mess3,"a=0.9, x=0.02",9,7,0.9894542622519727,real
Mess3,"a=0.9, x=0.02",10,7,0.9879294650737735,real
Mess3,"a=0.9, x=0.02",11,7,0.9878648904788312,real
Mess3,"a=0.9, x=0.02",12,7,0.9881112040819514,real
Mess3,"a=0.9, x=0.02",13,7,0.9880145561743486,real
Mess3,"a=0.9, x=0.02",14,7,0.9885577326136936,real
Mess3,"a=0.9, x=0.02",15,7,0.9892286604257956,real
Mess3,"a=0.9, x=0.02",16,7,0.989732875357021,real
Mess3,"a=0.9, x=0.02",17,7,0.9894440617669188,real
Mess3,"a=0.9, x=0.02",18,7,0.9902218216990688,real
Mess3,"a=0.9, x=0.02",19,7,0.9904007016098166,real
Mess3,"a=0.9, x=0.02",20,7,0.9903345412491116,real
Mess3,"a=0.9, x=0.02",21,7,0.9911218092667952,real
Mess3,"a=0.9, x=0.02",22,7,0.991576508275598,real
Mess3,"a=0.9, x=0.02",23,7,0.9916820247551948,real
Mess3,"a=0.9, x=0.02",24,7,0.9915789084854496,real
Mess3,"a=0.9, x=0.02",25,7,0.9918368871084484,real
Mess3,"a=0.9, x=0.02",26,7,0.9915935481382834,real
Mess3,"a=0.9, x=0.02",27,7,0.9916028031847448,real
Mess3,"a=0.9, x=0.02",0,8,0.9907603647872516,real
Mess3,"a=0.9, x=0.02",1,8,0.9951612064737544,real
Mess3,"a=0.9, x=0.02",2,8,0.996067984274282,real
Mess3,"a=0.9, x=0.02",3,8,0.9962779028306517,real
Mess3,"a=0.9, x=0.02",4,8,0.9963597738461928,real
Mess3,"a=0.9, x=0.02",5,8,0.9959308850653832,real
Mess3,"a=0.9, x=0.02",6,8,0.9950685474971396,real
Mess3,"a=0.9, x=0.02",7,8,0.9928483604551304,real
Mess3,"a=0.9, x=0.02",8,8,0.9918863638180258,real
Mess3,"a=0.9, x=0.02",9,8,0.989809623950244,real
Mess3,"a=0.9, x=0.02",10,8,0.9883535665222244,real
Mess3,"a=0.9, x=0.02",11,8,0.9877823098514746,real
Mess3,"a=0.9, x=0.02",12,8,0.987006214542521,real
Mess3,"a=0.9, x=0.02",13,8,0.9872895614507258,real
Mess3,"a=0.9, x=0.02",14,8,0.9880000201650824,real
Mess3,"a=0.9, x=0.02",15,8,0.9890502097467984,real
Mess3,"a=0.9, x=0.02",16,8,0.9886638951307928,real
Mess3,"a=0.9, x=0.02",17,8,0.9885319124535488,real
Mess3,"a=0.9, x=0.02",18,8,0.9887998361329948,real
Mess3,"a=0.9, x=0.02",19,8,0.9889686552345274,real
Mess3,"a=0.9, x=0.02",20,8,0.9891229640036224,real
Mess3,"a=0.9, x=0.02",21,8,0.9905702040899004,real
Mess3,"a=0.9, x=0.02",22,8,0.990939182625765,real
Mess3,"a=0.9, x=0.02",23,8,0.9908864526927949,real
Mess3,"a=0.9, x=0.02",24,8,0.990941873310377,real
Mess3,"a=0.9, x=0.02",25,8,0.9911529818051334,real
Mess3,"a=0.9, x=0.02",26,8,0.9908535160118824,real
Mess3,"a=0.9, x=0.02",27,8,0.9904900010221837,real
Mess3,"a=0.9, x=0.02",0,9,0.9902670166604496,real
Mess3,"a=0.9, x=0.02",1,9,0.9948082352892764,real
Mess3,"a=0.9, x=0.02",2,9,0.9965887860433704,real
Mess3,"a=0.9, x=0.02",3,9,0.9969957940617088,real
Mess3,"a=0.9, x=0.02",4,9,0.9967012242213272,real
Mess3,"a=0.9, x=0.02",5,9,0.9955050764258406,real
Mess3,"a=0.9, x=0.02",6,9,0.99487400053763,real
Mess3,"a=0.9, x=0.02",7,9,0.9933837769991012,real
Mess3,"a=0.9, x=0.02",8,9,0.9921514601019368,real
Mess3,"a=0.9, x=0.02",9,9,0.989574353851141,real
Mess3,"a=0.9, x=0.02",10,9,0.9880997248035216,real
Mess3,"a=0.9, x=0.02",11,9,0.9880886972648693,real
Mess3,"a=0.9, x=0.02",12,9,0.9882634779109638,real
Mess3,"a=0.9, x=0.02",13,9,0.987964110093338,real
Mess3,"a=0.9, x=0.02",14,9,0.9881294452858576,real
Mess3,"a=0.9, x=0.02",15,9,0.9887139648725318,real
Mess3,"a=0.9, x=0.02",16,9,0.98936029368354,real
Mess3,"a=0.9, x=0.02",17,9,0.9889659950819903,real
Mess3,"a=0.9, x=0.02",18,9,0.988798201572658,real
Mess3,"a=0.9, x=0.02",19,9,0.9891119120056676,real
Mess3,"a=0.9, x=0.02",20,9,0.9892231593603564,real
Mess3,"a=0.9, x=0.02",21,9,0.9907300483396928,real
Mess3,"a=0.9, x=0.02",22,9,0.9911771098842368,real
Mess3,"a=0.9, x=0.02",23,9,0.9914684261058072,real
Mess3,"a=0.9, x=0.02",24,9,0.9916029430923446,real
Mess3,"a=0.9, x=0.02",25,9,0.9917460057722772,real
Mess3,"a=0.9, x=0.02",26,9,0.991790546740823,real
Mess3,"a=0.9, x=0.02",27,9,0.9916191525681196,real
Wing,"x=0.9, y=0.4",0,0,0.8960356357692049,real
Wing,"x=0.9, y=0.4",1,0,0.9145326045121448,real
Wing,"x=0.9, y=0.4",2,0,0.9440782190924109,real
Wing,"x=0.9, y=0.4",3,0,0.9886367749227404,real
Wing,"x=0.9, y=0.4",4,0,0.9942896552139372,real
Wing,"x=0.9, y=0.4",5,0,0.9950232606736978,real
Wing,"x=0.9, y=0.4",6,0,0.9951979112773348,real
Wing,"x=0.9, y=0.4",7,0,0.9947554862096089,real
Wing,"x=0.9, y=0.4",8,0,0.9932432376940172,real
Wing,"x=0.9, y=0.4",9,0,0.9929775306037022,real
Wing,"x=0.9, y=0.4",10,0,0.9934764176316148,real
Wing,"x=0.9, y=0.4",11,0,0.99382341215952,real
Wing,"x=0.9, y=0.4",12,0,0.9942237505948373,real
Wing,"x=0.9, y=0.4",13,0,0.9940071719518484,real
Wing,"x=0.9, y=0.4",14,0,0.994911708158462,real
Wing,"x=0.9, y=0.4",15,0,0.9946637585344588,real
Wing,"x=0.9, y=0.4",16,0,0.9944659597165934,real
Wing,"x=0.9, y=0.4",17,0,0.9945261496756184,real
Wing,"x=0.9, y=0.4",18,0,0.9946018587440416,real
Wing,"x=0.9, y=0.4",19,0,0.994466509128254,real
Wing,"x=0.9, y=0.4",20,0,0.99469601310536,real
Wing,"x=0.9, y=0.4",21,0,0.99487588134976,real
Wing,"x=0.9, y=0.4",22,0,0.99477132993917,real
Wing,"x=0.9, y=0.4",23,0,0.9948474291181928,real
Wing,"x=0.9, y=0.4",24,0,0.9949402365005364,real
Wing,"x=0.9, y=0.4",25,0,0.9948785501735417,real
Wing,"x=0.9, y=0.4",26,0,0.9947143224613488,real
Wing,"x=0.9, y=0.4",27,0,0.9941453114602242,real
Wing,"x=0.9, y=0.4",0,1,0.8935924045424857,real
Wing,"x=0.9, y=0.4",1,1,0.9149458436638088,real
Wing,"x=0.9, y=0.4",2,1,0.9398148810453336,real
Wing,"x=0.9, y=0.4",3,1,0.987834430756936,real
Wing,"x=0.9, y=0.4",4,1,0.994134686536476,real
Wing,"x=0.9, y=0.4",5,1,0.9954978187789504,real
Wing,"x=0.9, y=0.4",6,1,0.995118394272665,real
Wing,"x=0.9, y=0.4",7,1,0.994904147210121,real
Wing,"x=0.9, y=0.4",8,1,0.9932577332666354,real
Wing,"x=0.9, y=0.4",9,1,0.9933687215343706,real
Wing,"x=0.9, y=0.4",10,1,0.9933011652446442,real
Wing,"x=0.9, y=0.4",11,1,0.9940480008457798,real
Wing,"x=0.9, y=0.4",12,1,0.9942645886851924,real
Wing,"x=0.9, y=0.4",13,1,0.9938128159641408,real
Wing,"x=0.9, y=0.4",14,1,0.9944052052064482,real
Wing,"x=0.9, y=0.4",15,1,0.9940451667057068,real
Wing,"x=0.9, y=0.4",16,1,0.9941208110880496,real
Wing,"x=0.9, y=0.4",17,1,0.994268416863338,real
Wing,"x=0.9, y=0.4",18,1,0.9942733407464968,real
Wing,"x=0.9, y=0.4",19,1,0.9939640531990068,real
Wing,"x=0.9, y=0.4",20,1,0.9938288278110302,real
Wing,"x=0.9, y=0.4",21,1,0.9941039023437612,real
Wing,"x=0.9, y=0.4",22,1,0.9938751238721152,real
Wing,"x=0.9, y=0.4",23,1,0.993867862345658,real
Wing,"x=0.9, y=0.4",24,1,0.9937625228602992,real
Wing,"x=0.9, y=0.4",25,1,0.9938174536478968,real
Wing,"x=0.9, y=0.4",26,1,0.9938730947113849,real
Wing,"x=0.9, y=0.4",27,1,0.9935212135899766,real
Wing,"x=0.9, y=0.4",0,2,0.8974451484816792,real
Wing,"x=0.9, y=0.4",1,2,0.916767394229855,real
Wing,"x=0.9, y=0.4",2,2,0.9430927142855652,real
Wing,"x=0.9, y=0.4",3,2,0.9878034484502995,real
Wing,"x=0.9, y=0.4",4,2,0.9931257682721432,real
Wing,"x=0.9, y=0.4",5,2,0.9946514078883604,real
Wing,"x=0.9, y=0.4",6,2,0.9944249368458312,real
Wing,"x=0.9, y=0.4",7,2,0.994120799872845,real
Wing,"x=0.9, y=0.4",8,2,0.9931764789679542,real
Wing,"x=0.9, y=0.4",9,2,0.9926322793976032,real
Wing,"x=0.9, y=0.4",10,2,0.9927185957360908,real
Wing,"x=0.9, y=0.4",11,2,0.9938611515871572,real
Wing,"x=0.9, y=0.4",12,2,0.994046504452082,real
Wing,"x=0.9, y=0.4",13,2,0.9937004024226682,real
Wing,"x=0.9, y=0.4",14,2,0.9945841133325376,real
Wing,"x=0.9, y=0.4",15,2,0.9942592145640108,real
Wing,"x=0.9, y=0.4",16,2,0.9938997434129944,real
Wing,"x=0.9, y=0.4",17,2,0.993943168910252,real
Wing,"x=0.9, y=0.4",18,2,0.9940121340961072,real
Wing,"x=0.9, y=0.4",19,2,0.9939813478401486,real
Wing,"x=0.9, y=0.4",20,2,0.994146970809272,real
Wing,"x=0.9, y=0.4",21,2,0.994418852242558,real
Wing,"x=0.9, y=0.4",22,2,0.9944663611242148,real
Wing,"x=0.9, y=0.4",23,2,0.9944293157875388,real
Wing,"x=0.9, y=0.4",24,2,0.9944895404356898,real
Wing,"x=0.9, y=0.4",25,2,0.9945493362026376,real
Wing,"x=0.9, y=0.4",26,2,0.9943213349963232,real
Wing,"x=0.9, y=0.4",27,2,0.9935122443141547,real
Wing,"x=0.9, y=0.4",0,3,0.8961008544836981,real
Wing,"x=0.9, y=0.4",1,3,0.912493702366696,real
Wing,"x=0.9, y=0.4",2,3,0.9423757014111034,real
Wing,"x=0.9, y=0.4",3,3,0.987972205975316,real
Wing,"x=0.9, y=0.4",4,3,0.9938462827921344,real
Wing,"x=0.9, y=0.4",5,3,0.9949972267650932,real
Wing,"x=0.9, y=0.4",6,3,0.9943014073855522,real
Wing,"x=0.9, y=0.4",7,3,0.9939960798858578,real
Wing,"x=0.9, y=0.4",8,3,0.9930267687081984,real
Wing,"x=0.9, y=0.4",9,3,0.9924506504284558,real
Wing,"x=0.9, y=0.4",10,3,0.9934637042787486,real
Wing,"x=0.9, y=0.4",11,3,0.9937539583768712,real
Wing,"x=0.9, y=0.4",12,3,0.9940236299991936,real
Wing,"x=0.9, y=0.4",13,3,0.993173652740045,real
Wing,"x=0.9, y=0.4",14,3,0.994537856214626,real
Wing,"x=0.9, y=0.4",15,3,0.9941035874506052,real
Wing,"x=0.9, y=0.4",16,3,0.9939494539594228,real
Wing,"x=0.9, y=0.4",17,3,0.9942276025918066,real
Wing,"x=0.9, y=0.4",18,3,0.9942975987265124,real
Wing,"x=0.9, y=0.4",19,3,0.9943099534961513,real
Wing,"x=0.9, y=0.4",20,3,0.9942674803765312,real
Wing,"x=0.9, y=0.4",21,3,0.994377104314605,real
Wing,"x=0.9, y=0.4",22,3,0.9944532111046894,real
Wing,"x=0.9, y=0.4",23,3,0.9944553207034532,real
Wing,"x=0.9, y=0.4",24,3,0.994568385780551,real
Wing,"x=0.9, y=0.4",25,3,0.9945611752749496,real
Wing,"x=0.9, y=0.4",26,3,0.9945028110640636,real
Wing,"x=0.9, y=0.4",27,3,0.9936008383602394,real
Wing,"x=0.9, y=0.4",0,4,0.884822494012299,real
Wing,"x=0.9, y=0.4",1,4,0.9052209102565824,real
Wing,"x=0.9, y=0.4",2,4,0.9326675346287608,real
Wing,"x=0.9, y=0.4",3,4,0.9875106794404898,real
Wing,"x=0.9, y=0.4",4,4,0.9930479309510104,real
Wing,"x=0.9, y=0.4",5,4,0.993686499251212,real
Wing,"x=0.9, y=0.4",6,4,0.9944251227390818,real
Wing,"x=0.9, y=0.4",7,4,0.9940419847554368,real
Wing,"x=0.9, y=0.4",8,4,0.9930539338912784,real
Wing,"x=0.9, y=0.4",9,4,0.9925119405858964,real
Wing,"x=0.9, y=0.4",10,4,0.992186475490584,real
Wing,"x=0.9, y=0.4",11,4,0.9927465361193962,real
Wing,"x=0.9, y=0.4",12,4,0.9930297294996066,real
Wing,"x=0.9, y=0.4",13,4,0.9933809378910544,real
Wing,"x=0.9, y=0.4",14,4,0.9942399826151882,real
Wing,"x=0.9, y=0.4",15,4,0.9939922140024032,real
Wing,"x=0.9, y=0.4",16,4,0.994149029223392,real
Wing,"x=0.9, y=0.4",17,4,0.9939483513012308,real
Wing,"x=0.9, y=0.4",18,4,0.9936484504269402,real
Wing,"x=0.9, y=0.4",19,4,0.99363035955977,real
Wing,"x=0.9, y=0.4",20,4,0.9935287369297712,real
Wing,"x=0.9, y=0.4",21,4,0.9937388220029784,real
Wing,"x=0.9, y=0.4",22,4,0.9936158509083216,real
Wing,"x=0.9, y=0.4",23,4,0.9936547294710688,real
Wing,"x=0.9, y=0.4",24,4,0.9938850115060112,real
Wing,"x=0.9, y=0.4",25,4,0.9938543076151904,real
Wing,"x=0.9, y=0.4",26,4,0.9936432222897542,real
Wing,"x=0.9, y=0.4",27,4,0.993454490675332,real
Wing,"x=0.9, y=0.4",0,5,0.8958534276595634,real
Wing,"x=0.9, y=0.4",1,5,0.9146869121493588,real
Wing,"x=0.9, y=0.4",2,5,0.941671212496099,real
Wing,"x=0.9, y=0.4",3,5,0.9892118395220554,real
Wing,"x=0.9, y=0.4",4,5,0.9943277861911244,real
Wing,"x=0.9, y=0.4",5,5,0.9949867682417974,real
Wing,"x=0.9, y=0.4",6,5,0.9955767216210928,real
Wing,"x=0.9, y=0.4",7,5,0.9952606949887108,real
Wing,"x=0.9, y=0.4",8,5,0.994223615797632,real
Wing,"x=0.9, y=0.4",9,5,0.9936414200531748,real
Wing,"x=0.9, y=0.4",10,5,0.9938101314360754,real
Wing,"x=0.9, y=0.4",11,5,0.9941775778247436,real
Wing,"x=0.9, y=0.4",12,5,0.9941795283465782,real
Wing,"x=0.9, y=0.4",13,5,0.9937540296865112,real
Wing,"x=0.9, y=0.4",14,5,0.9942948071505052,real
Wing,"x=0.9, y=0.4",15,5,0.9937840378183552,real
Wing,"x=0.9, y=0.4",16,5,0.99355764729565,real
Wing,"x=0.9, y=0.4",17,5,0.9936669620557768,real
Wing,"x=0.9, y=0.4",18,5,0.9937744165461152,real
Wing,"x=0.9, y=0.4",19,5,0.9938779740339204,real
Wing,"x=0.9, y=0.4",20,5,0.9938486953271962,real
Wing,"x=0.9, y=0.4",21,5,0.9938774702389164,real
Wing,"x=0.9, y=0.4",22,5,0.993754688391744,real
Wing,"x=0.9, y=0.4",23,5,0.9940109105833376,real
Wing,"x=0.9, y=0.4",24,5,0.99402196915309,real
Wing,"x=0.9, y=0.4",25,5,0.9940174403862336,real
Wing,"x=0.9, y=0.4",26,5,0.9942989856855404,real
Wing,"x=0.9, y=0.4",27,5,0.9935916292116184,real
Wing,"x=0.9, y=0.4",0,6,0.8924950969033079,real
Wing,"x=0.9, y=0.4",1,6,0.909672552403643,real
Wing,"x=0.9, y=0.4",2,6,0.9425812371147992,real
Wing,"x=0.9, y=0.4",3,6,0.9875908976997864,real
Wing,"x=0.9, y=0.4",4,6,0.9930130621375728,real
Wing,"x=0.9, y=0.4",5,6,0.9942963914706224,real
Wing,"x=0.9, y=0.4",6,6,0.994675878828314,real
Wing,"x=0.9, y=0.4",7,6,0.9941284368095442,real
Wing,"x=0.9, y=0.4",8,6,0.9927202655504864,real
Wing,"x=0.9, y=0.4",9,6,0.9929099604703014,real
Wing,"x=0.9, y=0.4",10,6,0.9927370254225018,real
Wing,"x=0.9, y=0.4",11,6,0.9934982186737884,real
Wing,"x=0.9, y=0.4",12,6,0.993911039098078,real
Wing,"x=0.9, y=0.4",13,6,0.993838315700136,real
Wing,"x=0.9, y=0.4",14,6,0.9942975700460536,real
Wing,"x=0.9, y=0.4",15,6,0.9941849784782651,real
Wing,"x=0.9, y=0.4",16,6,0.9941656490053248,real
Wing,"x=0.9, y=0.4",17,6,0.9941654191413222,real
Wing,"x=0.9, y=0.4",18,6,0.99409035809613,real
Wing,"x=0.9, y=0.4",19,6,0.993911112933182,real
Wing,"x=0.9, y=0.4",20,6,0.9939194827691046,real
Wing,"x=0.9, y=0.4",21,6,0.9940750965194768,real
Wing,"x=0.9, y=0.4",22,6,0.9941179605834892,real
Wing,"x=0.9, y=0.4",23,6,0.9943752076577468,real
Wing,"x=0.9, y=0.4",24,6,0.9945182687439076,real
Wing,"x=0.9, y=0.4",25,6,0.9945781180163136,real
Wing,"x=0.9, y=0.4",26,6,0.9945015022545952,real
Wing,"x=0.9, y=0.4",27,6,0.9935928446283842,real
Wing,"x=0.9, y=0.4",0,7,0.8965642549180434,real
Wing,"x=0.9, y=0.4",1,7,0.915903222615552,real
Wing,"x=0.9, y=0.4",2,7,0.9451582438275502,real
Wing,"x=0.9, y=0.4",3,7,0.98872676171256,real
Wing,"x=0.9, y=0.4",4,7,0.9935088524980176,real
Wing,"x=0.9, y=0.4",5,7,0.9940074138548718,real
Wing,"x=0.9, y=0.4",6,7,0.9941383277133744,real
Wing,"x=0.9, y=0.4",7,7,0.9944428152231756,real
Wing,"x=0.9, y=0.4",8,7,0.993215852805044,real
Wing,"x=0.9, y=0.4",9,7,0.9926089789327034,real
Wing,"x=0.9, y=0.4",10,7,0.9924403827934146,real
Wing,"x=0.9, y=0.4",11,7,0.9937842024156244,real
Wing,"x=0.9, y=0.4",12,7,0.9935589603977756,real
Wing,"x=0.9, y=0.4",13,7,0.9929783795779632,real
Wing,"x=0.9, y=0.4",14,7,0.9935143098077308,real
Wing,"x=0.9, y=0.4",15,7,0.9932592303918087,real
Wing,"x=0.9, y=0.4",16,7,0.9934140490379904,real
Wing,"x=0.9, y=0.4",17,7,0.9935214586897374,real
Wing,"x=0.9, y=0.4",18,7,0.9936990793153218,real
Wing,"x=0.9, y=0.4",19,7,0.9937239270940174,real
Wing,"x=0.9, y=0.4",20,7,0.993501323790576,real
Wing,"x=0.9, y=0.4",21,7,0.9936092467947328,real
Wing,"x=0.9, y=0.4",22,7,0.99318979982433,real
Wing,"x=0.9, y=0.4",23,7,0.9932170317167772,real
Wing,"x=0.9, y=0.4",24,7,0.9934691154238936,real
Wing,"x=0.9, y=0.4",25,7,0.993654154752832,real
Wing,"x=0.9, y=0.4",26,7,0.9936320736807214,real
Wing,"x=0.9, y=0.4",27,7,0.9932922841987128,real
Wing,"x=0.9, y=0.4",0,8,0.8910551209718834,real
Wing,"x=0.9, y=0.4",1,8,0.90574420027582,real
Wing,"x=0.9, y=0.4",2,8,0.9389878979834948,real
Wing,"x=0.9, y=0.4",3,8,0.9878053266078448,real
Wing,"x=0.9, y=0.4",4,8,0.9936997116378103,real
Wing,"x=0.9, y=0.4",5,8,0.9943773258178912,real
Wing,"x=0.9, y=0.4",6,8,0.9945200780088908,real
Wing,"x=0.9, y=0.4",7,8,0.9937917313988336,real
Wing,"x=0.9, y=0.4",8,8,0.992622735809802,real
Wing,"x=0.9, y=0.4",9,8,0.9923560249251854,real
Wing,"x=0.9, y=0.4",10,8,0.9922986609686266,real
Wing,"x=0.9, y=0.4",11,8,0.9927443850080192,real
Wing,"x=0.9, y=0.4",12,8,0.9923641340487503,real
Wing,"x=0.9, y=0.4",13,8,0.9925974002852128,real
Wing,"x=0.9, y=0.4",14,8,0.994105051912656,real
Wing,"x=0.9, y=0.4",15,8,0.9940507576818308,real
Wing,"x=0.9, y=0.4",16,8,0.9936443879927032,real
Wing,"x=0.9, y=0.4",17,8,0.993485032467219,real
Wing,"x=0.9, y=0.4",18,8,0.9935414719397988,real
Wing,"x=0.9, y=0.4",19,8,0.9935640298975376,real
Wing,"x=0.9, y=0.4",20,8,0.9935141989766044,real
Wing,"x=0.9, y=0.4",21,8,0.9935150706525222,real
Wing,"x=0.9, y=0.4",22,8,0.9933877757924996,real
Wing,"x=0.9, y=0.4",23,8,0.9933377007200112,real
Wing,"x=0.9, y=0.4",24,8,0.9936085073155488,real
Wing,"x=0.9, y=0.4",25,8,0.993631239471307,real
Wing,"x=0.9, y=0.4",26,8,0.9936221057341929,real
Wing,"x=0.9, y=0.4",27,8,0.9930647598558222,real
Wing,"x=0.9, y=0.4",0,9,0.8975925618279166,real
Wing,"x=0.9, y=0.4",1,9,0.9182288523208167,real
Wing,"x=0.9, y=0.4",2,9,0.946278980938436,real
Wing,"x=0.9, y=0.4",3,9,0.9879611246508414,real
Wing,"x=0.9, y=0.4",4,9,0.9931526595812836,real
Wing,"x=0.9, y=0.4",5,9,0.9945635970163894,real
Wing,"x=0.9, y=0.4",6,9,0.9945722210464552,real
Wing,"x=0.9, y=0.4",7,9,0.9941731221706112,real
Wing,"x=0.9, y=0.4",8,9,0.9922753819868174,real
Wing,"x=0.9, y=0.4",9,9,0.9921956338714566,real
Wing,"x=0.9, y=0.4",10,9,0.9914248318438402,real
Wing,"x=0.9, y=0.4",11,9,0.9921472890445712,real
Wing,"x=0.9, y=0.4",12,9,0.9924789483090604,real
Wing,"x=0.9, y=0.4",13,9,0.9924985159930332,real
Wing,"x=0.9, y=0.4",14,9,0.9929676875294372,real
Wing,"x=0.9, y=0.4",15,9,0.99321757314989,real
Wing,"x=0.9, y=0.4",16,9,0.9932352450936642,real
Wing,"x=0.9, y=0.4",17,9,0.993047806370394,real
Wing,"x=0.9, y=0.4",18,9,0.9929400273958622,real
Wing,"x=0.9, y=0.4",19,9,0.9932159977386982,real
Wing,"x=0.9, y=0.4",20,9,0.99308728553973,real
Wing,"x=0.9, y=0.4",21,9,0.9933006205159464,real
Wing,"x=0.9, y=0.4",22,9,0.9932982919173702,real
Wing,"x=0.9, y=0.4",23,9,0.9932775727058478,real
Wing,"x=0.9, y=0.4",24,9,0.9933683362729964,real
Wing,"x=0.9, y=0.4",25,9,0.993659293042719,real
Wing,"x=0.9, y=0.4",26,9,0.9934238049684576,real
Wing,"x=0.9, y=0.4",27,9,0.992906001413645,real
Wing,"x=0.91, y=0.4",0,0,0.8901074414593162,real
Wing,"x=0.91, y=0.4",1,0,0.9052481340756036,real
Wing,"x=0.91, y=0.4",2,0,0.9332888119820212,real
Wing,"x=0.91, y=0.4",3,0,0.9854410576244392,real
Wing,"x=0.91, y=0.4",4,0,0.9929084569357728,real
Wing,"x=0.91, y=0.4",5,0,0.9939108330925056,real
Wing,"x=0.91, y=0.4",6,0,0.9945795965805276,real
Wing,"x=0.91, y=0.4",7,0,0.993267905113796,real
Wing,"x=0.91, y=0.4",8,0,0.99242266493181,real
Wing,"x=0.91, y=0.4",9,0,0.9922678795493264,real
Wing,"x=0.91, y=0.4",10,0,0.9923763184891438,real
Wing,"x=0.91, y=0.4",11,0,0.9932808337100424,real
Wing,"x=0.91, y=0.4",12,0,0.9932424409289456,real
Wing,"x=0.91, y=0.4",13,0,0.9933823841745222,real
Wing,"x=0.91, y=0.4",14,0,0.994018818718335,real
Wing,"x=0.91, y=0.4",15,0,0.9941121106015226,real
Wing,"x=0.91, y=0.4",16,0,0.9940078192475348,real
Wing,"x=0.91, y=0.4",17,0,0.9939833314833968,real
Wing,"x=0.91, y=0.4",18,0,0.9941395188190056,real
Wing,"x=0.91, y=0.4",19,0,0.9942384151266984,real
Wing,"x=0.91, y=0.4",20,0,0.9941468152091724,real
Wing,"x=0.91, y=0.4",21,0,0.9941525273719796,real
Wing,"x=0.91, y=0.4",22,0,0.9938714605026994,real
Wing,"x=0.91, y=0.4",23,0,0.9939705024942596,real
Wing,"x=0.91, y=0.4",24,0,0.9941773871381792,real
Wing,"x=0.91, y=0.4",25,0,0.994104675303482,real
Wing,"x=0.91, y=0.4",26,0,0.9941645222362748,real
Wing,"x=0.91, y=0.4",27,0,0.9933364219307068,real
Wing,"x=0.91, y=0.4",0,1,0.8947980595095035,real
Wing,"x=0.91, y=0.4",1,1,0.9144844540730837,real
Wing,"x=0.91, y=0.4",2,1,0.9378020697577985,real
Wing,"x=0.91, y=0.4",3,1,0.9863684483057732,real
Wing,"x=0.91, y=0.4",4,1,0.9925490696086438,real
Wing,"x=0.91, y=0.4",5,1,0.9940467898443714,real
Wing,"x=0.91, y=0.4",6,1,0.994429548527072,real
Wing,"x=0.91, y=0.4",7,1,0.9935859868215052,real
Wing,"x=0.91, y=0.4",8,1,0.9915591360882148,real
Wing,"x=0.91, y=0.4",9,1,0.9920110804133592,real
Wing,"x=0.91, y=0.4",10,1,0.9917686400910584,real
Wing,"x=0.91, y=0.4",11,1,0.9928727066161164,real
Wing,"x=0.91, y=0.4",12,1,0.993063057214004,real
Wing,"x=0.91, y=0.4",13,1,0.9925398082728958,real
Wing,"x=0.91, y=0.4",14,1,0.9932485146689826,real
Wing,"x=0.91, y=0.4",15,1,0.9932037901130611,real
Wing,"x=0.91, y=0.4",16,1,0.9929388357797504,real
Wing,"x=0.91, y=0.4",17,1,0.9929691929679434,real
Wing,"x=0.91, y=0.4",18,1,0.9929291235423048,real
Wing,"x=0.91, y=0.4",19,1,0.9929579600942742,real
Wing,"x=0.91, y=0.4",20,1,0.9932565019760338,real
Wing,"x=0.91, y=0.4",21,1,0.993391312327573,real
Wing,"x=0.91, y=0.4",22,1,0.9932506706666892,real
Wing,"x=0.91, y=0.4",23,1,0.9932380209567472,real
Wing,"x=0.91, y=0.4",24,1,0.99330016010316,real
Wing,"x=0.91, y=0.4",25,1,0.9932313070172468,real
Wing,"x=0.91, y=0.4",26,1,0.9929010433415704,real
Wing,"x=0.91, y=0.4",27,1,0.9921635942762724,real
Wing,"x=0.91, y=0.4",0,2,0.8919406516179557,real
Wing,"x=0.91, y=0.4",1,2,0.9107158184110484,real
Wing,"x=0.91, y=0.4",2,2,0.9357790338162748,real
Wing,"x=0.91, y=0.4",3,2,0.985960627999274,real
Wing,"x=0.91, y=0.4",4,2,0.991452102897837,real
Wing,"x=0.91, y=0.4",5,2,0.9932504253877016,real
Wing,"x=0.91, y=0.4",6,2,0.9943237277394222,real
Wing,"x=0.91, y=0.4",7,2,0.993955612331018,real
Wing,"x=0.91, y=0.4",8,2,0.9922473086283596,real
Wing,"x=0.91, y=0.4",9,2,0.9921955767305966,real
Wing,"x=0.91, y=0.4",10,2,0.9924218544354652,real
Wing,"x=0.91, y=0.4",11,2,0.993336225693974,real
Wing,"x=0.91, y=0.4",12,2,0.9937057142041654,real
Wing,"x=0.91, y=0.4",13,2,0.9931956638361812,real
Wing,"x=0.91, y=0.4",14,2,0.9939685780973818,real
Wing,"x=0.91, y=0.4",15,2,0.9942212333051298,real
Wing,"x=0.91, y=0.4",16,2,0.9939303168016348,real
Wing,"x=0.91, y=0.4",17,2,0.993733577421094,real
Wing,"x=0.91, y=0.4",18,2,0.9939125995656196,real
Wing,"x=0.91, y=0.4",19,2,0.9938278997882726,real
Wing,"x=0.91, y=0.4",20,2,0.9937701904828224,real
Wing,"x=0.91, y=0.4",21,2,0.994040117596276,real
Wing,"x=0.91, y=0.4",22,2,0.9941062670628052,real
Wing,"x=0.91, y=0.4",23,2,0.9940943250442792,real
Wing,"x=0.91, y=0.4",24,2,0.994344443276917,real
Wing,"x=0.91, y=0.4",25,2,0.9944893419864868,real
Wing,"x=0.91, y=0.4",26,2,0.9941393993818856,real
Wing,"x=0.91, y=0.4",27,2,0.9933519171889555,real
Wing,"x=0.91, y=0.4",0,3,0.8909154314102663,real
Wing,"x=0.91, y=0.4",1,3,0.9090535548092696,real
Wing,"x=0.91, y=0.4",2,3,0.93777685143607,real
Wing,"x=0.91, y=0.4",3,3,0.9859828586569948,real
Wing,"x=0.91, y=0.4",4,3,0.9922567045001318,real
Wing,"x=0.91, y=0.4",5,3,0.9942376247238328,real
Wing,"x=0.91, y=0.4",6,3,0.9940689707033868,real
Wing,"x=0.91, y=0.4",7,3,0.993816962518407,real
Wing,"x=0.91, y=0.4",8,3,0.9920990694199228,real
Wing,"x=0.91, y=0.4",9,3,0.9921888451375956,real
Wing,"x=0.91, y=0.4",10,3,0.992648261065786,real
Wing,"x=0.91, y=0.4",11,3,0.9931453742821956,real
Wing,"x=0.91, y=0.4",12,3,0.9933776497101622,real
Wing,"x=0.91, y=0.4",13,3,0.993096212460836,real
Wing,"x=0.91, y=0.4",14,3,0.99403594281728,real
Wing,"x=0.91, y=0.4",15,3,0.99378302544274,real
Wing,"x=0.91, y=0.4",16,3,0.9939307404546772,real
Wing,"x=0.91, y=0.4",17,3,0.9939697565178528,real
Wing,"x=0.91, y=0.4",18,3,0.9941281432547774,real
Wing,"x=0.91, y=0.4",19,3,0.9940890397447986,real
Wing,"x=0.91, y=0.4",20,3,0.9939332178997804,real
Wing,"x=0.91, y=0.4",21,3,0.9940272810827914,real
Wing,"x=0.91, y=0.4",22,3,0.9942010295225346,real
Wing,"x=0.91, y=0.4",23,3,0.9941709529660474,real
Wing,"x=0.91, y=0.4",24,3,0.9942653569343958,real
Wing,"x=0.91, y=0.4",25,3,0.9942281766111034,real
Wing,"x=0.91, y=0.4",26,3,0.9943260212253762,real
Wing,"x=0.91, y=0.4",27,3,0.9932313119853808,real
Wing,"x=0.91, y=0.4",0,4,0.887813541620959,real
Wing,"x=0.91, y=0.4",1,4,0.9051246420521624,real
Wing,"x=0.91, y=0.4",2,4,0.931058329086036,real
Wing,"x=0.91, y=0.4",3,4,0.9851342422311244,real
Wing,"x=0.91, y=0.4",4,4,0.9912164683137784,real
Wing,"x=0.91, y=0.4",5,4,0.9930927004735076,real
Wing,"x=0.91, y=0.4",6,4,0.9925655423077964,real
Wing,"x=0.91, y=0.4",7,4,0.9926991385191816,real
Wing,"x=0.91, y=0.4",8,4,0.9922222547314632,real
Wing,"x=0.91, y=0.4",9,4,0.9918846887274266,real
Wing,"x=0.91, y=0.4",10,4,0.9921676191928328,real
Wing,"x=0.91, y=0.4",11,4,0.992564935126052,real
Wing,"x=0.91, y=0.4",12,4,0.9927767374279788,real
Wing,"x=0.91, y=0.4",13,4,0.992615006659364,real
Wing,"x=0.91, y=0.4",14,4,0.9934407393484148,real
Wing,"x=0.91, y=0.4",15,4,0.9934896310018332,real
Wing,"x=0.91, y=0.4",16,4,0.993330559526984,real
Wing,"x=0.91, y=0.4",17,4,0.9932263534814032,real
Wing,"x=0.91, y=0.4",18,4,0.9929070475555344,real
Wing,"x=0.91, y=0.4",19,4,0.9928704300337524,real
Wing,"x=0.91, y=0.4",20,4,0.9929834023502894,real
Wing,"x=0.91, y=0.4",21,4,0.993115162141164,real
Wing,"x=0.91, y=0.4",22,4,0.9932086322939376,real
Wing,"x=0.91, y=0.4",23,4,0.9931459756004788,real
Wing,"x=0.91, y=0.4",24,4,0.9934604673459226,real
Wing,"x=0.91, y=0.4",25,4,0.9931820400324308,real
Wing,"x=0.91, y=0.4",26,4,0.9930023791463292,real
Wing,"x=0.91, y=0.4",27,4,0.9928715199858374,real
Wing,"x=0.91, y=0.4",0,5,0.8947964816159182,real
Wing,"x=0.91, y=0.4",1,5,0.9129128734687252,real
Wing,"x=0.91, y=0.4",2,5,0.9373113025166822,real
Wing,"x=0.91, y=0.4",3,5,0.987708944008584,real
Wing,"x=0.91, y=0.4",4,5,0.99282746236542,real
Wing,"x=0.91, y=0.4",5,5,0.9939585315092366,real
Wing,"x=0.91, y=0.4",6,5,0.994472469351324,real
Wing,"x=0.91, y=0.4",7,5,0.9945709735854836,real
Wing,"x=0.91, y=0.4",8,5,0.9931845926344524,real
Wing,"x=0.91, y=0.4",9,5,0.993068434546525,real
Wing,"x=0.91, y=0.4",10,5,0.993183718964393,real
Wing,"x=0.91, y=0.4",11,5,0.993924685213437,real
Wing,"x=0.91, y=0.4",12,5,0.9940763225659296,real
Wing,"x=0.91, y=0.4",13,5,0.9935195018203448,real
Wing,"x=0.91, y=0.4",14,5,0.993711298767335,real
Wing,"x=0.91, y=0.4",15,5,0.993237505270232,real
Wing,"x=0.91, y=0.4",16,5,0.9930598331853656,real
Wing,"x=0.91, y=0.4",17,5,0.9933673084959962,real
Wing,"x=0.91, y=0.4",18,5,0.99348427353736,real
Wing,"x=0.91, y=0.4",19,5,0.9936140780339172,real
Wing,"x=0.91, y=0.4",20,5,0.9933904623410614,real
Wing,"x=0.91, y=0.4",21,5,0.993538801350806,real
Wing,"x=0.91, y=0.4",22,5,0.9936600839107544,real
Wing,"x=0.91, y=0.4",23,5,0.9936837092199536,real
Wing,"x=0.91, y=0.4",24,5,0.9938087755655048,real
Wing,"x=0.91, y=0.4",25,5,0.9937400396530056,real
Wing,"x=0.91, y=0.4",26,5,0.9937696573857177,real
Wing,"x=0.91, y=0.4",27,5,0.9931478139842352,real
Wing,"x=0.91, y=0.4",0,6,0.8890817851964813,real
Wing,"x=0.91, y=0.4",1,6,0.90666609699237,real
Wing,"x=0.91, y=0.4",2,6,0.9316465340014172,real
Wing,"x=0.91, y=0.4",3,6,0.9855138764729108,real
Wing,"x=0.91, y=0.4",4,6,0.9910302708331769,real
Wing,"x=0.91, y=0.4",5,6,0.9939000305339164,real
Wing,"x=0.91, y=0.4",6,6,0.9935509256998648,real
Wing,"x=0.91, y=0.4",7,6,0.9938886390042844,real
Wing,"x=0.91, y=0.4",8,6,0.9909615812593432,real
Wing,"x=0.91, y=0.4",9,6,0.9919492429852852,real
Wing,"x=0.91, y=0.4",10,6,0.9915723802233708,real
Wing,"x=0.91, y=0.4",11,6,0.9933868222023566,real
Wing,"x=0.91, y=0.4",12,6,0.993417682168485,real
Wing,"x=0.91, y=0.4",13,6,0.9936610340381437,real
Wing,"x=0.91, y=0.4",14,6,0.9940456111394904,real
Wing,"x=0.91, y=0.4",15,6,0.9941049528641472,real
Wing,"x=0.91, y=0.4",16,6,0.9940497565372732,real
Wing,"x=0.91, y=0.4",17,6,0.9939601704286036,real
Wing,"x=0.91, y=0.4",18,6,0.9937753764597644,real
Wing,"x=0.91, y=0.4",19,6,0.9938805620974196,real
Wing,"x=0.91, y=0.4",20,6,0.9936366520304194,real
Wing,"x=0.91, y=0.4",21,6,0.993603606226102,real
Wing,"x=0.91, y=0.4",22,6,0.993685372355188,real
Wing,"x=0.91, y=0.4",23,6,0.9937154361075844,real
Wing,"x=0.91, y=0.4",24,6,0.9936511482067154,real
Wing,"x=0.91, y=0.4",25,6,0.993604090084078,real
Wing,"x=0.91, y=0.4",26,6,0.99351242508157,real
Wing,"x=0.91, y=0.4",27,6,0.9928195893670816,real
Wing,"x=0.91, y=0.4",0,7,0.8963169679833632,real
Wing,"x=0.91, y=0.4",1,7,0.91644826159154,real
Wing,"x=0.91, y=0.4",2,7,0.9424317436145118,real
Wing,"x=0.91, y=0.4",3,7,0.9863182531598004,real
Wing,"x=0.91, y=0.4",4,7,0.9925602782971482,real
Wing,"x=0.91, y=0.4",5,7,0.9931936655015482,real
Wing,"x=0.91, y=0.4",6,7,0.9931391130082872,real
Wing,"x=0.91, y=0.4",7,7,0.9936735561426168,real
Wing,"x=0.91, y=0.4",8,7,0.9926613606860416,real
Wing,"x=0.91, y=0.4",9,7,0.992336153479306,real
Wing,"x=0.91, y=0.4",10,7,0.9914046567963952,real
Wing,"x=0.91, y=0.4",11,7,0.993323846715692,real
Wing,"x=0.91, y=0.4",12,7,0.9931803549871464,real
Wing,"x=0.91, y=0.4",13,7,0.99298349568532,real
Wing,"x=0.91, y=0.4",14,7,0.9938742095296056,real
Wing,"x=0.91, y=0.4",15,7,0.9936605116173872,real
Wing,"x=0.91, y=0.4",16,7,0.9936369328803883,real
Wing,"x=0.91, y=0.4",17,7,0.9937673911394894,real
Wing,"x=0.91, y=0.4",18,7,0.993642585638056,real
Wing,"x=0.91, y=0.4",19,7,0.9939290442705458,real
Wing,"x=0.91, y=0.4",20,7,0.993562029288912,real
Wing,"x=0.91, y=0.4",21,7,0.99359585803898,real
Wing,"x=0.91, y=0.4",22,7,0.9936254478711376,real
Wing,"x=0.91, y=0.4",23,7,0.9937648027851962,real
Wing,"x=0.91, y=0.4",24,7,0.99404246361445,real
Wing,"x=0.91, y=0.4",25,7,0.9941647522990203,real
Wing,"x=0.91, y=0.4",26,7,0.9941440500170566,real
Wing,"x=0.91, y=0.4",27,7,0.9936311149362912,real
Wing,"x=0.91, y=0.4",0,8,0.8898280423531224,real
Wing,"x=0.91, y=0.4",1,8,0.9069121462312272,real
Wing,"x=0.91, y=0.4",2,8,0.9393405845948312,real
Wing,"x=0.91, y=0.4",3,8,0.9857855098892568,real
Wing,"x=0.91, y=0.4",4,8,0.9924573257034116,real
Wing,"x=0.91, y=0.4",5,8,0.9935416301196316,real
Wing,"x=0.91, y=0.4",6,8,0.9935388961764272,real
Wing,"x=0.91, y=0.4",7,8,0.992983680292473,real
Wing,"x=0.91, y=0.4",8,8,0.9922329143710388,real
Wing,"x=0.91, y=0.4",9,8,0.9915409195339808,real
Wing,"x=0.91, y=0.4",10,8,0.9918081504064924,real
Wing,"x=0.91, y=0.4",11,8,0.9929592770317052,real
Wing,"x=0.91, y=0.4",12,8,0.9931652063927854,real
Wing,"x=0.91, y=0.4",13,8,0.992925381288278,real
Wing,"x=0.91, y=0.4",14,8,0.993450536033714,real
Wing,"x=0.91, y=0.4",15,8,0.9934711285189952,real
Wing,"x=0.91, y=0.4",16,8,0.9932878461258398,real
Wing,"x=0.91, y=0.4",17,8,0.993338925459052,real
Wing,"x=0.91, y=0.4",18,8,0.9932812118858048,real
Wing,"x=0.91, y=0.4",19,8,0.9932181012703776,real
Wing,"x=0.91, y=0.4",20,8,0.993167386462926,real
Wing,"x=0.91, y=0.4",21,8,0.9934187965310048,real
Wing,"x=0.91, y=0.4",22,8,0.9932238821594714,real
Wing,"x=0.91, y=0.4",23,8,0.9930563001355592,real
Wing,"x=0.91, y=0.4",24,8,0.9931473066322482,real
Wing,"x=0.91, y=0.4",25,8,0.9931353661594544,real
Wing,"x=0.91, y=0.4",26,8,0.9931211129445998,real
Wing,"x=0.91, y=0.4",27,8,0.9930715045951988,real
Wing,"x=0.91, y=0.4",0,9,0.8971341019494111,real
Wing,"x=0.91, y=0.4",1,9,0.912701302859008,real
Wing,"x=0.91, y=0.4",2,9,0.9392451794000676,real
Wing,"x=0.91, y=0.4",3,9,0.9856412752475566,real
Wing,"x=0.91, y=0.4",4,9,0.992400027203482,real
Wing,"x=0.91, y=0.4",5,9,0.9935256034702802,real
Wing,"x=0.91, y=0.4",6,9,0.9938278958289436,real
Wing,"x=0.91, y=0.4",7,9,0.9928428582062536,real
Wing,"x=0.91, y=0.4",8,9,0.9918816906212132,real
Wing,"x=0.91, y=0.4",9,9,0.9916098310675396,real
Wing,"x=0.91, y=0.4",10,9,0.9911949135720284,real
Wing,"x=0.91, y=0.4",11,9,0.9925435882259026,real
Wing,"x=0.91, y=0.4",12,9,0.991961443499099,real
Wing,"x=0.91, y=0.4",13,9,0.9921833526685918,real
Wing,"x=0.91, y=0.4",14,9,0.9935840945399104,real
Wing,"x=0.91, y=0.4",15,9,0.9933149048835734,real
Wing,"x=0.91, y=0.4",16,9,0.9929529406764676,real
Wing,"x=0.91, y=0.4",17,9,0.9930789970911634,real
Wing,"x=0.91, y=0.4",18,9,0.992885556440412,real
Wing,"x=0.91, y=0.4",19,9,0.9930430680496682,real
Wing,"x=0.91, y=0.4",20,9,0.9927631592066752,real
Wing,"x=0.91, y=0.4",21,9,0.9931004841496928,real
Wing,"x=0.91, y=0.4",22,9,0.9927942255686308,real
Wing,"x=0.91, y=0.4",23,9,0.9929371744555814,real
Wing,"x=0.91, y=0.4",24,9,0.9931054682177084,real
Wing,"x=0.91, y=0.4",25,9,0.9932352396390794,real
Wing,"x=0.91, y=0.4",26,9,0.9930976019848072,real
Wing,"x=0.91, y=0.4",27,9,0.9926824196417116,real
Wing,"x=0.92, y=0.4",0,0,0.883299991656508,real
Wing,"x=0.92, y=0.4",1,0,0.895960395702475,real
Wing,"x=0.92, y=0.4",2,0,0.9240455832504892,real
Wing,"x=0.92, y=0.4",3,0,0.9824502617193496,real
Wing,"x=0.92, y=0.4",4,0,0.991123474179778,real
Wing,"x=0.92, y=0.4",5,0,0.9933131744975396,real
Wing,"x=0.92, y=0.4",6,0,0.9934627050029788,real
Wing,"x=0.92, y=0.4",7,0,0.9922966392597656,real
Wing,"x=0.92, y=0.4",8,0,0.991290721465958,real
Wing,"x=0.92, y=0.4",9,0,0.9920938778988482,real
Wing,"x=0.92, y=0.4",10,0,0.9919237398647596,real
Wing,"x=0.92, y=0.4",11,0,0.9927019449178652,real
Wing,"x=0.92, y=0.4",12,0,0.9925702175033766,real
Wing,"x=0.92, y=0.4",13,0,0.992522193601127,real
Wing,"x=0.92, y=0.4",14,0,0.9928418924136386,real
Wing,"x=0.92, y=0.4",15,0,0.9930401121828668,real
Wing,"x=0.92, y=0.4",16,0,0.9927797078400958,real
Wing,"x=0.92, y=0.4",17,0,0.9933524707629448,real
Wing,"x=0.92, y=0.4",18,0,0.9930281511337008,real
Wing,"x=0.92, y=0.4",19,0,0.9932543096465278,real
Wing,"x=0.92, y=0.4",20,0,0.9933523992671742,real
Wing,"x=0.92, y=0.4",21,0,0.9937806898493176,real
Wing,"x=0.92, y=0.4",22,0,0.99334620425528,real
Wing,"x=0.92, y=0.4",23,0,0.993326743235382,real
Wing,"x=0.92, y=0.4",24,0,0.9936213238446449,real
Wing,"x=0.92, y=0.4",25,0,0.9935022969130564,real
Wing,"x=0.92, y=0.4",26,0,0.9935149123739592,real
Wing,"x=0.92, y=0.4",27,0,0.9925910775215936,real
Wing,"x=0.92, y=0.4",0,1,0.8902142085791734,real
Wing,"x=0.92, y=0.4",1,1,0.9098533435044052,real
Wing,"x=0.92, y=0.4",2,1,0.9350583247397196,real
Wing,"x=0.92, y=0.4",3,1,0.9837021560847496,real
Wing,"x=0.92, y=0.4",4,1,0.990399261287653,real
Wing,"x=0.92, y=0.4",5,1,0.9929900120820716,real
Wing,"x=0.92, y=0.4",6,1,0.991996098342335,real
Wing,"x=0.92, y=0.4",7,1,0.9919988071455704,real
Wing,"x=0.92, y=0.4",8,1,0.9896282450211976,real
Wing,"x=0.92, y=0.4",9,1,0.9904161548267072,real
Wing,"x=0.92, y=0.4",10,1,0.9905811496381656,real
Wing,"x=0.92, y=0.4",11,1,0.9922823988563038,real
Wing,"x=0.92, y=0.4",12,1,0.9929045112646976,real
Wing,"x=0.92, y=0.4",13,1,0.992197310674642,real
Wing,"x=0.92, y=0.4",14,1,0.9931217520112589,real
Wing,"x=0.92, y=0.4",15,1,0.9930461507722088,real
Wing,"x=0.92, y=0.4",16,1,0.992740759265407,real
Wing,"x=0.92, y=0.4",17,1,0.9927477268615964,real
Wing,"x=0.92, y=0.4",18,1,0.9929130668645944,real
Wing,"x=0.92, y=0.4",19,1,0.9930739322532848,real
Wing,"x=0.92, y=0.4",20,1,0.9927971156162838,real
Wing,"x=0.92, y=0.4",21,1,0.9927360700560036,real
Wing,"x=0.92, y=0.4",22,1,0.9926064472607168,real
Wing,"x=0.92, y=0.4",23,1,0.9928164806777104,real
Wing,"x=0.92, y=0.4",24,1,0.9931960797816988,real
Wing,"x=0.92, y=0.4",25,1,0.9932638709855266,real
Wing,"x=0.92, y=0.4",26,1,0.9932120444305534,real
Wing,"x=0.92, y=0.4",27,1,0.9925041626543516,real
Wing,"x=0.92, y=0.4",0,2,0.8827170424514008,real
Wing,"x=0.92, y=0.4",1,2,0.902627849152016,real
Wing,"x=0.92, y=0.4",2,2,0.9263435546127152,real
Wing,"x=0.92, y=0.4",3,2,0.983806510401727,real
Wing,"x=0.92, y=0.4",4,2,0.9916630286711958,real
Wing,"x=0.92, y=0.4",5,2,0.993557746287177,real
Wing,"x=0.92, y=0.4",6,2,0.9931993813946566,real
Wing,"x=0.92, y=0.4",7,2,0.9930691077988452,real
Wing,"x=0.92, y=0.4",8,2,0.9920162572982404,real
Wing,"x=0.92, y=0.4",9,2,0.9915019642402472,real
Wing,"x=0.92, y=0.4",10,2,0.9920877368914236,real
Wing,"x=0.92, y=0.4",11,2,0.9931881334232808,real
Wing,"x=0.92, y=0.4",12,2,0.9932031226100492,real
Wing,"x=0.92, y=0.4",13,2,0.9930504260470792,real
Wing,"x=0.92, y=0.4",14,2,0.9939950817174852,real
Wing,"x=0.92, y=0.4",15,2,0.9938698592489578,real
Wing,"x=0.92, y=0.4",16,2,0.9935154873376254,real
Wing,"x=0.92, y=0.4",17,2,0.9937529675524828,real
Wing,"x=0.92, y=0.4",18,2,0.993794412824174,real
Wing,"x=0.92, y=0.4",19,2,0.993633922467889,real
Wing,"x=0.92, y=0.4",20,2,0.9934742099097976,real
Wing,"x=0.92, y=0.4",21,2,0.9938028731279036,real
Wing,"x=0.92, y=0.4",22,2,0.9937265436984466,real
Wing,"x=0.92, y=0.4",23,2,0.9937290796002975,real
Wing,"x=0.92, y=0.4",24,2,0.9938238828010812,real
Wing,"x=0.92, y=0.4",25,2,0.9939003904126106,real
Wing,"x=0.92, y=0.4",26,2,0.993621860818653,real
Wing,"x=0.92, y=0.4",27,2,0.9927125344571288,real
Wing,"x=0.92, y=0.4",0,3,0.8870971990092955,real
Wing,"x=0.92, y=0.4",1,3,0.9036037133652224,real
Wing,"x=0.92, y=0.4",2,3,0.929285520141686,real
Wing,"x=0.92, y=0.4",3,3,0.9818006671608136,real
Wing,"x=0.92, y=0.4",4,3,0.99103312836713,real
Wing,"x=0.92, y=0.4",5,3,0.99221260517313,real
Wing,"x=0.92, y=0.4",6,3,0.9930658888416232,real
Wing,"x=0.92, y=0.4",7,3,0.9927184952931094,real
Wing,"x=0.92, y=0.4",8,3,0.9928532753354116,real
Wing,"x=0.92, y=0.4",9,3,0.9926869540200148,real
Wing,"x=0.92, y=0.4",10,3,0.9927803913127348,real
Wing,"x=0.92, y=0.4",11,3,0.9931405870506312,real
Wing,"x=0.92, y=0.4",12,3,0.9937103499227922,real
Wing,"x=0.92, y=0.4",13,3,0.993287107557161,real
Wing,"x=0.92, y=0.4",14,3,0.9939304289883928,real
Wing,"x=0.92, y=0.4",15,3,0.9939823366338116,real
Wing,"x=0.92, y=0.4",16,3,0.9940354277618568,real
Wing,"x=0.92, y=0.4",17,3,0.993903598511886,real
Wing,"x=0.92, y=0.4",18,3,0.994234207792899,real
Wing,"x=0.92, y=0.4",19,3,0.9938570828961104,real
Wing,"x=0.92, y=0.4",20,3,0.9937328038269716,real
Wing,"x=0.92, y=0.4",21,3,0.9936882046738036,real
Wing,"x=0.92, y=0.4",22,3,0.9936898757951056,real
Wing,"x=0.92, y=0.4",23,3,0.9936370403577512,real
Wing,"x=0.92, y=0.4",24,3,0.9935986983210638,real
Wing,"x=0.92, y=0.4",25,3,0.993658873298824,real
Wing,"x=0.92, y=0.4",26,3,0.9936695940442244,real
Wing,"x=0.92, y=0.4",27,3,0.992952037691165,real
Wing,"x=0.92, y=0.4",0,4,0.8825354894897567,real
Wing,"x=0.92, y=0.4",1,4,0.9000449073171239,real
Wing,"x=0.92, y=0.4",2,4,0.9234107625215406,real
Wing,"x=0.92, y=0.4",3,4,0.9825613726800604,real
Wing,"x=0.92, y=0.4",4,4,0.9906791436872394,real
Wing,"x=0.92, y=0.4",5,4,0.9918439310936152,real
Wing,"x=0.92, y=0.4",6,4,0.9922881815664356,real
Wing,"x=0.92, y=0.4",7,4,0.9919127538369286,real
Wing,"x=0.92, y=0.4",8,4,0.9905661236208528,real
Wing,"x=0.92, y=0.4",9,4,0.9900124211047804,real
Wing,"x=0.92, y=0.4",10,4,0.9906080127540412,real
Wing,"x=0.92, y=0.4",11,4,0.9919939176591764,real
Wing,"x=0.92, y=0.4",12,4,0.9917482095564488,real
Wing,"x=0.92, y=0.4",13,4,0.992020442500478,real
Wing,"x=0.92, y=0.4",14,4,0.9927770632762378,real
Wing,"x=0.92, y=0.4",15,4,0.9924138360710856,real
Wing,"x=0.92, y=0.4",16,4,0.9921739803257836,real
Wing,"x=0.92, y=0.4",17,4,0.9921433233087916,real
Wing,"x=0.92, y=0.4",18,4,0.9919096397148214,real
Wing,"x=0.92, y=0.4",19,4,0.9922456812142496,real
Wing,"x=0.92, y=0.4",20,4,0.9924304827623244,real
Wing,"x=0.92, y=0.4",21,4,0.9925362739390496,real
Wing,"x=0.92, y=0.4",22,4,0.9925445737514482,real
Wing,"x=0.92, y=0.4",23,4,0.9927454771805796,real
Wing,"x=0.92, y=0.4",24,4,0.9926980322730232,real
Wing,"x=0.92, y=0.4",25,4,0.9922771512556676,real
Wing,"x=0.92, y=0.4",26,4,0.9923007276745271,real
Wing,"x=0.92, y=0.4",27,4,0.9918619317509876,real
Wing,"x=0.92, y=0.4",0,5,0.8945691514995402,real
Wing,"x=0.92, y=0.4",1,5,0.9106436756002454,real
Wing,"x=0.92, y=0.4",2,5,0.9368249342686944,real
Wing,"x=0.92, y=0.4",3,5,0.9848310399411956,real
Wing,"x=0.92, y=0.4",4,5,0.991777069733586,real
Wing,"x=0.92, y=0.4",5,5,0.9931580550485664,real
Wing,"x=0.92, y=0.4",6,5,0.9939830322485638,real
Wing,"x=0.92, y=0.4",7,5,0.9934188681529408,real
Wing,"x=0.92, y=0.4",8,5,0.9930789953378926,real
Wing,"x=0.92, y=0.4",9,5,0.9927350892526318,real
Wing,"x=0.92, y=0.4",10,5,0.9925333356974556,real
Wing,"x=0.92, y=0.4",11,5,0.993038423322759,real
Wing,"x=0.92, y=0.4",12,5,0.9927111639952568,real
Wing,"x=0.92, y=0.4",13,5,0.992425316695713,real
Wing,"x=0.92, y=0.4",14,5,0.9934310090577314,real
Wing,"x=0.92, y=0.4",15,5,0.9933514362744756,real
Wing,"x=0.92, y=0.4",16,5,0.9934511258540816,real
Wing,"x=0.92, y=0.4",17,5,0.9934886133904668,real
Wing,"x=0.92, y=0.4",18,5,0.9935005645369648,real
Wing,"x=0.92, y=0.4",19,5,0.9936157949581632,real
Wing,"x=0.92, y=0.4",20,5,0.9936176840805314,real
Wing,"x=0.92, y=0.4",21,5,0.9937552902678216,real
Wing,"x=0.92, y=0.4",22,5,0.9936485880919396,real
Wing,"x=0.92, y=0.4",23,5,0.9937251398506532,real
Wing,"x=0.92, y=0.4",24,5,0.993631848268012,real
Wing,"x=0.92, y=0.4",25,5,0.9935706965429858,real
Wing,"x=0.92, y=0.4",26,5,0.993415763731442,real
Wing,"x=0.92, y=0.4",27,5,0.9925100854719696,real
Wing,"x=0.92, y=0.4",0,6,0.8875588523821509,real
Wing,"x=0.92, y=0.4",1,6,0.9072030392480606,real
Wing,"x=0.92, y=0.4",2,6,0.9302499803108064,real
Wing,"x=0.92, y=0.4",3,6,0.9806305854697568,real
Wing,"x=0.92, y=0.4",4,6,0.9893238013779864,real
Wing,"x=0.92, y=0.4",5,6,0.9922611987595068,real
Wing,"x=0.92, y=0.4",6,6,0.9930000833382604,real
Wing,"x=0.92, y=0.4",7,6,0.992695172879688,real
Wing,"x=0.92, y=0.4",8,6,0.9911785012546944,real
Wing,"x=0.92, y=0.4",9,6,0.9914128648557516,real
Wing,"x=0.92, y=0.4",10,6,0.9905791432645704,real
Wing,"x=0.92, y=0.4",11,6,0.9928689279432774,real
Wing,"x=0.92, y=0.4",12,6,0.9930483989102274,real
Wing,"x=0.92, y=0.4",13,6,0.9931488081981206,real
Wing,"x=0.92, y=0.4",14,6,0.9938971783038952,real
Wing,"x=0.92, y=0.4",15,6,0.993549825802246,real
Wing,"x=0.92, y=0.4",16,6,0.99357864632179,real
Wing,"x=0.92, y=0.4",17,6,0.9935962139608884,real
Wing,"x=0.92, y=0.4",18,6,0.993604260774585,real
Wing,"x=0.92, y=0.4",19,6,0.9935834158633826,real
Wing,"x=0.92, y=0.4",20,6,0.9934440006472312,real
Wing,"x=0.92, y=0.4",21,6,0.9935525900306388,real
Wing,"x=0.92, y=0.4",22,6,0.9935347424388628,real
Wing,"x=0.92, y=0.4",23,6,0.993629523460755,real
Wing,"x=0.92, y=0.4",24,6,0.9939942731955254,real
Wing,"x=0.92, y=0.4",25,6,0.9936463413135525,real
Wing,"x=0.92, y=0.4",26,6,0.993573268796013,real
Wing,"x=0.92, y=0.4",27,6,0.9926425223013712,real
Wing,"x=0.92, y=0.4",0,7,0.8986214226330362,real
Wing,"x=0.92, y=0.4",1,7,0.9132220285238418,real
Wing,"x=0.92, y=0.4",2,7,0.940591607744053,real
Wing,"x=0.92, y=0.4",3,7,0.984375319431964,real
Wing,"x=0.92, y=0.4",4,7,0.9918296303279704,real
Wing,"x=0.92, y=0.4",5,7,0.9922790910658326,real
Wing,"x=0.92, y=0.4",6,7,0.9931446143567592,real
Wing,"x=0.92, y=0.4",7,7,0.9924630064390516,real
Wing,"x=0.92, y=0.4",8,7,0.9909638626231924,real
Wing,"x=0.92, y=0.4",9,7,0.9916111491493276,real
Wing,"x=0.92, y=0.4",10,7,0.9909954797327968,real
Wing,"x=0.92, y=0.4",11,7,0.992386484939112,real
Wing,"x=0.92, y=0.4",12,7,0.992547654699545,real
Wing,"x=0.92, y=0.4",13,7,0.992455472563582,real
Wing,"x=0.92, y=0.4",14,7,0.9929127484948366,real
Wing,"x=0.92, y=0.4",15,7,0.9931065614190616,real
Wing,"x=0.92, y=0.4",16,7,0.992910031508188,real
Wing,"x=0.92, y=0.4",17,7,0.992908773139845,real
Wing,"x=0.92, y=0.4",18,7,0.992761233081528,real
Wing,"x=0.92, y=0.4",19,7,0.9929742706071174,real
Wing,"x=0.92, y=0.4",20,7,0.9930325838801234,real
Wing,"x=0.92, y=0.4",21,7,0.993208414236738,real
Wing,"x=0.92, y=0.4",22,7,0.9931760753802904,real
Wing,"x=0.92, y=0.4",23,7,0.9933884843266932,real
Wing,"x=0.92, y=0.4",24,7,0.9935916297461396,real
Wing,"x=0.92, y=0.4",25,7,0.993442265053725,real
Wing,"x=0.92, y=0.4",26,7,0.99317967080484,real
Wing,"x=0.92, y=0.4",27,7,0.9924897673358244,real
Wing,"x=0.92, y=0.4",0,8,0.8758960973276237,real
Wing,"x=0.92, y=0.4",1,8,0.8973870846466308,real
Wing,"x=0.92, y=0.4",2,8,0.9302960755101228,real
Wing,"x=0.92, y=0.4",3,8,0.982536178026014,real
Wing,"x=0.92, y=0.4",4,8,0.9907484747671536,real
Wing,"x=0.92, y=0.4",5,8,0.9931597521193174,real
Wing,"x=0.92, y=0.4",6,8,0.9934711929998816,real
Wing,"x=0.92, y=0.4",7,8,0.9930452390743932,real
Wing,"x=0.92, y=0.4",8,8,0.9921902692538048,real
Wing,"x=0.92, y=0.4",9,8,0.9924331952876436,real
Wing,"x=0.92, y=0.4",10,8,0.9919686696573128,real
Wing,"x=0.92, y=0.4",11,8,0.9930021368278856,real
Wing,"x=0.92, y=0.4",12,8,0.992859197270951,real
Wing,"x=0.92, y=0.4",13,8,0.9926497176067632,real
Wing,"x=0.92, y=0.4",14,8,0.9940198959570438,real
Wing,"x=0.92, y=0.4",15,8,0.993822042540292,real
Wing,"x=0.92, y=0.4",16,8,0.9936057661274152,real
Wing,"x=0.92, y=0.4",17,8,0.9935997826168842,real
Wing,"x=0.92, y=0.4",18,8,0.9933680752752112,real
Wing,"x=0.92, y=0.4",19,8,0.993326651307604,real
Wing,"x=0.92, y=0.4",20,8,0.9933626566000856,real
Wing,"x=0.92, y=0.4",21,8,0.993571869137695,real
Wing,"x=0.92, y=0.4",22,8,0.9934246674139288,real
Wing,"x=0.92, y=0.4",23,8,0.9933087812884612,real
Wing,"x=0.92, y=0.4",24,8,0.9936125304214732,real
Wing,"x=0.92, y=0.4",25,8,0.9936371915721576,real
Wing,"x=0.92, y=0.4",26,8,0.9935818383265664,real
Wing,"x=0.92, y=0.4",27,8,0.9927269047053744,real
Wing,"x=0.92, y=0.4",0,9,0.8911857722118209,real
Wing,"x=0.92, y=0.4",1,9,0.9107642497703202,real
Wing,"x=0.92, y=0.4",2,9,0.9365407024125304,real
Wing,"x=0.92, y=0.4",3,9,0.9842967833392844,real
Wing,"x=0.92, y=0.4",4,9,0.9908378530470664,real
Wing,"x=0.92, y=0.4",5,9,0.9929095018037264,real
Wing,"x=0.92, y=0.4",6,9,0.9926756395214156,real
Wing,"x=0.92, y=0.4",7,9,0.9914361328188728,real
Wing,"x=0.92, y=0.4",8,9,0.9912353025842122,real
Wing,"x=0.92, y=0.4",9,9,0.9907656268919294,real
Wing,"x=0.92, y=0.4",10,9,0.9899127986561512,real
Wing,"x=0.92, y=0.4",11,9,0.9918721693788928,real
Wing,"x=0.92, y=0.4",12,9,0.99127216862792,real
Wing,"x=0.92, y=0.4",13,9,0.9916686667638066,real
Wing,"x=0.92, y=0.4",14,9,0.9921058558784946,real
Wing,"x=0.92, y=0.4",15,9,0.9917911782508864,real
Wing,"x=0.92, y=0.4",16,9,0.9914213918379684,real
Wing,"x=0.92, y=0.4",17,9,0.9915785065439204,real
Wing,"x=0.92, y=0.4",18,9,0.9913392753381872,real
Wing,"x=0.92, y=0.4",19,9,0.9915471332568148,real
Wing,"x=0.92, y=0.4",20,9,0.9914413368327438,real
Wing,"x=0.92, y=0.4",21,9,0.991745821479498,real
Wing,"x=0.92, y=0.4",22,9,0.991766111999048,real
Wing,"x=0.92, y=0.4",23,9,0.99206304040558,real
Wing,"x=0.92, y=0.4",24,9,0.9920269765592512,real
Wing,"x=0.92, y=0.4",25,9,0.9921777504023358,real
Wing,"x=0.92, y=0.4",26,9,0.9920375470802876,real
Wing,"x=0.92, y=0.4",27,9,0.9912759971873992,real
Wing,"x=0.93, y=0.4",0,0,0.8720343077857755,real
Wing,"x=0.93, y=0.4",1,0,0.8896376858358702,real
Wing,"x=0.93, y=0.4",2,0,0.915650394202005,real
Wing,"x=0.93, y=0.4",3,0,0.9776935299604764,real
Wing,"x=0.93, y=0.4",4,0,0.9892311698082744,real
Wing,"x=0.93, y=0.4",5,0,0.9920572846761108,real
Wing,"x=0.93, y=0.4",6,0,0.9929535689078656,real
Wing,"x=0.93, y=0.4",7,0,0.9912237625343142,real
Wing,"x=0.93, y=0.4",8,0,0.990427132103872,real
Wing,"x=0.93, y=0.4",9,0,0.9915767405665892,real
Wing,"x=0.93, y=0.4",10,0,0.9911086560224645,real
Wing,"x=0.93, y=0.4",11,0,0.9918785753652968,real
Wing,"x=0.93, y=0.4",12,0,0.9921587580689396,real
Wing,"x=0.93, y=0.4",13,0,0.99188062033315,real
Wing,"x=0.93, y=0.4",14,0,0.9931163888798712,real
Wing,"x=0.93, y=0.4",15,0,0.9928087569350572,real
Wing,"x=0.93, y=0.4",16,0,0.9926080811076944,real
Wing,"x=0.93, y=0.4",17,0,0.9922084538582936,real
Wing,"x=0.93, y=0.4",18,0,0.992284522977804,real
Wing,"x=0.93, y=0.4",19,0,0.9924844686349636,real
Wing,"x=0.93, y=0.4",20,0,0.9926235442580074,real
Wing,"x=0.93, y=0.4",21,0,0.992817441600336,real
Wing,"x=0.93, y=0.4",22,0,0.9925189370901172,real
Wing,"x=0.93, y=0.4",23,0,0.9925905336868428,real
Wing,"x=0.93, y=0.4",24,0,0.9929785420798524,real
Wing,"x=0.93, y=0.4",25,0,0.992959486418446,real
Wing,"x=0.93, y=0.4",26,0,0.9926939636164822,real
Wing,"x=0.93, y=0.4",27,0,0.9921862183639912,real
Wing,"x=0.93, y=0.4",0,1,0.8927366502804275,real
Wing,"x=0.93, y=0.4",1,1,0.9133556859962176,real
Wing,"x=0.93, y=0.4",2,1,0.9344566494945786,real
Wing,"x=0.93, y=0.4",3,1,0.9792608637282963,real
Wing,"x=0.93, y=0.4",4,1,0.987765868640596,real
Wing,"x=0.93, y=0.4",5,1,0.991017378288119,real
Wing,"x=0.93, y=0.4",6,1,0.9903936043398208,real
Wing,"x=0.93, y=0.4",7,1,0.9898255917791872,real
Wing,"x=0.93, y=0.4",8,1,0.9863973318290826,real
Wing,"x=0.93, y=0.4",9,1,0.9876675038109206,real
Wing,"x=0.93, y=0.4",10,1,0.9877359528023326,real
Wing,"x=0.93, y=0.4",11,1,0.9890216943221972,real
Wing,"x=0.93, y=0.4",12,1,0.9897218595867388,real
Wing,"x=0.93, y=0.4",13,1,0.990383245190136,real
Wing,"x=0.93, y=0.4",14,1,0.9923528033782274,real
Wing,"x=0.93, y=0.4",15,1,0.992025126229768,real
Wing,"x=0.93, y=0.4",16,1,0.991647803882592,real
Wing,"x=0.93, y=0.4",17,1,0.9915230487441004,real
Wing,"x=0.93, y=0.4",18,1,0.9912697263139862,real
Wing,"x=0.93, y=0.4",19,1,0.9915033624062692,real
Wing,"x=0.93, y=0.4",20,1,0.9912663699680928,real
Wing,"x=0.93, y=0.4",21,1,0.9912525428462524,real
Wing,"x=0.93, y=0.4",22,1,0.9911329975147156,real
Wing,"x=0.93, y=0.4",23,1,0.9910371018347042,real
Wing,"x=0.93, y=0.4",24,1,0.9913327986404368,real
Wing,"x=0.93, y=0.4",25,1,0.9916842853217864,real
Wing,"x=0.93, y=0.4",26,1,0.991517418013115,real
Wing,"x=0.93, y=0.4",27,1,0.991022750883373,real
Wing,"x=0.93, y=0.4",0,2,0.8773031550641971,real
Wing,"x=0.93, y=0.4",1,2,0.8991923940212619,real
Wing,"x=0.93, y=0.4",2,2,0.9221144507296,real
Wing,"x=0.93, y=0.4",3,2,0.9795999147203752,real
Wing,"x=0.93, y=0.4",4,2,0.9888068401461304,real
Wing,"x=0.93, y=0.4",5,2,0.9910407850407276,real
Wing,"x=0.93, y=0.4",6,2,0.9916294394496996,real
Wing,"x=0.93, y=0.4",7,2,0.9905859756065014,real
Wing,"x=0.93, y=0.4",8,2,0.9893455960649958,real
Wing,"x=0.93, y=0.4",9,2,0.9903831219191528,real
Wing,"x=0.93, y=0.4",10,2,0.9898155652850918,real
Wing,"x=0.93, y=0.4",11,2,0.9915442636662412,real
Wing,"x=0.93, y=0.4",12,2,0.9921487327431584,real
Wing,"x=0.93, y=0.4",13,2,0.9920719870246564,real
Wing,"x=0.93, y=0.4",14,2,0.9928082729975696,real
Wing,"x=0.93, y=0.4",15,2,0.992446453294003,real
Wing,"x=0.93, y=0.4",16,2,0.9924913224072393,real
Wing,"x=0.93, y=0.4",17,2,0.9924747941234005,real
Wing,"x=0.93, y=0.4",18,2,0.992403157659762,real
Wing,"x=0.93, y=0.4",19,2,0.992410514657856,real
Wing,"x=0.93, y=0.4",20,2,0.9923413479512816,real
Wing,"x=0.93, y=0.4",21,2,0.9925640013961544,real
Wing,"x=0.93, y=0.4",22,2,0.9921579627627216,real
Wing,"x=0.93, y=0.4",23,2,0.9922849270706404,real
Wing,"x=0.93, y=0.4",24,2,0.9924393412159318,real
Wing,"x=0.93, y=0.4",25,2,0.9924760486777616,real
Wing,"x=0.93, y=0.4",26,2,0.9920790245107785,real
Wing,"x=0.93, y=0.4",27,2,0.9916757945285416,real
Wing,"x=0.93, y=0.4",0,3,0.8754272789635902,real
Wing,"x=0.93, y=0.4",1,3,0.8926158183146524,real
Wing,"x=0.93, y=0.4",2,3,0.9187674796784222,real
Wing,"x=0.93, y=0.4",3,3,0.9764725711654704,real
Wing,"x=0.93, y=0.4",4,3,0.9884925709740904,real
Wing,"x=0.93, y=0.4",5,3,0.9918573231351976,real
Wing,"x=0.93, y=0.4",6,3,0.9930580929656906,real
Wing,"x=0.93, y=0.4",7,3,0.9918542712753188,real
Wing,"x=0.93, y=0.4",8,3,0.9915210001636948,real
Wing,"x=0.93, y=0.4",9,3,0.9920015362886112,real
Wing,"x=0.93, y=0.4",10,3,0.9915697538575136,real
Wing,"x=0.93, y=0.4",11,3,0.9927515227247896,real
Wing,"x=0.93, y=0.4",12,3,0.993063915654211,real
Wing,"x=0.93, y=0.4",13,3,0.992303298805046,real
Wing,"x=0.93, y=0.4",14,3,0.9938492678973698,real
Wing,"x=0.93, y=0.4",15,3,0.99380721192115,real
Wing,"x=0.93, y=0.4",16,3,0.9935110079006474,real
Wing,"x=0.93, y=0.4",17,3,0.9935891374877276,real
Wing,"x=0.93, y=0.4",18,3,0.9936797857389978,real
Wing,"x=0.93, y=0.4",19,3,0.9937331265129236,real
Wing,"x=0.93, y=0.4",20,3,0.9936888460931734,real
Wing,"x=0.93, y=0.4",21,3,0.9936928084013568,real
Wing,"x=0.93, y=0.4",22,3,0.9935180981329492,real
Wing,"x=0.93, y=0.4",23,3,0.9935282036446176,real
Wing,"x=0.93, y=0.4",24,3,0.993659966069078,real
Wing,"x=0.93, y=0.4",25,3,0.99362491090613,real
Wing,"x=0.93, y=0.4",26,3,0.9935858591770588,real
Wing,"x=0.93, y=0.4",27,3,0.9926817828491606,real
Wing,"x=0.93, y=0.4",0,4,0.8785278955040736,real
Wing,"x=0.93, y=0.4",1,4,0.8974338076770189,real
Wing,"x=0.93, y=0.4",2,4,0.9169279465727692,real
Wing,"x=0.93, y=0.4",3,4,0.9775232447757124,real
Wing,"x=0.93, y=0.4",4,4,0.98849483731259,real
Wing,"x=0.93, y=0.4",5,4,0.9890027150675164,real
Wing,"x=0.93, y=0.4",6,4,0.9908569801189044,real
Wing,"x=0.93, y=0.4",7,4,0.9900848729159284,real
Wing,"x=0.93, y=0.4",8,4,0.988091960118926,real
Wing,"x=0.93, y=0.4",9,4,0.988980202900924,real
Wing,"x=0.93, y=0.4",10,4,0.988827669962232,real
Wing,"x=0.93, y=0.4",11,4,0.9911818019644024,real
Wing,"x=0.93, y=0.4",12,4,0.9912817250009328,real
Wing,"x=0.93, y=0.4",13,4,0.991221029607431,real
Wing,"x=0.93, y=0.4",14,4,0.9924027569328222,real
Wing,"x=0.93, y=0.4",15,4,0.9919887055708516,real
Wing,"x=0.93, y=0.4",16,4,0.9920286331051896,real
Wing,"x=0.93, y=0.4",17,4,0.99202860058012,real
Wing,"x=0.93, y=0.4",18,4,0.9916555012921752,real
Wing,"x=0.93, y=0.4",19,4,0.9913786220013716,real
Wing,"x=0.93, y=0.4",20,4,0.9916867398144396,real
Wing,"x=0.93, y=0.4",21,4,0.992003408106878,real
Wing,"x=0.93, y=0.4",22,4,0.9917495457235596,real
Wing,"x=0.93, y=0.4",23,4,0.9917957006040662,real
Wing,"x=0.93, y=0.4",24,4,0.9915397740834696,real
Wing,"x=0.93, y=0.4",25,4,0.9911670819612092,real
Wing,"x=0.93, y=0.4",26,4,0.9912066878587492,real
Wing,"x=0.93, y=0.4",27,4,0.9897065611844452,real
Wing,"x=0.93, y=0.4",0,5,0.8907293649865948,real
Wing,"x=0.93, y=0.4",1,5,0.9073250722554,real
Wing,"x=0.93, y=0.4",2,5,0.9293839831013716,real
Wing,"x=0.93, y=0.4",3,5,0.981972215543499,real
Wing,"x=0.93, y=0.4",4,5,0.9895573424985368,real
Wing,"x=0.93, y=0.4",5,5,0.9920070241335754,real
Wing,"x=0.93, y=0.4",6,5,0.9925260977072852,real
Wing,"x=0.93, y=0.4",7,5,0.9924987249520456,real
Wing,"x=0.93, y=0.4",8,5,0.9919713302351132,real
Wing,"x=0.93, y=0.4",9,5,0.9923749590543196,real
Wing,"x=0.93, y=0.4",10,5,0.9923364634975204,real
Wing,"x=0.93, y=0.4",11,5,0.9927056491885332,real
Wing,"x=0.93, y=0.4",12,5,0.9923151735767786,real
Wing,"x=0.93, y=0.4",13,5,0.9926419856525048,real
Wing,"x=0.93, y=0.4",14,5,0.9937281041430984,real
Wing,"x=0.93, y=0.4",15,5,0.993166632922323,real
Wing,"x=0.93, y=0.4",16,5,0.9930187480604676,real
Wing,"x=0.93, y=0.4",17,5,0.9930177845537906,real
Wing,"x=0.93, y=0.4",18,5,0.9928789887343312,real
Wing,"x=0.93, y=0.4",19,5,0.9929434190517756,real
Wing,"x=0.93, y=0.4",20,5,0.9928745573860464,real
Wing,"x=0.93, y=0.4",21,5,0.992909456000285,real
Wing,"x=0.93, y=0.4",22,5,0.9928295033890756,real
Wing,"x=0.93, y=0.4",23,5,0.9926663460521818,real
Wing,"x=0.93, y=0.4",24,5,0.9930416548169504,real
Wing,"x=0.93, y=0.4",25,5,0.9930047056771906,real
Wing,"x=0.93, y=0.4",26,5,0.992940819707486,real
Wing,"x=0.93, y=0.4",27,5,0.9919643481649754,real
Wing,"x=0.93, y=0.4",0,6,0.8891782004458603,real
Wing,"x=0.93, y=0.4",1,6,0.9076186739672724,real
Wing,"x=0.93, y=0.4",2,6,0.9279649450229892,real
Wing,"x=0.93, y=0.4",3,6,0.9809668965465186,real
Wing,"x=0.93, y=0.4",4,6,0.989772687587362,real
Wing,"x=0.93, y=0.4",5,6,0.9921322058100808,real
Wing,"x=0.93, y=0.4",6,6,0.9929387071319586,real
Wing,"x=0.93, y=0.4",7,6,0.9924182466474888,real
Wing,"x=0.93, y=0.4",8,6,0.990383277917406,real
Wing,"x=0.93, y=0.4",9,6,0.9909148149587396,real
Wing,"x=0.93, y=0.4",10,6,0.9902124385757548,real
Wing,"x=0.93, y=0.4",11,6,0.9926520641912252,real
Wing,"x=0.93, y=0.4",12,6,0.992638288608865,real
Wing,"x=0.93, y=0.4",13,6,0.9923979816665892,real
Wing,"x=0.93, y=0.4",14,6,0.992977964043053,real
Wing,"x=0.93, y=0.4",15,6,0.9932110068090336,real
Wing,"x=0.93, y=0.4",16,6,0.9932736311978247,real
Wing,"x=0.93, y=0.4",17,6,0.9932229450451638,real
Wing,"x=0.93, y=0.4",18,6,0.9929355188622416,real
Wing,"x=0.93, y=0.4",19,6,0.9929154897568716,real
Wing,"x=0.93, y=0.4",20,6,0.9930565286518388,real
Wing,"x=0.93, y=0.4",21,6,0.9931670391588951,real
Wing,"x=0.93, y=0.4",22,6,0.9932095768841728,real
Wing,"x=0.93, y=0.4",23,6,0.993164770690884,real
Wing,"x=0.93, y=0.4",24,6,0.9933749149087492,real
Wing,"x=0.93, y=0.4",25,6,0.9934930405839176,real
Wing,"x=0.93, y=0.4",26,6,0.9934081632010916,real
Wing,"x=0.93, y=0.4",27,6,0.9930049266475408,real
Wing,"x=0.93, y=0.4",0,7,0.890492851037391,real
Wing,"x=0.93, y=0.4",1,7,0.9067822424048154,real
Wing,"x=0.93, y=0.4",2,7,0.930233752577452,real
Wing,"x=0.93, y=0.4",3,7,0.9804446567354668,real
Wing,"x=0.93, y=0.4",4,7,0.9888765722023488,real
Wing,"x=0.93, y=0.4",5,7,0.9914057869152716,real
Wing,"x=0.93, y=0.4",6,7,0.991352422901738,real
Wing,"x=0.93, y=0.4",7,7,0.9913417536740846,real
Wing,"x=0.93, y=0.4",8,7,0.9897899729524844,real
Wing,"x=0.93, y=0.4",9,7,0.9897368614991686,real
Wing,"x=0.93, y=0.4",10,7,0.9905731108689444,real
Wing,"x=0.93, y=0.4",11,7,0.9915596335683832,real
Wing,"x=0.93, y=0.4",12,7,0.9917126008737044,real
Wing,"x=0.93, y=0.4",13,7,0.9916702757022068,real
Wing,"x=0.93, y=0.4",14,7,0.9919652429718788,real
Wing,"x=0.93, y=0.4",15,7,0.9923087611954065,real
Wing,"x=0.93, y=0.4",16,7,0.9922325525912024,real
Wing,"x=0.93, y=0.4",17,7,0.9919273935364809,real
Wing,"x=0.93, y=0.4",18,7,0.9918096128284613,real
Wing,"x=0.93, y=0.4",19,7,0.9920186254373006,real
Wing,"x=0.93, y=0.4",20,7,0.9919668436731688,real
Wing,"x=0.93, y=0.4",21,7,0.9922724772873864,real
Wing,"x=0.93, y=0.4",22,7,0.992158152272029,real
Wing,"x=0.93, y=0.4",23,7,0.9921240220453196,real
Wing,"x=0.93, y=0.4",24,7,0.9922032325410634,real
Wing,"x=0.93, y=0.4",25,7,0.9919841042612126,real
Wing,"x=0.93, y=0.4",26,7,0.9920051105825344,real
Wing,"x=0.93, y=0.4",27,7,0.9914226796187972,real
Wing,"x=0.93, y=0.4",0,8,0.8663954248986556,real
Wing,"x=0.93, y=0.4",1,8,0.8884187882325301,real
Wing,"x=0.93, y=0.4",2,8,0.918365499860072,real
Wing,"x=0.93, y=0.4",3,8,0.9775945798063068,real
Wing,"x=0.93, y=0.4",4,8,0.9890359359220876,real
Wing,"x=0.93, y=0.4",5,8,0.9917334928265898,real
Wing,"x=0.93, y=0.4",6,8,0.9928810079636238,real
Wing,"x=0.93, y=0.4",7,8,0.991865983552298,real
Wing,"x=0.93, y=0.4",8,8,0.9906029530233152,real
Wing,"x=0.93, y=0.4",9,8,0.9913682017285086,real
Wing,"x=0.93, y=0.4",10,8,0.9914364656937852,real
Wing,"x=0.93, y=0.4",11,8,0.9924375882981088,real
Wing,"x=0.93, y=0.4",12,8,0.9922565563358982,real
Wing,"x=0.93, y=0.4",13,8,0.9912884324947135,real
Wing,"x=0.93, y=0.4",14,8,0.9932255278841368,real
Wing,"x=0.93, y=0.4",15,8,0.993045470196353,real
Wing,"x=0.93, y=0.4",16,8,0.9926635481455032,real
Wing,"x=0.93, y=0.4",17,8,0.9925606111956558,real
Wing,"x=0.93, y=0.4",18,8,0.992425915254236,real
Wing,"x=0.93, y=0.4",19,8,0.9923286361602894,real
Wing,"x=0.93, y=0.4",20,8,0.992259531552184,real
Wing,"x=0.93, y=0.4",21,8,0.9927836470423992,real
Wing,"x=0.93, y=0.4",22,8,0.9926446984372576,real
Wing,"x=0.93, y=0.4",23,8,0.992507760781628,real
Wing,"x=0.93, y=0.4",24,8,0.9927778702720363,real
Wing,"x=0.93, y=0.4",25,8,0.993004819110994,real
Wing,"x=0.93, y=0.4",26,8,0.9930568671467476,real
Wing,"x=0.93, y=0.4",27,8,0.9921138990123948,real
Wing,"x=0.93, y=0.4",0,9,0.8890907699683397,real
Wing,"x=0.93, y=0.4",1,9,0.9074571942304912,real
Wing,"x=0.93, y=0.4",2,9,0.930886465457154,real
Wing,"x=0.93, y=0.4",3,9,0.9818003525984232,real
Wing,"x=0.93, y=0.4",4,9,0.9888627276503456,real
Wing,"x=0.93, y=0.4",5,9,0.9909513357027232,real
Wing,"x=0.93, y=0.4",6,9,0.9916853809295566,real
Wing,"x=0.93, y=0.4",7,9,0.9907354461368202,real
Wing,"x=0.93, y=0.4",8,9,0.9903607255459144,real
Wing,"x=0.93, y=0.4",9,9,0.9902040205796876,real
Wing,"x=0.93, y=0.4",10,9,0.9897734675115308,real
Wing,"x=0.93, y=0.4",11,9,0.9914775947702574,real
Wing,"x=0.93, y=0.4",12,9,0.9917577445633072,real
Wing,"x=0.93, y=0.4",13,9,0.9918006521904112,real
Wing,"x=0.93, y=0.4",14,9,0.9923212657294076,real
Wing,"x=0.93, y=0.4",15,9,0.9923510437790386,real
Wing,"x=0.93, y=0.4",16,9,0.9920809319508084,real
Wing,"x=0.93, y=0.4",17,9,0.9916841496902168,real
Wing,"x=0.93, y=0.4",18,9,0.9917660613233884,real
Wing,"x=0.93, y=0.4",19,9,0.9917246419949352,real
Wing,"x=0.93, y=0.4",20,9,0.991639333958428,real
Wing,"x=0.93, y=0.4",21,9,0.99182688604198,real
Wing,"x=0.93, y=0.4",22,9,0.9915170875915698,real
Wing,"x=0.93, y=0.4",23,9,0.991329523431406,real
Wing,"x=0.93, y=0.4",24,9,0.991442010170596,real
Wing,"x=0.93, y=0.4",25,9,0.9918748290411812,real
Wing,"x=0.93, y=0.4",26,9,0.9919079040058688,real
Wing,"x=0.93, y=0.4",27,9,0.9910995634624532,real
Wing,"x=0.94, y=0.4",0,0,0.876076940189386,real
Wing,"x=0.94, y=0.4",1,0,0.8930723140729131,real
Wing,"x=0.94, y=0.4",2,0,0.912973558120563,real
Wing,"x=0.94, y=0.4",3,0,0.9765442852788156,real
Wing,"x=0.94, y=0.4",4,0,0.9867786697481408,real
Wing,"x=0.94, y=0.4",5,0,0.990978227794822,real
Wing,"x=0.94, y=0.4",6,0,0.9919269754004084,real
Wing,"x=0.94, y=0.4",7,0,0.9908674627633518,real
Wing,"x=0.94, y=0.4",8,0,0.9895956380935635,real
Wing,"x=0.94, y=0.4",9,0,0.9899862291715232,real
Wing,"x=0.94, y=0.4",10,0,0.990608539683482,real
Wing,"x=0.94, y=0.4",11,0,0.9924498180575962,real
Wing,"x=0.94, y=0.4",12,0,0.9929285282232796,real
Wing,"x=0.94, y=0.4",13,0,0.9923889037252128,real
Wing,"x=0.94, y=0.4",14,0,0.993184351444402,real
Wing,"x=0.94, y=0.4",15,0,0.9931068261294952,real
Wing,"x=0.94, y=0.4",16,0,0.9926127769884664,real
Wing,"x=0.94, y=0.4",17,0,0.9927001133452146,real
Wing,"x=0.94, y=0.4",18,0,0.9929291667231755,real
Wing,"x=0.94, y=0.4",19,0,0.9930981911256898,real
Wing,"x=0.94, y=0.4",20,0,0.9929089377594872,real
Wing,"x=0.94, y=0.4",21,0,0.9927373199712098,real
Wing,"x=0.94, y=0.4",22,0,0.9929089283289936,real
Wing,"x=0.94, y=0.4",23,0,0.9930983653124554,real
Wing,"x=0.94, y=0.4",24,0,0.993357132511812,real
Wing,"x=0.94, y=0.4",25,0,0.9932670884939064,real
Wing,"x=0.94, y=0.4",26,0,0.993130508318077,real
Wing,"x=0.94, y=0.4",27,0,0.991978075362541,real
Wing,"x=0.94, y=0.4",0,1,0.8935723722770875,real
Wing,"x=0.94, y=0.4",1,1,0.9116839992366844,real
Wing,"x=0.94, y=0.4",2,1,0.928301982639068,real
Wing,"x=0.94, y=0.4",3,1,0.977955544071004,real
Wing,"x=0.94, y=0.4",4,1,0.9875443289849266,real
Wing,"x=0.94, y=0.4",5,1,0.9903844621109104,real
Wing,"x=0.94, y=0.4",6,1,0.9900091267287896,real
Wing,"x=0.94, y=0.4",7,1,0.9893104282489004,real
Wing,"x=0.94, y=0.4",8,1,0.9861224416738812,real
Wing,"x=0.94, y=0.4",9,1,0.9882905952624692,real
Wing,"x=0.94, y=0.4",10,1,0.9883916393690956,real
Wing,"x=0.94, y=0.4",11,1,0.990677702998796,real
Wing,"x=0.94, y=0.4",12,1,0.9906713685301384,real
Wing,"x=0.94, y=0.4",13,1,0.990401262175705,real
Wing,"x=0.94, y=0.4",14,1,0.9919493173915096,real
Wing,"x=0.94, y=0.4",15,1,0.991241247850189,real
Wing,"x=0.94, y=0.4",16,1,0.9907859697170855,real
Wing,"x=0.94, y=0.4",17,1,0.9911166251386074,real
Wing,"x=0.94, y=0.4",18,1,0.9909016215256108,real
Wing,"x=0.94, y=0.4",19,1,0.9910639700051206,real
Wing,"x=0.94, y=0.4",20,1,0.991156720568684,real
Wing,"x=0.94, y=0.4",21,1,0.991278620666354,real
Wing,"x=0.94, y=0.4",22,1,0.9906839781847312,real
Wing,"x=0.94, y=0.4",23,1,0.9907751045114872,real
Wing,"x=0.94, y=0.4",24,1,0.9911334070892368,real
Wing,"x=0.94, y=0.4",25,1,0.9910801459545892,real
Wing,"x=0.94, y=0.4",26,1,0.9910631043675926,real
Wing,"x=0.94, y=0.4",27,1,0.990600493840007,real
Wing,"x=0.94, y=0.4",0,2,0.8665201001879418,real
Wing,"x=0.94, y=0.4",1,2,0.883452499082469,real
Wing,"x=0.94, y=0.4",2,2,0.9104534677662252,real
Wing,"x=0.94, y=0.4",3,2,0.9738909590469984,real
Wing,"x=0.94, y=0.4",4,2,0.9865015803263476,real
Wing,"x=0.94, y=0.4",5,2,0.9887159140826156,real
Wing,"x=0.94, y=0.4",6,2,0.9894823453092884,real
Wing,"x=0.94, y=0.4",7,2,0.9883683098042386,real
Wing,"x=0.94, y=0.4",8,2,0.9881525536514156,real
Wing,"x=0.94, y=0.4",9,2,0.989564253503609,real
Wing,"x=0.94, y=0.4",10,2,0.9883413316218012,real
Wing,"x=0.94, y=0.4",11,2,0.9916650461573516,real
Wing,"x=0.94, y=0.4",12,2,0.9909243690677956,real
Wing,"x=0.94, y=0.4",13,2,0.9910311114090056,real
Wing,"x=0.94, y=0.4",14,2,0.9919553690271954,real
Wing,"x=0.94, y=0.4",15,2,0.991989200186654,real
Wing,"x=0.94, y=0.4",16,2,0.9915133310496412,real
Wing,"x=0.94, y=0.4",17,2,0.9919037517626252,real
Wing,"x=0.94, y=0.4",18,2,0.9919119981391828,real
Wing,"x=0.94, y=0.4",19,2,0.9914022140039906,real
Wing,"x=0.94, y=0.4",20,2,0.991323054601856,real
Wing,"x=0.94, y=0.4",21,2,0.9913389873123176,real
Wing,"x=0.94, y=0.4",22,2,0.9910321532448402,real
Wing,"x=0.94, y=0.4",23,2,0.9913346506147636,real
Wing,"x=0.94, y=0.4",24,2,0.9918260981039124,real
Wing,"x=0.94, y=0.4",25,2,0.9915206093684382,real
Wing,"x=0.94, y=0.4",26,2,0.9911593952710848,real
Wing,"x=0.94, y=0.4",27,2,0.9905331552405148,real
Wing,"x=0.94, y=0.4",0,3,0.8678024493851093,real
Wing,"x=0.94, y=0.4",1,3,0.8854941024328429,real
Wing,"x=0.94, y=0.4",2,3,0.9057888324255572,real
Wing,"x=0.94, y=0.4",3,3,0.9724055862047628,real
Wing,"x=0.94, y=0.4",4,3,0.9860572582657884,real
Wing,"x=0.94, y=0.4",5,3,0.9898771209783443,real
Wing,"x=0.94, y=0.4",6,3,0.991934104742194,real
Wing,"x=0.94, y=0.4",7,3,0.990511388557446,real
Wing,"x=0.94, y=0.4",8,3,0.9904119160748096,real
Wing,"x=0.94, y=0.4",9,3,0.9914965663425822,real
Wing,"x=0.94, y=0.4",10,3,0.991684345377411,real
Wing,"x=0.94, y=0.4",11,3,0.9927799203941734,real
Wing,"x=0.94, y=0.4",12,3,0.9931614705564976,real
Wing,"x=0.94, y=0.4",13,3,0.9929535159771634,real
Wing,"x=0.94, y=0.4",14,3,0.9936389349490404,real
Wing,"x=0.94, y=0.4",15,3,0.9933967447173024,real
Wing,"x=0.94, y=0.4",16,3,0.9934928527737128,real
Wing,"x=0.94, y=0.4",17,3,0.9936135007677984,real
Wing,"x=0.94, y=0.4",18,3,0.9936353381516412,real
Wing,"x=0.94, y=0.4",19,3,0.9934955239409178,real
Wing,"x=0.94, y=0.4",20,3,0.9934026063076752,real
Wing,"x=0.94, y=0.4",21,3,0.9937594783210338,real
Wing,"x=0.94, y=0.4",22,3,0.993580323450453,real
Wing,"x=0.94, y=0.4",23,3,0.9933529278838288,real
Wing,"x=0.94, y=0.4",24,3,0.9934593692990872,real
Wing,"x=0.94, y=0.4",25,3,0.993599041444022,real
Wing,"x=0.94, y=0.4",26,3,0.9934391353864672,real
Wing,"x=0.94, y=0.4",27,3,0.992358877043994,real
Wing,"x=0.94, y=0.4",0,4,0.8834206190587444,real
Wing,"x=0.94, y=0.4",1,4,0.9026971989107612,real
Wing,"x=0.94, y=0.4",2,4,0.9198942268092288,real
Wing,"x=0.94, y=0.4",3,4,0.9779100911324224,real
Wing,"x=0.94, y=0.4",4,4,0.9880056104231992,real
Wing,"x=0.94, y=0.4",5,4,0.9909219635943184,real
Wing,"x=0.94, y=0.4",6,4,0.9905240696384228,real
Wing,"x=0.94, y=0.4",7,4,0.99032501188665,real
Wing,"x=0.94, y=0.4",8,4,0.989076774191366,real
Wing,"x=0.94, y=0.4",9,4,0.9884609167093836,real
Wing,"x=0.94, y=0.4",10,4,0.9894562920630144,real
Wing,"x=0.94, y=0.4",11,4,0.9910677211426112,real
Wing,"x=0.94, y=0.4",12,4,0.9906790467178452,real
Wing,"x=0.94, y=0.4",13,4,0.99118097810053,real
Wing,"x=0.94, y=0.4",14,4,0.9925667541512226,real
Wing,"x=0.94, y=0.4",15,4,0.9924246785674236,real
Wing,"x=0.94, y=0.4",16,4,0.9920296219958948,real
Wing,"x=0.94, y=0.4",17,4,0.992481554460002,real
Wing,"x=0.94, y=0.4",18,4,0.9919435288041274,real
Wing,"x=0.94, y=0.4",19,4,0.9917426570606844,real
Wing,"x=0.94, y=0.4",20,4,0.991566609900086,real
Wing,"x=0.94, y=0.4",21,4,0.9914381696182122,real
Wing,"x=0.94, y=0.4",22,4,0.9915858732995396,real
Wing,"x=0.94, y=0.4",23,4,0.9915202530224408,real
Wing,"x=0.94, y=0.4",24,4,0.9913329614751624,real
Wing,"x=0.94, y=0.4",25,4,0.991420967061744,real
Wing,"x=0.94, y=0.4",26,4,0.9915065035728686,real
Wing,"x=0.94, y=0.4",27,4,0.9906753945554464,real
Wing,"x=0.94, y=0.4",0,5,0.8866057483317138,real
Wing,"x=0.94, y=0.4",1,5,0.904028428854902,real
Wing,"x=0.94, y=0.4",2,5,0.9250645090379837,real
Wing,"x=0.94, y=0.4",3,5,0.9770851873019448,real
Wing,"x=0.94, y=0.4",4,5,0.9885570075361094,real
Wing,"x=0.94, y=0.4",5,5,0.9913407858098726,real
Wing,"x=0.94, y=0.4",6,5,0.9922829081416022,real
Wing,"x=0.94, y=0.4",7,5,0.9920087283543356,real
Wing,"x=0.94, y=0.4",8,5,0.9910302595390338,real
Wing,"x=0.94, y=0.4",9,5,0.9918145571241572,real
Wing,"x=0.94, y=0.4",10,5,0.9915128947995786,real
Wing,"x=0.94, y=0.4",11,5,0.9919689014806846,real
Wing,"x=0.94, y=0.4",12,5,0.992472505159816,real
Wing,"x=0.94, y=0.4",13,5,0.9926695726036054,real
Wing,"x=0.94, y=0.4",14,5,0.9933906452892411,real
Wing,"x=0.94, y=0.4",15,5,0.9931896549928731,real
Wing,"x=0.94, y=0.4",16,5,0.9933367593402396,real
Wing,"x=0.94, y=0.4",17,5,0.9933215035691596,real
Wing,"x=0.94, y=0.4",18,5,0.9930352182598334,real
Wing,"x=0.94, y=0.4",19,5,0.9927099364157348,real
Wing,"x=0.94, y=0.4",20,5,0.992773655214644,real
Wing,"x=0.94, y=0.4",21,5,0.9930246306518302,real
Wing,"x=0.94, y=0.4",22,5,0.9928683012500188,real
Wing,"x=0.94, y=0.4",23,5,0.992917386769574,real
Wing,"x=0.94, y=0.4",24,5,0.993066565914404,real
Wing,"x=0.94, y=0.4",25,5,0.9931204145978808,real
Wing,"x=0.94, y=0.4",26,5,0.9932547709865328,real
Wing,"x=0.94, y=0.4",27,5,0.9920792966616944,real
Wing,"x=0.94, y=0.4",0,6,0.882993110715883,real
Wing,"x=0.94, y=0.4",1,6,0.8996660283788996,real
Wing,"x=0.94, y=0.4",2,6,0.9187140378353248,real
Wing,"x=0.94, y=0.4",3,6,0.9776720135631026,real
Wing,"x=0.94, y=0.4",4,6,0.9881567246975664,real
Wing,"x=0.94, y=0.4",5,6,0.990091824443619,real
Wing,"x=0.94, y=0.4",6,6,0.9920587810052538,real
Wing,"x=0.94, y=0.4",7,6,0.9910053110857566,real
Wing,"x=0.94, y=0.4",8,6,0.9892526964773252,real
Wing,"x=0.94, y=0.4",9,6,0.9890742682357782,real
Wing,"x=0.94, y=0.4",10,6,0.989277143322626,real
Wing,"x=0.94, y=0.4",11,6,0.9912068380508976,real
Wing,"x=0.94, y=0.4",12,6,0.9921646644264218,real
Wing,"x=0.94, y=0.4",13,6,0.991970121379156,real
Wing,"x=0.94, y=0.4",14,6,0.9928220862626804,real
Wing,"x=0.94, y=0.4",15,6,0.9923185085043068,real
Wing,"x=0.94, y=0.4",16,6,0.9923639441739688,real
Wing,"x=0.94, y=0.4",17,6,0.992216103989,real
Wing,"x=0.94, y=0.4",18,6,0.9921079456777168,real
Wing,"x=0.94, y=0.4",19,6,0.9917801072271988,real
Wing,"x=0.94, y=0.4",20,6,0.9920256063511014,real
Wing,"x=0.94, y=0.4",21,6,0.9923728228763812,real
Wing,"x=0.94, y=0.4",22,6,0.992251947214045,real
Wing,"x=0.94, y=0.4",23,6,0.9922773015092012,real
Wing,"x=0.94, y=0.4",24,6,0.9926148937403578,real
Wing,"x=0.94, y=0.4",25,6,0.9926153370228248,real
Wing,"x=0.94, y=0.4",26,6,0.99246045966343,real
Wing,"x=0.94, y=0.4",27,6,0.9917191535384604,real
Wing,"x=0.94, y=0.4",0,7,0.8889001583972274,real
Wing,"x=0.94, y=0.4",1,7,0.9079946190343609,real
Wing,"x=0.94, y=0.4",2,7,0.9281409159607188,real
Wing,"x=0.94, y=0.4",3,7,0.9781921808753296,real
Wing,"x=0.94, y=0.4",4,7,0.9866096446448528,real
Wing,"x=0.94, y=0.4",5,7,0.989522476136486,real
Wing,"x=0.94, y=0.4",6,7,0.9896765012181667,real
Wing,"x=0.94, y=0.4",7,7,0.9900810699911852,real
Wing,"x=0.94, y=0.4",8,7,0.9877495755458912,real
Wing,"x=0.94, y=0.4",9,7,0.9892300314691927,real
Wing,"x=0.94, y=0.4",10,7,0.9887417718534296,real
Wing,"x=0.94, y=0.4",11,7,0.9909945572063832,real
Wing,"x=0.94, y=0.4",12,7,0.9912676849041138,real
Wing,"x=0.94, y=0.4",13,7,0.9905142077085692,real
Wing,"x=0.94, y=0.4",14,7,0.9915474326782724,real
Wing,"x=0.94, y=0.4",15,7,0.9923622282449278,real
Wing,"x=0.94, y=0.4",16,7,0.9918878054596104,real
Wing,"x=0.94, y=0.4",17,7,0.9915687148912128,real
Wing,"x=0.94, y=0.4",18,7,0.9917731739191435,real
Wing,"x=0.94, y=0.4",19,7,0.991750716513099,real
Wing,"x=0.94, y=0.4",20,7,0.9917379384248044,real
Wing,"x=0.94, y=0.4",21,7,0.9919421100646032,real
Wing,"x=0.94, y=0.4",22,7,0.9915377987657104,real
Wing,"x=0.94, y=0.4",23,7,0.9915036519275288,real
Wing,"x=0.94, y=0.4",24,7,0.9914891468395494,real
Wing,"x=0.94, y=0.4",25,7,0.9917313167458404,real
Wing,"x=0.94, y=0.4",26,7,0.9917533553557968,real
Wing,"x=0.94, y=0.4",27,7,0.9909418294968648,real
Wing,"x=0.94, y=0.4",0,8,0.8689037164026385,real
Wing,"x=0.94, y=0.4",1,8,0.8875184778687382,real
Wing,"x=0.94, y=0.4",2,8,0.9165779866743144,real
Wing,"x=0.94, y=0.4",3,8,0.975059999641076,real
Wing,"x=0.94, y=0.4",4,8,0.9877802772623546,real
Wing,"x=0.94, y=0.4",5,8,0.9909905182665064,real
Wing,"x=0.94, y=0.4",6,8,0.9930714373199464,real
Wing,"x=0.94, y=0.4",7,8,0.9919931564852392,real
Wing,"x=0.94, y=0.4",8,8,0.9904921255151936,real
Wing,"x=0.94, y=0.4",9,8,0.9911121700867592,real
Wing,"x=0.94, y=0.4",10,8,0.990410048389018,real
Wing,"x=0.94, y=0.4",11,8,0.9918427400805232,real
Wing,"x=0.94, y=0.4",12,8,0.9911014604387436,real
Wing,"x=0.94, y=0.4",13,8,0.9908471987561592,real
Wing,"x=0.94, y=0.4",14,8,0.9923334254400598,real
Wing,"x=0.94, y=0.4",15,8,0.992935772210642,real
Wing,"x=0.94, y=0.4",16,8,0.9925085714056844,real
Wing,"x=0.94, y=0.4",17,8,0.9926611278632484,real
Wing,"x=0.94, y=0.4",18,8,0.9922696687559852,real
Wing,"x=0.94, y=0.4",19,8,0.9921574879253549,real
Wing,"x=0.94, y=0.4",20,8,0.9920121635989272,real
Wing,"x=0.94, y=0.4",21,8,0.992385690310814,real
Wing,"x=0.94, y=0.4",22,8,0.9921287382445356,real
Wing,"x=0.94, y=0.4",23,8,0.992223585033488,real
Wing,"x=0.94, y=0.4",24,8,0.9925885300064974,real
Wing,"x=0.94, y=0.4",25,8,0.9925556531203276,real
Wing,"x=0.94, y=0.4",26,8,0.9923963927830012,real
Wing,"x=0.94, y=0.4",27,8,0.9915327288344766,real
Wing,"x=0.94, y=0.4",0,9,0.8950267724538834,real
Wing,"x=0.94, y=0.4",1,9,0.9092841966762134,real
Wing,"x=0.94, y=0.4",2,9,0.9329718115605302,real
Wing,"x=0.94, y=0.4",3,9,0.9789849672173688,real
Wing,"x=0.94, y=0.4",4,9,0.9879582021876236,real
Wing,"x=0.94, y=0.4",5,9,0.9898886974079972,real
Wing,"x=0.94, y=0.4",6,9,0.989502958603344,real
Wing,"x=0.94, y=0.4",7,9,0.989214623645137,real
Wing,"x=0.94, y=0.4",8,9,0.9883128429234636,real
Wing,"x=0.94, y=0.4",9,9,0.9881898184190838,real
Wing,"x=0.94, y=0.4",10,9,0.9889321162134062,real
Wing,"x=0.94, y=0.4",11,9,0.9911736849236344,real
Wing,"x=0.94, y=0.4",12,9,0.9914220508118126,real
Wing,"x=0.94, y=0.4",13,9,0.9911625518803824,real
Wing,"x=0.94, y=0.4",14,9,0.9924352943139202,real
Wing,"x=0.94, y=0.4",15,9,0.9923051261858796,real
Wing,"x=0.94, y=0.4",16,9,0.9918082135516164,real
Wing,"x=0.94, y=0.4",17,9,0.9918254477809758,real
Wing,"x=0.94, y=0.4",18,9,0.9917385869486356,real
Wing,"x=0.94, y=0.4",19,9,0.9917990799637028,real
Wing,"x=0.94, y=0.4",20,9,0.9917591335668224,real
Wing,"x=0.94, y=0.4",21,9,0.991655459803861,real
Wing,"x=0.94, y=0.4",22,9,0.9916836019268338,real
Wing,"x=0.94, y=0.4",23,9,0.9919664041094964,real
Wing,"x=0.94, y=0.4",24,9,0.9920752109678478,real
Wing,"x=0.94, y=0.4",25,9,0.9918442501485673,real
Wing,"x=0.94, y=0.4",26,9,0.9917037072095466,real
Wing,"x=0.94, y=0.4",27,9,0.9914001016221068,real
Wing,"x=0.95, y=0.4",0,0,0.8625966825737184,real
Wing,"x=0.95, y=0.4",1,0,0.8807499947821722,real
Wing,"x=0.95, y=0.4",2,0,0.8983719810746638,real
Wing,"x=0.95, y=0.4",3,0,0.9697604950084612,real
Wing,"x=0.95, y=0.4",4,0,0.9837902149491042,real
Wing,"x=0.95, y=0.4",5,0,0.9869950865483162,real
Wing,"x=0.95, y=0.4",6,0,0.9891552468897626,real
Wing,"x=0.95, y=0.4",7,0,0.9894675795845758,real
Wing,"x=0.95, y=0.4",8,0,0.9890276976032596,real
Wing,"x=0.95, y=0.4",9,0,0.9898823765152984,real
Wing,"x=0.95, y=0.4",10,0,0.9898675919546038,real
Wing,"x=0.95, y=0.4",11,0,0.9907546001588828,real
Wing,"x=0.95, y=0.4",12,0,0.9910673372782628,real
Wing,"x=0.95, y=0.4",13,0,0.9911628088310432,real
Wing,"x=0.95, y=0.4",14,0,0.9921053530030453,real
Wing,"x=0.95, y=0.4",15,0,0.9922923881014508,real
Wing,"x=0.95, y=0.4",16,0,0.9921187269051044,real
Wing,"x=0.95, y=0.4",17,0,0.9924037083771814,real
Wing,"x=0.95, y=0.4",18,0,0.9920738282689624,real
Wing,"x=0.95, y=0.4",19,0,0.9921872275229708,real
Wing,"x=0.95, y=0.4",20,0,0.9922594618270582,real
Wing,"x=0.95, y=0.4",21,0,0.9924023545739892,real
Wing,"x=0.95, y=0.4",22,0,0.992249877930291,real
Wing,"x=0.95, y=0.4",23,0,0.9921270723186818,real
Wing,"x=0.95, y=0.4",24,0,0.99216135829636,real
Wing,"x=0.95, y=0.4",25,0,0.9921734443689956,real
Wing,"x=0.95, y=0.4",26,0,0.9922969451188524,real
Wing,"x=0.95, y=0.4",27,0,0.9919969983286816,real
Wing,"x=0.95, y=0.4",0,1,0.890232871498983,real
Wing,"x=0.95, y=0.4",1,1,0.9093496413839872,real
Wing,"x=0.95, y=0.4",2,1,0.9252437967515486,real
Wing,"x=0.95, y=0.4",3,1,0.9727464749425953,real
Wing,"x=0.95, y=0.4",4,1,0.9850668475467148,real
Wing,"x=0.95, y=0.4",5,1,0.9903579354425492,real
Wing,"x=0.95, y=0.4",6,1,0.9900584237125996,real
Wing,"x=0.95, y=0.4",7,1,0.989187042780512,real
Wing,"x=0.95, y=0.4",8,1,0.9872389100360988,real
Wing,"x=0.95, y=0.4",9,1,0.9887456039208736,real
Wing,"x=0.95, y=0.4",10,1,0.98986084154134,real
Wing,"x=0.95, y=0.4",11,1,0.9910715039323158,real
Wing,"x=0.95, y=0.4",12,1,0.9912557696588532,real
Wing,"x=0.95, y=0.4",13,1,0.9909877011594967,real
Wing,"x=0.95, y=0.4",14,1,0.9920867081121364,real
Wing,"x=0.95, y=0.4",15,1,0.9920759117853346,real
Wing,"x=0.95, y=0.4",16,1,0.991310845858434,real
Wing,"x=0.95, y=0.4",17,1,0.9912128009042348,real
Wing,"x=0.95, y=0.4",18,1,0.990685701640568,real
Wing,"x=0.95, y=0.4",19,1,0.9906844023250366,real
Wing,"x=0.95, y=0.4",20,1,0.9909850286337122,real
Wing,"x=0.95, y=0.4",21,1,0.9913208514090772,real
Wing,"x=0.95, y=0.4",22,1,0.991474311247,real
Wing,"x=0.95, y=0.4",23,1,0.991265681814778,real
Wing,"x=0.95, y=0.4",24,1,0.9914275553878712,real
Wing,"x=0.95, y=0.4",25,1,0.9911868823304384,real
Wing,"x=0.95, y=0.4",26,1,0.9911520984426144,real
Wing,"x=0.95, y=0.4",27,1,0.9911754758590212,real
Wing,"x=0.95, y=0.4",0,2,0.8532013608887882,real
Wing,"x=0.95, y=0.4",1,2,0.8679750584763322,real
Wing,"x=0.95, y=0.4",2,2,0.8925714409770852,real
Wing,"x=0.95, y=0.4",3,2,0.9619032962338324,real
Wing,"x=0.95, y=0.4",4,2,0.9810809315929984,real
Wing,"x=0.95, y=0.4",5,2,0.9857494031147472,real
Wing,"x=0.95, y=0.4",6,2,0.9899776435123632,real
Wing,"x=0.95, y=0.4",7,2,0.9879926880101229,real
Wing,"x=0.95, y=0.4",8,2,0.9875966150432204,real
Wing,"x=0.95, y=0.4",9,2,0.9888494906631684,real
Wing,"x=0.95, y=0.4",10,2,0.989308080177876,real
Wing,"x=0.95, y=0.4",11,2,0.9912817462757936,real
Wing,"x=0.95, y=0.4",12,2,0.9918199624738916,real
Wing,"x=0.95, y=0.4",13,2,0.9912636666425484,real
Wing,"x=0.95, y=0.4",14,2,0.9923076845372236,real
Wing,"x=0.95, y=0.4",15,2,0.9919179860709424,real
Wing,"x=0.95, y=0.4",16,2,0.9917892226565193,real
Wing,"x=0.95, y=0.4",17,2,0.9917656454578988,real
Wing,"x=0.95, y=0.4",18,2,0.9916712114633884,real
Wing,"x=0.95, y=0.4",19,2,0.9915335171135642,real
Wing,"x=0.95, y=0.4",20,2,0.991483846409758,real
Wing,"x=0.95, y=0.4",21,2,0.9915221581536696,real
Wing,"x=0.95, y=0.4",22,2,0.991680703658748,real
Wing,"x=0.95, y=0.4",23,2,0.9915313020361284,real
Wing,"x=0.95, y=0.4",24,2,0.9917765143185344,real
Wing,"x=0.95, y=0.4",25,2,0.9917502918680196,real
Wing,"x=0.95, y=0.4",26,2,0.991714217673344,real
Wing,"x=0.95, y=0.4",27,2,0.9908344461654086,real
Wing,"x=0.95, y=0.4",0,3,0.8661385170647324,real
Wing,"x=0.95, y=0.4",1,3,0.8846763514695929,real
Wing,"x=0.95, y=0.4",2,3,0.9040728037659342,real
Wing,"x=0.95, y=0.4",3,3,0.966972363802272,real
Wing,"x=0.95, y=0.4",4,3,0.9818319440489176,real
Wing,"x=0.95, y=0.4",5,3,0.989129444643896,real
Wing,"x=0.95, y=0.4",6,3,0.9910065644783188,real
Wing,"x=0.95, y=0.4",7,3,0.9891298755211532,real
Wing,"x=0.95, y=0.4",8,3,0.9890059829941446,real
Wing,"x=0.95, y=0.4",9,3,0.9904622153890308,real
Wing,"x=0.95, y=0.4",10,3,0.989667569496785,real
Wing,"x=0.95, y=0.4",11,3,0.992120288763564,real
Wing,"x=0.95, y=0.4",12,3,0.9918334904285948,real
Wing,"x=0.95, y=0.4",13,3,0.991344929733762,real
Wing,"x=0.95, y=0.4",14,3,0.9918640592300296,real
Wing,"x=0.95, y=0.4",15,3,0.992088167476656,real
Wing,"x=0.95, y=0.4",16,3,0.991743144044448,real
Wing,"x=0.95, y=0.4",17,3,0.991630688143408,real
Wing,"x=0.95, y=0.4",18,3,0.9912214446001792,real
Wing,"x=0.95, y=0.4",19,3,0.9909735380428596,real
Wing,"x=0.95, y=0.4",20,3,0.9912966786282004,real
Wing,"x=0.95, y=0.4",21,3,0.991500172154864,real
Wing,"x=0.95, y=0.4",22,3,0.9912643679390858,real
Wing,"x=0.95, y=0.4",23,3,0.9912584847287624,real
Wing,"x=0.95, y=0.4",24,3,0.9913938006082696,real
Wing,"x=0.95, y=0.4",25,3,0.9915545755137756,real
Wing,"x=0.95, y=0.4",26,3,0.9915184415547796,real
Wing,"x=0.95, y=0.4",27,3,0.991148837698184,real
Wing,"x=0.95, y=0.4",0,4,0.8784789929228349,real
Wing,"x=0.95, y=0.4",1,4,0.8963887248540205,real
Wing,"x=0.95, y=0.4",2,4,0.9123946991911028,real
Wing,"x=0.95, y=0.4",3,4,0.973452714079868,real
Wing,"x=0.95, y=0.4",4,4,0.9827003167186108,real
Wing,"x=0.95, y=0.4",5,4,0.9872990285384976,real
Wing,"x=0.95, y=0.4",6,4,0.988475178404787,real
Wing,"x=0.95, y=0.4",7,4,0.9885156009429734,real
Wing,"x=0.95, y=0.4",8,4,0.987030369296538,real
Wing,"x=0.95, y=0.4",9,4,0.9877614009166856,real
Wing,"x=0.95, y=0.4",10,4,0.9876849969020915,real
Wing,"x=0.95, y=0.4",11,4,0.990585010243437,real
Wing,"x=0.95, y=0.4",12,4,0.990436491261737,real
Wing,"x=0.95, y=0.4",13,4,0.9898691137373448,real
Wing,"x=0.95, y=0.4",14,4,0.99042602370055,real
Wing,"x=0.95, y=0.4",15,4,0.9897388864617388,real
Wing,"x=0.95, y=0.4",16,4,0.9897007635222772,real
Wing,"x=0.95, y=0.4",17,4,0.9899812441708132,real
Wing,"x=0.95, y=0.4",18,4,0.9891529060610617,real
Wing,"x=0.95, y=0.4",19,4,0.9890347083189792,real
Wing,"x=0.95, y=0.4",20,4,0.9890329178150922,real
Wing,"x=0.95, y=0.4",21,4,0.9897085999099456,real
Wing,"x=0.95, y=0.4",22,4,0.9899789884419842,real
Wing,"x=0.95, y=0.4",23,4,0.9902238416339691,real
Wing,"x=0.95, y=0.4",24,4,0.9901843883144114,real
Wing,"x=0.95, y=0.4",25,4,0.990183616000199,real
Wing,"x=0.95, y=0.4",26,4,0.9896737855768124,real
Wing,"x=0.95, y=0.4",27,4,0.9891142332175572,real
Wing,"x=0.95, y=0.4",0,5,0.8744734649238828,real
Wing,"x=0.95, y=0.4",1,5,0.8951777022934488,real
Wing,"x=0.95, y=0.4",2,5,0.9133017591689911,real
Wing,"x=0.95, y=0.4",3,5,0.9714426810922068,real
Wing,"x=0.95, y=0.4",4,5,0.9860803834342678,real
Wing,"x=0.95, y=0.4",5,5,0.9888339225303002,real
Wing,"x=0.95, y=0.4",6,5,0.9892602383021633,real
Wing,"x=0.95, y=0.4",7,5,0.9889211976466886,real
Wing,"x=0.95, y=0.4",8,5,0.989494628523076,real
Wing,"x=0.95, y=0.4",9,5,0.989679321427674,real
Wing,"x=0.95, y=0.4",10,5,0.9905888474218918,real
Wing,"x=0.95, y=0.4",11,5,0.9915975628672828,real
Wing,"x=0.95, y=0.4",12,5,0.9914154327579962,real
Wing,"x=0.95, y=0.4",13,5,0.9916287307197298,real
Wing,"x=0.95, y=0.4",14,5,0.9922620262454862,real
Wing,"x=0.95, y=0.4",15,5,0.9922536942013764,real
Wing,"x=0.95, y=0.4",16,5,0.991733649961729,real
Wing,"x=0.95, y=0.4",17,5,0.9918759654971282,real
Wing,"x=0.95, y=0.4",18,5,0.99161891554908,real
Wing,"x=0.95, y=0.4",19,5,0.9915852421153816,real
Wing,"x=0.95, y=0.4",20,5,0.991363347247898,real
Wing,"x=0.95, y=0.4",21,5,0.991586975306822,real
Wing,"x=0.95, y=0.4",22,5,0.991794945455824,real
Wing,"x=0.95, y=0.4",23,5,0.9917391795033448,real
Wing,"x=0.95, y=0.4",24,5,0.991835310961652,real
Wing,"x=0.95, y=0.4",25,5,0.9917840511096276,real
Wing,"x=0.95, y=0.4",26,5,0.9918429253638876,real
Wing,"x=0.95, y=0.4",27,5,0.9905708723425372,real
Wing,"x=0.95, y=0.4",0,6,0.8754129286106308,real
Wing,"x=0.95, y=0.4",1,6,0.8922491204941735,real
Wing,"x=0.95, y=0.4",2,6,0.9090295150153586,real
Wing,"x=0.95, y=0.4",3,6,0.9703444949936304,real
Wing,"x=0.95, y=0.4",4,6,0.983689283741894,real
Wing,"x=0.95, y=0.4",5,6,0.9863437948113531,real
Wing,"x=0.95, y=0.4",6,6,0.9889435096439344,real
Wing,"x=0.95, y=0.4",7,6,0.9878124468670963,real
Wing,"x=0.95, y=0.4",8,6,0.9880021137519206,real
Wing,"x=0.95, y=0.4",9,6,0.9881186496413216,real
Wing,"x=0.95, y=0.4",10,6,0.9899021092668784,real
Wing,"x=0.95, y=0.4",11,6,0.9912465573003983,real
Wing,"x=0.95, y=0.4",12,6,0.9923494987066828,real
Wing,"x=0.95, y=0.4",13,6,0.992261509055722,real
Wing,"x=0.95, y=0.4",14,6,0.9922997442353924,real
Wing,"x=0.95, y=0.4",15,6,0.9925555601200368,real
Wing,"x=0.95, y=0.4",16,6,0.9925052010666274,real
Wing,"x=0.95, y=0.4",17,6,0.9925515629434252,real
Wing,"x=0.95, y=0.4",18,6,0.9921773866792372,real
Wing,"x=0.95, y=0.4",19,6,0.9921300471179464,real
Wing,"x=0.95, y=0.4",20,6,0.9917659011543593,real
Wing,"x=0.95, y=0.4",21,6,0.9921981822530476,real
Wing,"x=0.95, y=0.4",22,6,0.9922796572630804,real
Wing,"x=0.95, y=0.4",23,6,0.9926000965299838,real
Wing,"x=0.95, y=0.4",24,6,0.9928402933920796,real
Wing,"x=0.95, y=0.4",25,6,0.9926003455904692,real
Wing,"x=0.95, y=0.4",26,6,0.9925710609609428,real
Wing,"x=0.95, y=0.4",27,6,0.991592542359426,real
Wing,"x=0.95, y=0.4",0,7,0.8849824813197515,real
Wing,"x=0.95, y=0.4",1,7,0.901994895006044,real
Wing,"x=0.95, y=0.4",2,7,0.9195650583212256,real
Wing,"x=0.95, y=0.4",3,7,0.9724020123677486,real
Wing,"x=0.95, y=0.4",4,7,0.9842636338251296,real
Wing,"x=0.95, y=0.4",5,7,0.9880324674728082,real
Wing,"x=0.95, y=0.4",6,7,0.9881658960612992,real
Wing,"x=0.95, y=0.4",7,7,0.98741908807706,real
Wing,"x=0.95, y=0.4",8,7,0.9873829305743136,real
Wing,"x=0.95, y=0.4",9,7,0.989278806194965,real
Wing,"x=0.95, y=0.4",10,7,0.988815127391879,real
Wing,"x=0.95, y=0.4",11,7,0.9905520984681736,real
Wing,"x=0.95, y=0.4",12,7,0.9911870286050944,real
Wing,"x=0.95, y=0.4",13,7,0.9909138990826892,real
Wing,"x=0.95, y=0.4",14,7,0.992365416918504,real
Wing,"x=0.95, y=0.4",15,7,0.9922647440825644,real
Wing,"x=0.95, y=0.4",16,7,0.9916463197400318,real
Wing,"x=0.95, y=0.4",17,7,0.9918164533925669,real
Wing,"x=0.95, y=0.4",18,7,0.9915120185398104,real
Wing,"x=0.95, y=0.4",19,7,0.9913361570269628,real
Wing,"x=0.95, y=0.4",20,7,0.9911267097037542,real
Wing,"x=0.95, y=0.4",21,7,0.9914075722477396,real
Wing,"x=0.95, y=0.4",22,7,0.9912433105236114,real
Wing,"x=0.95, y=0.4",23,7,0.9913235549139586,real
Wing,"x=0.95, y=0.4",24,7,0.9916288254642008,real
Wing,"x=0.95, y=0.4",25,7,0.9913404001143192,real
Wing,"x=0.95, y=0.4",26,7,0.9913468724119012,real
Wing,"x=0.95, y=0.4",27,7,0.9905207705791172,real
Wing,"x=0.95, y=0.4",0,8,0.8653917308620193,real
Wing,"x=0.95, y=0.4",1,8,0.8826208030598783,real
Wing,"x=0.95, y=0.4",2,8,0.9032186143728316,real
Wing,"x=0.95, y=0.4",3,8,0.9684330908335818,real
Wing,"x=0.95, y=0.4",4,8,0.985164545457219,real
Wing,"x=0.95, y=0.4",5,8,0.9882930178439948,real
Wing,"x=0.95, y=0.4",6,8,0.9905071006802532,real
Wing,"x=0.95, y=0.4",7,8,0.989526627823484,real
Wing,"x=0.95, y=0.4",8,8,0.9878301283628744,real
Wing,"x=0.95, y=0.4",9,8,0.988095970035288,real
Wing,"x=0.95, y=0.4",10,8,0.9883908905173774,real
Wing,"x=0.95, y=0.4",11,8,0.9900790702778632,real
Wing,"x=0.95, y=0.4",12,8,0.9900341897421656,real
Wing,"x=0.95, y=0.4",13,8,0.9900348108675684,real
Wing,"x=0.95, y=0.4",14,8,0.9911686055722876,real
Wing,"x=0.95, y=0.4",15,8,0.9908033859480916,real
Wing,"x=0.95, y=0.4",16,8,0.9906950354807113,real
Wing,"x=0.95, y=0.4",17,8,0.9903991938738748,real
Wing,"x=0.95, y=0.4",18,8,0.9903068532306532,real
Wing,"x=0.95, y=0.4",19,8,0.9897393294712122,real
Wing,"x=0.95, y=0.4",20,8,0.9897075284843884,real
Wing,"x=0.95, y=0.4",21,8,0.9900323443236644,real
Wing,"x=0.95, y=0.4",22,8,0.9900788822501052,real
Wing,"x=0.95, y=0.4",23,8,0.9902742927384476,real
Wing,"x=0.95, y=0.4",24,8,0.9906408697540424,real
Wing,"x=0.95, y=0.4",25,8,0.9903962604295828,real
Wing,"x=0.95, y=0.4",26,8,0.9902135513219272,real
Wing,"x=0.95, y=0.4",27,8,0.9897904254862812,real
Wing,"x=0.95, y=0.4",0,9,0.8863320298559604,real
Wing,"x=0.95, y=0.4",1,9,0.9025685352734424,real
Wing,"x=0.95, y=0.4",2,9,0.9224400181588586,real
Wing,"x=0.95, y=0.4",3,9,0.973663941274874,real
Wing,"x=0.95, y=0.4",4,9,0.986137288353986,real
Wing,"x=0.95, y=0.4",5,9,0.9892994267254585,real
Wing,"x=0.95, y=0.4",6,9,0.989398966237244,real
Wing,"x=0.95, y=0.4",7,9,0.9898618013426352,real
Wing,"x=0.95, y=0.4",8,9,0.9881701768912958,real
Wing,"x=0.95, y=0.4",9,9,0.9890987179165748,real
Wing,"x=0.95, y=0.4",10,9,0.9892903866502276,real
Wing,"x=0.95, y=0.4",11,9,0.9916991904031988,real
Wing,"x=0.95, y=0.4",12,9,0.9917939013644916,real
Wing,"x=0.95, y=0.4",13,9,0.9913357771859436,real
Wing,"x=0.95, y=0.4",14,9,0.9919812254991932,real
Wing,"x=0.95, y=0.4",15,9,0.9922815351237136,real
Wing,"x=0.95, y=0.4",16,9,0.9921894612248336,real
Wing,"x=0.95, y=0.4",17,9,0.9922540560462096,real
Wing,"x=0.95, y=0.4",18,9,0.9918374450414462,real
Wing,"x=0.95, y=0.4",19,9,0.9912380110001956,real
Wing,"x=0.95, y=0.4",20,9,0.9912311718827452,real
Wing,"x=0.95, y=0.4",21,9,0.9916645676826096,real
Wing,"x=0.95, y=0.4",22,9,0.9915709297879156,real
Wing,"x=0.95, y=0.4",23,9,0.991417965215808,real
Wing,"x=0.95, y=0.4",24,9,0.9919091565920216,real
Wing,"x=0.95, y=0.4",25,9,0.9917986890457502,real
Wing,"x=0.95, y=0.4",26,9,0.9919679564550392,real
Wing,"x=0.95, y=0.4",27,9,0.9912883180369956,real
Wing,"x=0.96, y=0.4",0,0,0.8460627151225085,real
Wing,"x=0.96, y=0.4",1,0,0.8614082168309314,real
Wing,"x=0.96, y=0.4",2,0,0.8832665440757206,real
Wing,"x=0.96, y=0.4",3,0,0.9549228650224224,real
Wing,"x=0.96, y=0.4",4,0,0.980460121915248,real
Wing,"x=0.96, y=0.4",5,0,0.985844164924886,real
Wing,"x=0.96, y=0.4",6,0,0.9891417190119158,real
Wing,"x=0.96, y=0.4",7,0,0.9889199154687548,real
Wing,"x=0.96, y=0.4",8,0,0.9886540445257944,real
Wing,"x=0.96, y=0.4",9,0,0.9896570145810488,real
Wing,"x=0.96, y=0.4",10,0,0.9904058810835576,real
Wing,"x=0.96, y=0.4",11,0,0.9918941175894452,real
Wing,"x=0.96, y=0.4",12,0,0.9922014667059358,real
Wing,"x=0.96, y=0.4",13,0,0.9916133890024555,real
Wing,"x=0.96, y=0.4",14,0,0.9922826091430798,real
Wing,"x=0.96, y=0.4",15,0,0.9925589796413158,real
Wing,"x=0.96, y=0.4",16,0,0.9926434110415012,real
Wing,"x=0.96, y=0.4",17,0,0.992601673094448,real
Wing,"x=0.96, y=0.4",18,0,0.9925090405590578,real
Wing,"x=0.96, y=0.4",19,0,0.992596621275246,real
Wing,"x=0.96, y=0.4",20,0,0.992464642811426,real
Wing,"x=0.96, y=0.4",21,0,0.9924174040724352,real
Wing,"x=0.96, y=0.4",22,0,0.9925242240461764,real
Wing,"x=0.96, y=0.4",23,0,0.9925646881519664,real
Wing,"x=0.96, y=0.4",24,0,0.992853592347283,real
Wing,"x=0.96, y=0.4",25,0,0.9928679134263482,real
Wing,"x=0.96, y=0.4",26,0,0.992876718197138,real
Wing,"x=0.96, y=0.4",27,0,0.9918463197617742,real
Wing,"x=0.96, y=0.4",0,1,0.886627913012361,real
Wing,"x=0.96, y=0.4",1,1,0.9054868322864544,real
Wing,"x=0.96, y=0.4",2,1,0.9205091886372824,real
Wing,"x=0.96, y=0.4",3,1,0.9672519764088898,real
Wing,"x=0.96, y=0.4",4,1,0.9796960664486196,real
Wing,"x=0.96, y=0.4",5,1,0.9871810882355276,real
Wing,"x=0.96, y=0.4",6,1,0.9893855518647798,real
Wing,"x=0.96, y=0.4",7,1,0.9874919373478688,real
Wing,"x=0.96, y=0.4",8,1,0.9852598746401672,real
Wing,"x=0.96, y=0.4",9,1,0.9886913708745174,real
Wing,"x=0.96, y=0.4",10,1,0.9887614014488576,real
Wing,"x=0.96, y=0.4",11,1,0.990488526492978,real
Wing,"x=0.96, y=0.4",12,1,0.9905018179419944,real
Wing,"x=0.96, y=0.4",13,1,0.990862316770744,real
Wing,"x=0.96, y=0.4",14,1,0.9917200884956698,real
Wing,"x=0.96, y=0.4",15,1,0.991859892975306,real
Wing,"x=0.96, y=0.4",16,1,0.991616679495666,real
Wing,"x=0.96, y=0.4",17,1,0.99141730966874,real
Wing,"x=0.96, y=0.4",18,1,0.991292506492868,real
Wing,"x=0.96, y=0.4",19,1,0.9910928399221772,real
Wing,"x=0.96, y=0.4",20,1,0.9911567218893772,real
Wing,"x=0.96, y=0.4",21,1,0.9916218777594308,real
Wing,"x=0.96, y=0.4",22,1,0.9917901009409698,real
Wing,"x=0.96, y=0.4",23,1,0.9915770083847002,real
Wing,"x=0.96, y=0.4",24,1,0.9919044942310722,real
Wing,"x=0.96, y=0.4",25,1,0.9920516032827074,real
Wing,"x=0.96, y=0.4",26,1,0.992101209584835,real
Wing,"x=0.96, y=0.4",27,1,0.9913457266760546,real
Wing,"x=0.96, y=0.4",0,2,0.8529401174948665,real
Wing,"x=0.96, y=0.4",1,2,0.8688327425380631,real
Wing,"x=0.96, y=0.4",2,2,0.8951353517109187,real
Wing,"x=0.96, y=0.4",3,2,0.9556388823228432,real
Wing,"x=0.96, y=0.4",4,2,0.9739105476792066,real
Wing,"x=0.96, y=0.4",5,2,0.982359838377268,real
Wing,"x=0.96, y=0.4",6,2,0.9858116431390338,real
Wing,"x=0.96, y=0.4",7,2,0.984522621414934,real
Wing,"x=0.96, y=0.4",8,2,0.984960967074113,real
Wing,"x=0.96, y=0.4",9,2,0.9868159401525114,real
Wing,"x=0.96, y=0.4",10,2,0.986902229790254,real
Wing,"x=0.96, y=0.4",11,2,0.9906589653331082,real
Wing,"x=0.96, y=0.4",12,2,0.9906860250236282,real
Wing,"x=0.96, y=0.4",13,2,0.9906138263170974,real
Wing,"x=0.96, y=0.4",14,2,0.991937543682983,real
Wing,"x=0.96, y=0.4",15,2,0.9919690586750084,real
Wing,"x=0.96, y=0.4",16,2,0.9914708696611406,real
Wing,"x=0.96, y=0.4",17,2,0.9913145010856406,real
Wing,"x=0.96, y=0.4",18,2,0.991294541175441,real
Wing,"x=0.96, y=0.4",19,2,0.991225535576174,real
Wing,"x=0.96, y=0.4",20,2,0.9908003480303544,real
Wing,"x=0.96, y=0.4",21,2,0.9906179502490128,real
Wing,"x=0.96, y=0.4",22,2,0.9903603380487248,real
Wing,"x=0.96, y=0.4",23,2,0.9905429780039318,real
Wing,"x=0.96, y=0.4",24,2,0.9902570115293736,real
Wing,"x=0.96, y=0.4",25,2,0.9903258736182018,real
Wing,"x=0.96, y=0.4",26,2,0.9905977760697556,real
Wing,"x=0.96, y=0.4",27,2,0.9899718622670364,real
Wing,"x=0.96, y=0.4",0,3,0.8692361558125513,real
Wing,"x=0.96, y=0.4",1,3,0.884972310321585,real
Wing,"x=0.96, y=0.4",2,3,0.903304835078941,real
Wing,"x=0.96, y=0.4",3,3,0.9594940726384052,real
Wing,"x=0.96, y=0.4",4,3,0.9801559613004556,real
Wing,"x=0.96, y=0.4",5,3,0.983691612331704,real
Wing,"x=0.96, y=0.4",6,3,0.9886292892249804,real
Wing,"x=0.96, y=0.4",7,3,0.9880961106779548,real
Wing,"x=0.96, y=0.4",8,3,0.9879762342653564,real
Wing,"x=0.96, y=0.4",9,3,0.9882769617230324,real
Wing,"x=0.96, y=0.4",10,3,0.9893823521360626,real
Wing,"x=0.96, y=0.4",11,3,0.9905364207880736,real
Wing,"x=0.96, y=0.4",12,3,0.9912762504023128,real
Wing,"x=0.96, y=0.4",13,3,0.9911062931730986,real
Wing,"x=0.96, y=0.4",14,3,0.9918820963577464,real
Wing,"x=0.96, y=0.4",15,3,0.9918336801184164,real
Wing,"x=0.96, y=0.4",16,3,0.9913004580590812,real
Wing,"x=0.96, y=0.4",17,3,0.9908943548973872,real
Wing,"x=0.96, y=0.4",18,3,0.9907444040725922,real
Wing,"x=0.96, y=0.4",19,3,0.9907153248887508,real
Wing,"x=0.96, y=0.4",20,3,0.9909510218112284,real
Wing,"x=0.96, y=0.4",21,3,0.991422582299071,real
Wing,"x=0.96, y=0.4",22,3,0.9909718771685796,real
Wing,"x=0.96, y=0.4",23,3,0.9907931971100064,real
Wing,"x=0.96, y=0.4",24,3,0.9910071193618712,real
Wing,"x=0.96, y=0.4",25,3,0.9909639070095954,real
Wing,"x=0.96, y=0.4",26,3,0.9911671474523812,real
Wing,"x=0.96, y=0.4",27,3,0.9906537577482276,real
Wing,"x=0.96, y=0.4",0,4,0.8602496518830123,real
Wing,"x=0.96, y=0.4",1,4,0.8812433088066441,real
Wing,"x=0.96, y=0.4",2,4,0.8913979401779484,real
Wing,"x=0.96, y=0.4",3,4,0.9586072203502608,real
Wing,"x=0.96, y=0.4",4,4,0.9755009409813686,real
Wing,"x=0.96, y=0.4",5,4,0.983280176844702,real
Wing,"x=0.96, y=0.4",6,4,0.985255282544088,real
Wing,"x=0.96, y=0.4",7,4,0.9847500805487686,real
Wing,"x=0.96, y=0.4",8,4,0.9843845020511708,real
Wing,"x=0.96, y=0.4",9,4,0.9858818851703752,real
Wing,"x=0.96, y=0.4",10,4,0.9864618969338352,real
Wing,"x=0.96, y=0.4",11,4,0.9892566549344828,real
Wing,"x=0.96, y=0.4",12,4,0.9901144446524204,real
Wing,"x=0.96, y=0.4",13,4,0.9894168579269212,real
Wing,"x=0.96, y=0.4",14,4,0.9903100487491008,real
Wing,"x=0.96, y=0.4",15,4,0.9900841792279276,real
Wing,"x=0.96, y=0.4",16,4,0.9898717576934012,real
Wing,"x=0.96, y=0.4",17,4,0.9901168629045648,real
Wing,"x=0.96, y=0.4",18,4,0.9897601642526952,real
Wing,"x=0.96, y=0.4",19,4,0.989950177445836,real
Wing,"x=0.96, y=0.4",20,4,0.9898795124008528,real
Wing,"x=0.96, y=0.4",21,4,0.9900966670700732,real
Wing,"x=0.96, y=0.4",22,4,0.9901399908573568,real
Wing,"x=0.96, y=0.4",23,4,0.9900625849220976,real
Wing,"x=0.96, y=0.4",24,4,0.9902835463754168,real
Wing,"x=0.96, y=0.4",25,4,0.9901635452097258,real
Wing,"x=0.96, y=0.4",26,4,0.990081766939414,real
Wing,"x=0.96, y=0.4",27,4,0.9897218628361818,real
Wing,"x=0.96, y=0.4",0,5,0.874507791318962,real
Wing,"x=0.96, y=0.4",1,5,0.8919922095961632,real
Wing,"x=0.96, y=0.4",2,5,0.9090376251448042,real
Wing,"x=0.96, y=0.4",3,5,0.965398757809021,real
Wing,"x=0.96, y=0.4",4,5,0.9837892572992388,real
Wing,"x=0.96, y=0.4",5,5,0.9885380369082586,real
Wing,"x=0.96, y=0.4",6,5,0.988648727738578,real
Wing,"x=0.96, y=0.4",7,5,0.9880201332267898,real
Wing,"x=0.96, y=0.4",8,5,0.9885900489082956,real
Wing,"x=0.96, y=0.4",9,5,0.9889433694630492,real
Wing,"x=0.96, y=0.4",10,5,0.9888981315344946,real
Wing,"x=0.96, y=0.4",11,5,0.9904960867386572,real
Wing,"x=0.96, y=0.4",12,5,0.9906766622148684,real
Wing,"x=0.96, y=0.4",13,5,0.9908371031487972,real
Wing,"x=0.96, y=0.4",14,5,0.99162388742221,real
Wing,"x=0.96, y=0.4",15,5,0.9918099187963632,real
Wing,"x=0.96, y=0.4",16,5,0.9916665238570858,real
Wing,"x=0.96, y=0.4",17,5,0.9914735012479448,real
Wing,"x=0.96, y=0.4",18,5,0.991239562532108,real
Wing,"x=0.96, y=0.4",19,5,0.9912818745622411,real
Wing,"x=0.96, y=0.4",20,5,0.9911833189715868,real
Wing,"x=0.96, y=0.4",21,5,0.99162457912819,real
Wing,"x=0.96, y=0.4",22,5,0.9913993376766892,real
Wing,"x=0.96, y=0.4",23,5,0.9914148447595869,real
Wing,"x=0.96, y=0.4",24,5,0.9916047752463888,real
Wing,"x=0.96, y=0.4",25,5,0.99146612483818,real
Wing,"x=0.96, y=0.4",26,5,0.9915482197926028,real
Wing,"x=0.96, y=0.4",27,5,0.9911991191805328,real
Wing,"x=0.96, y=0.4",0,6,0.8873947997197573,real
Wing,"x=0.96, y=0.4",1,6,0.9062432530269008,real
Wing,"x=0.96, y=0.4",2,6,0.9154563121927608,real
Wing,"x=0.96, y=0.4",3,6,0.9697522979722132,real
Wing,"x=0.96, y=0.4",4,6,0.9814749260628236,real
Wing,"x=0.96, y=0.4",5,6,0.9857273690346542,real
Wing,"x=0.96, y=0.4",6,6,0.9895355591235764,real
Wing,"x=0.96, y=0.4",7,6,0.988316548339941,real
Wing,"x=0.96, y=0.4",8,6,0.9874926372148448,real
Wing,"x=0.96, y=0.4",9,6,0.9885055504956805,real
Wing,"x=0.96, y=0.4",10,6,0.990343799144356,real
Wing,"x=0.96, y=0.4",11,6,0.9914187485725648,real
Wing,"x=0.96, y=0.4",12,6,0.991675591152614,real
Wing,"x=0.96, y=0.4",13,6,0.9919528298465315,real
Wing,"x=0.96, y=0.4",14,6,0.9924184782963426,real
Wing,"x=0.96, y=0.4",15,6,0.9923711421786874,real
Wing,"x=0.96, y=0.4",16,6,0.9926038338230884,real
Wing,"x=0.96, y=0.4",17,6,0.9926826522679024,real
Wing,"x=0.96, y=0.4",18,6,0.9925185362266624,real
Wing,"x=0.96, y=0.4",19,6,0.9922451339425276,real
Wing,"x=0.96, y=0.4",20,6,0.9920903304623436,real
Wing,"x=0.96, y=0.4",21,6,0.9921894474701533,real
Wing,"x=0.96, y=0.4",22,6,0.9923649565665204,real
Wing,"x=0.96, y=0.4",23,6,0.9924033658924802,real
Wing,"x=0.96, y=0.4",24,6,0.9923792131831796,real
Wing,"x=0.96, y=0.4",25,6,0.9923192530957468,real
Wing,"x=0.96, y=0.4",26,6,0.9926216226681724,real
Wing,"x=0.96, y=0.4",27,6,0.9918616534797752,real
Wing,"x=0.96, y=0.4",0,7,0.861222368419727,real
Wing,"x=0.96, y=0.4",1,7,0.8752161688507297,real
Wing,"x=0.96, y=0.4",2,7,0.8936533001735899,real
Wing,"x=0.96, y=0.4",3,7,0.9558317860017792,real
Wing,"x=0.96, y=0.4",4,7,0.9784503508855557,real
Wing,"x=0.96, y=0.4",5,7,0.9848746661441168,real
Wing,"x=0.96, y=0.4",6,7,0.9855115157611208,real
Wing,"x=0.96, y=0.4",7,7,0.9849707000848305,real
Wing,"x=0.96, y=0.4",8,7,0.986803684271572,real
Wing,"x=0.96, y=0.4",9,7,0.9874469880998198,real
Wing,"x=0.96, y=0.4",10,7,0.9876359439888436,real
Wing,"x=0.96, y=0.4",11,7,0.9903462040485348,real
Wing,"x=0.96, y=0.4",12,7,0.9901241614720236,real
Wing,"x=0.96, y=0.4",13,7,0.9897581663718088,real
Wing,"x=0.96, y=0.4",14,7,0.9905885754227162,real
Wing,"x=0.96, y=0.4",15,7,0.9907072502642134,real
Wing,"x=0.96, y=0.4",16,7,0.990389705038768,real
Wing,"x=0.96, y=0.4",17,7,0.9906298804069288,real
Wing,"x=0.96, y=0.4",18,7,0.9907170840814972,real
Wing,"x=0.96, y=0.4",19,7,0.9908100030781865,real
Wing,"x=0.96, y=0.4",20,7,0.9905475341166458,real
Wing,"x=0.96, y=0.4",21,7,0.990863122417371,real
Wing,"x=0.96, y=0.4",22,7,0.9904402584354336,real
Wing,"x=0.96, y=0.4",23,7,0.9905475872458236,real
Wing,"x=0.96, y=0.4",24,7,0.9905348332915016,real
Wing,"x=0.96, y=0.4",25,7,0.9901705196313808,real
Wing,"x=0.96, y=0.4",26,7,0.9900218641915576,real
Wing,"x=0.96, y=0.4",27,7,0.9896172845178144,real
Wing,"x=0.96, y=0.4",0,8,0.8910747163632166,real
Wing,"x=0.96, y=0.4",1,8,0.9109159007667836,real
Wing,"x=0.96, y=0.4",2,8,0.9234288042809984,real
Wing,"x=0.96, y=0.4",3,8,0.9706383984324768,real
Wing,"x=0.96, y=0.4",4,8,0.9843507784113148,real
Wing,"x=0.96, y=0.4",5,8,0.9892864605968504,real
Wing,"x=0.96, y=0.4",6,8,0.9900178986760566,real
Wing,"x=0.96, y=0.4",7,8,0.9900669376766424,real
Wing,"x=0.96, y=0.4",8,8,0.9881533340888494,real
Wing,"x=0.96, y=0.4",9,8,0.9886448414923984,real
Wing,"x=0.96, y=0.4",10,8,0.9883918714548336,real
Wing,"x=0.96, y=0.4",11,8,0.9904942602534684,real
Wing,"x=0.96, y=0.4",12,8,0.9908134409166888,real
Wing,"x=0.96, y=0.4",13,8,0.9901170289926916,real
Wing,"x=0.96, y=0.4",14,8,0.9916601066225094,real
Wing,"x=0.96, y=0.4",15,8,0.9912991862514186,real
Wing,"x=0.96, y=0.4",16,8,0.9912687204354352,real
Wing,"x=0.96, y=0.4",17,8,0.9912407442438418,real
Wing,"x=0.96, y=0.4",18,8,0.9914266970027826,real
Wing,"x=0.96, y=0.4",19,8,0.991268379441226,real
Wing,"x=0.96, y=0.4",20,8,0.9911882870513016,real
Wing,"x=0.96, y=0.4",21,8,0.991465593258939,real
Wing,"x=0.96, y=0.4",22,8,0.9912173494744496,real
Wing,"x=0.96, y=0.4",23,8,0.9910805942967348,real
Wing,"x=0.96, y=0.4",24,8,0.9912367540616004,real
Wing,"x=0.96, y=0.4",25,8,0.991146276014705,real
Wing,"x=0.96, y=0.4",26,8,0.9914628698885188,real
Wing,"x=0.96, y=0.4",27,8,0.9904688039357508,real
Wing,"x=0.96, y=0.4",0,9,0.8869570832319303,real
Wing,"x=0.96, y=0.4",1,9,0.9021294418536868,real
Wing,"x=0.96, y=0.4",2,9,0.9182174261874771,real
Wing,"x=0.96, y=0.4",3,9,0.9689299070024696,real
Wing,"x=0.96, y=0.4",4,9,0.9825114403606608,real
Wing,"x=0.96, y=0.4",5,9,0.9871717810573928,real
Wing,"x=0.96, y=0.4",6,9,0.987922845423235,real
Wing,"x=0.96, y=0.4",7,9,0.9864515954305456,real
Wing,"x=0.96, y=0.4",8,9,0.9872780751602326,real
Wing,"x=0.96, y=0.4",9,9,0.98831072583811,real
Wing,"x=0.96, y=0.4",10,9,0.9893727940747316,real
Wing,"x=0.96, y=0.4",11,9,0.9910332114279446,real
Wing,"x=0.96, y=0.4",12,9,0.9906143534322708,real
Wing,"x=0.96, y=0.4",13,9,0.9904682633812856,real
Wing,"x=0.96, y=0.4",14,9,0.9911737961769512,real
Wing,"x=0.96, y=0.4",15,9,0.9913249532690872,real
Wing,"x=0.96, y=0.4",16,9,0.9909418629518182,real
Wing,"x=0.96, y=0.4",17,9,0.9900911054371856,real
Wing,"x=0.96, y=0.4",18,9,0.9896278049961168,real
Wing,"x=0.96, y=0.4",19,9,0.9891225695210728,real
Wing,"x=0.96, y=0.4",20,9,0.9891318084323204,real
Wing,"x=0.96, y=0.4",21,9,0.9891479159164636,real
Wing,"x=0.96, y=0.4",22,9,0.989156386472557,real
Wing,"x=0.96, y=0.4",23,9,0.9890748876754282,real
Wing,"x=0.96, y=0.4",24,9,0.9895310435325264,real
Wing,"x=0.96, y=0.4",25,9,0.9897702770640944,real
Wing,"x=0.96, y=0.4",26,9,0.9900235964851763,real
Wing,"x=0.96, y=0.4",27,9,0.9888122137168374,real
Wing,"x=0.97, y=0.4",0,0,0.8313947385341299,real
Wing,"x=0.97, y=0.4",1,0,0.8503446032544615,real
Wing,"x=0.97, y=0.4",2,0,0.8683868236235017,real
Wing,"x=0.97, y=0.4",3,0,0.939900201754987,real
Wing,"x=0.97, y=0.4",4,0,0.97125857478279,real
Wing,"x=0.97, y=0.4",5,0,0.9816609316903206,real
Wing,"x=0.97, y=0.4",6,0,0.9893321367067952,real
Wing,"x=0.97, y=0.4",7,0,0.9886858003456004,real
Wing,"x=0.97, y=0.4",8,0,0.9879007794632574,real
Wing,"x=0.97, y=0.4",9,0,0.9893978290278188,real
Wing,"x=0.97, y=0.4",10,0,0.9899748527874348,real
Wing,"x=0.97, y=0.4",11,0,0.9912810820246316,real
Wing,"x=0.97, y=0.4",12,0,0.9918204849962468,real
Wing,"x=0.97, y=0.4",13,0,0.9916640973502612,real
Wing,"x=0.97, y=0.4",14,0,0.9924958626925376,real
Wing,"x=0.97, y=0.4",15,0,0.9919997298413892,real
Wing,"x=0.97, y=0.4",16,0,0.992235339959654,real
Wing,"x=0.97, y=0.4",17,0,0.992079199001186,real
Wing,"x=0.97, y=0.4",18,0,0.9918927051209344,real
Wing,"x=0.97, y=0.4",19,0,0.9917530027783868,real
Wing,"x=0.97, y=0.4",20,0,0.9915612512527208,real
Wing,"x=0.97, y=0.4",21,0,0.9917350652062524,real
Wing,"x=0.97, y=0.4",22,0,0.9916421544014083,real
Wing,"x=0.97, y=0.4",23,0,0.9918534347278536,real
Wing,"x=0.97, y=0.4",24,0,0.9918581858164576,real
Wing,"x=0.97, y=0.4",25,0,0.9915937104339584,real
Wing,"x=0.97, y=0.4",26,0,0.9919538327813258,real
Wing,"x=0.97, y=0.4",27,0,0.991471915533772,real
Wing,"x=0.97, y=0.4",0,1,0.8804947486695546,real
Wing,"x=0.97, y=0.4",1,1,0.8949591512381362,real
Wing,"x=0.97, y=0.4",2,1,0.9007715798836288,real
Wing,"x=0.97, y=0.4",3,1,0.9554778852398234,real
Wing,"x=0.97, y=0.4",4,1,0.9765566960955084,real
Wing,"x=0.97, y=0.4",5,1,0.984458583281097,real
Wing,"x=0.97, y=0.4",6,1,0.9877489772708796,real
Wing,"x=0.97, y=0.4",7,1,0.9876151664005174,real
Wing,"x=0.97, y=0.4",8,1,0.985364606290216,real
Wing,"x=0.97, y=0.4",9,1,0.988756402782758,real
Wing,"x=0.97, y=0.4",10,1,0.9886506411772636,real
Wing,"x=0.97, y=0.4",11,1,0.9901043181444577,real
Wing,"x=0.97, y=0.4",12,1,0.989856944797579,real
Wing,"x=0.97, y=0.4",13,1,0.989999696150605,real
Wing,"x=0.97, y=0.4",14,1,0.9910294393511528,real
Wing,"x=0.97, y=0.4",15,1,0.9908926074514768,real
Wing,"x=0.97, y=0.4",16,1,0.9909688441185144,real
Wing,"x=0.97, y=0.4",17,1,0.99125217521167,real
Wing,"x=0.97, y=0.4",18,1,0.9914739628659064,real
Wing,"x=0.97, y=0.4",19,1,0.99123403845116,real
Wing,"x=0.97, y=0.4",20,1,0.9908070757167288,real
Wing,"x=0.97, y=0.4",21,1,0.9909690258212994,real
Wing,"x=0.97, y=0.4",22,1,0.9908789559271886,real
Wing,"x=0.97, y=0.4",23,1,0.9908149939007138,real
Wing,"x=0.97, y=0.4",24,1,0.99109680786382,real
Wing,"x=0.97, y=0.4",25,1,0.9912949229969706,real
Wing,"x=0.97, y=0.4",26,1,0.991427135588467,real
Wing,"x=0.97, y=0.4",27,1,0.9905920904502492,real
Wing,"x=0.97, y=0.4",0,2,0.856315853784229,real
Wing,"x=0.97, y=0.4",1,2,0.8665666175621476,real
Wing,"x=0.97, y=0.4",2,2,0.8864906137968666,real
Wing,"x=0.97, y=0.4",3,2,0.9431731098458348,real
Wing,"x=0.97, y=0.4",4,2,0.9693358465724914,real
Wing,"x=0.97, y=0.4",5,2,0.976189802916854,real
Wing,"x=0.97, y=0.4",6,2,0.9841134407144412,real
Wing,"x=0.97, y=0.4",7,2,0.980248996697742,real
Wing,"x=0.97, y=0.4",8,2,0.9802813651056288,real
Wing,"x=0.97, y=0.4",9,2,0.98466554803704,real
Wing,"x=0.97, y=0.4",10,2,0.9845013702106108,real
Wing,"x=0.97, y=0.4",11,2,0.9880403458928092,real
Wing,"x=0.97, y=0.4",12,2,0.988472775607682,real
Wing,"x=0.97, y=0.4",13,2,0.9882064630049824,real
Wing,"x=0.97, y=0.4",14,2,0.9899339024520628,real
Wing,"x=0.97, y=0.4",15,2,0.989777108756768,real
Wing,"x=0.97, y=0.4",16,2,0.9890714276672876,real
Wing,"x=0.97, y=0.4",17,2,0.9890354212194782,real
Wing,"x=0.97, y=0.4",18,2,0.9886922503255294,real
Wing,"x=0.97, y=0.4",19,2,0.9886166707977962,real
Wing,"x=0.97, y=0.4",20,2,0.9887929607039372,real
Wing,"x=0.97, y=0.4",21,2,0.9885301602379194,real
Wing,"x=0.97, y=0.4",22,2,0.98852726540295,real
Wing,"x=0.97, y=0.4",23,2,0.988644889096608,real
Wing,"x=0.97, y=0.4",24,2,0.9882351651856536,real
Wing,"x=0.97, y=0.4",25,2,0.987679544786797,real
Wing,"x=0.97, y=0.4",26,2,0.9883075727033716,real
Wing,"x=0.97, y=0.4",27,2,0.9872674897867292,real
Wing,"x=0.97, y=0.4",0,3,0.8524511109734206,real
Wing,"x=0.97, y=0.4",1,3,0.8681502334380635,real
Wing,"x=0.97, y=0.4",2,3,0.8848113579388163,real
Wing,"x=0.97, y=0.4",3,3,0.9465558444542236,real
Wing,"x=0.97, y=0.4",4,3,0.974014726661734,real
Wing,"x=0.97, y=0.4",5,3,0.9831565161455108,real
Wing,"x=0.97, y=0.4",6,3,0.988864637574856,real
Wing,"x=0.97, y=0.4",7,3,0.9849430714172808,real
Wing,"x=0.97, y=0.4",8,3,0.9857871039716356,real
Wing,"x=0.97, y=0.4",9,3,0.987316299389348,real
Wing,"x=0.97, y=0.4",10,3,0.9878759420174494,real
Wing,"x=0.97, y=0.4",11,3,0.9897885095424565,real
Wing,"x=0.97, y=0.4",12,3,0.9903364877227364,real
Wing,"x=0.97, y=0.4",13,3,0.9900748569406046,real
Wing,"x=0.97, y=0.4",14,3,0.9914465544876506,real
Wing,"x=0.97, y=0.4",15,3,0.9907819380125042,real
Wing,"x=0.97, y=0.4",16,3,0.990584868469478,real
Wing,"x=0.97, y=0.4",17,3,0.9906962783003797,real
Wing,"x=0.97, y=0.4",18,3,0.9903653003663596,real
Wing,"x=0.97, y=0.4",19,3,0.9901697899108308,real
Wing,"x=0.97, y=0.4",20,3,0.9899304015214404,real
Wing,"x=0.97, y=0.4",21,3,0.990182343877695,real
Wing,"x=0.97, y=0.4",22,3,0.9901544622698918,real
Wing,"x=0.97, y=0.4",23,3,0.9898990740211,real
Wing,"x=0.97, y=0.4",24,3,0.9904929070405218,real
Wing,"x=0.97, y=0.4",25,3,0.9905056014577612,real
Wing,"x=0.97, y=0.4",26,3,0.9909299497411672,real
Wing,"x=0.97, y=0.4",27,3,0.9896024569621892,real
Wing,"x=0.97, y=0.4",0,4,0.8695643246108368,real
Wing,"x=0.97, y=0.4",1,4,0.8896934101789639,real
Wing,"x=0.97, y=0.4",2,4,0.8984896490642672,real
Wing,"x=0.97, y=0.4",3,4,0.9529284034636816,real
Wing,"x=0.97, y=0.4",4,4,0.9717215916347652,real
Wing,"x=0.97, y=0.4",5,4,0.977501442633739,real
Wing,"x=0.97, y=0.4",6,4,0.9818765000375734,real
Wing,"x=0.97, y=0.4",7,4,0.9820282819608316,real
Wing,"x=0.97, y=0.4",8,4,0.9818231202698854,real
Wing,"x=0.97, y=0.4",9,4,0.984209635401768,real
Wing,"x=0.97, y=0.4",10,4,0.9848574521696564,real
Wing,"x=0.97, y=0.4",11,4,0.9875822227785218,real
Wing,"x=0.97, y=0.4",12,4,0.987751455854016,real
Wing,"x=0.97, y=0.4",13,4,0.9888285218740692,real
Wing,"x=0.97, y=0.4",14,4,0.989752002678691,real
Wing,"x=0.97, y=0.4",15,4,0.9898923463564144,real
Wing,"x=0.97, y=0.4",16,4,0.989531824183304,real
Wing,"x=0.97, y=0.4",17,4,0.9893508416832396,real
Wing,"x=0.97, y=0.4",18,4,0.9892306502304348,real
Wing,"x=0.97, y=0.4",19,4,0.988953737611982,real
Wing,"x=0.97, y=0.4",20,4,0.9882703536601922,real
Wing,"x=0.97, y=0.4",21,4,0.9884318768402084,real
Wing,"x=0.97, y=0.4",22,4,0.988576944254344,real
Wing,"x=0.97, y=0.4",23,4,0.9884695961847052,real
Wing,"x=0.97, y=0.4",24,4,0.9886121190820706,real
Wing,"x=0.97, y=0.4",25,4,0.9880793651112716,real
Wing,"x=0.97, y=0.4",26,4,0.9877819533322676,real
Wing,"x=0.97, y=0.4",27,4,0.9866946454630948,real
Wing,"x=0.97, y=0.4",0,5,0.8868648524176912,real
Wing,"x=0.97, y=0.4",1,5,0.9029673935718258,real
Wing,"x=0.97, y=0.4",2,5,0.9215283869717537,real
Wing,"x=0.97, y=0.4",3,5,0.964422715810584,real
Wing,"x=0.97, y=0.4",4,5,0.9810805481132672,real
Wing,"x=0.97, y=0.4",5,5,0.985742025626205,real
Wing,"x=0.97, y=0.4",6,5,0.988085627007382,real
Wing,"x=0.97, y=0.4",7,5,0.9877773799854224,real
Wing,"x=0.97, y=0.4",8,5,0.9880231198227792,real
Wing,"x=0.97, y=0.4",9,5,0.988596483411751,real
Wing,"x=0.97, y=0.4",10,5,0.9883927247213184,real
Wing,"x=0.97, y=0.4",11,5,0.9901403727786852,real
Wing,"x=0.97, y=0.4",12,5,0.9899246617742286,real
Wing,"x=0.97, y=0.4",13,5,0.9902813330829794,real
Wing,"x=0.97, y=0.4",14,5,0.9911704578355054,real
Wing,"x=0.97, y=0.4",15,5,0.9911405081245914,real
Wing,"x=0.97, y=0.4",16,5,0.9908607335979112,real
Wing,"x=0.97, y=0.4",17,5,0.9909859469956172,real
Wing,"x=0.97, y=0.4",18,5,0.9911223484052768,real
Wing,"x=0.97, y=0.4",19,5,0.9909684210678807,real
Wing,"x=0.97, y=0.4",20,5,0.990892295929096,real
Wing,"x=0.97, y=0.4",21,5,0.9909986856353574,real
Wing,"x=0.97, y=0.4",22,5,0.9907710027403028,real
Wing,"x=0.97, y=0.4",23,5,0.99113889468863,real
Wing,"x=0.97, y=0.4",24,5,0.9913230221539472,real
Wing,"x=0.97, y=0.4",25,5,0.9911492384608364,real
Wing,"x=0.97, y=0.4",26,5,0.991409910329895,real
Wing,"x=0.97, y=0.4",27,5,0.9909685556568258,real
Wing,"x=0.97, y=0.4",0,6,0.8874458178695881,real
Wing,"x=0.97, y=0.4",1,6,0.9028639028785992,real
Wing,"x=0.97, y=0.4",2,6,0.9144334902771816,real
Wing,"x=0.97, y=0.4",3,6,0.9601670493103696,real
Wing,"x=0.97, y=0.4",4,6,0.9768556443260494,real
Wing,"x=0.97, y=0.4",5,6,0.9848634734259668,real
Wing,"x=0.97, y=0.4",6,6,0.9877321187732774,real
Wing,"x=0.97, y=0.4",7,6,0.9873435674860364,real
Wing,"x=0.97, y=0.4",8,6,0.9877776170186916,real
Wing,"x=0.97, y=0.4",9,6,0.9888433836440792,real
Wing,"x=0.97, y=0.4",10,6,0.9906909365744908,real
Wing,"x=0.97, y=0.4",11,6,0.9926638248402594,real
Wing,"x=0.97, y=0.4",12,6,0.992886964335137,real
Wing,"x=0.97, y=0.4",13,6,0.9926278013169336,real
Wing,"x=0.97, y=0.4",14,6,0.9935193403168988,real
Wing,"x=0.97, y=0.4",15,6,0.9932455608586002,real
Wing,"x=0.97, y=0.4",16,6,0.9929858772840124,real
Wing,"x=0.97, y=0.4",17,6,0.993247571151162,real
Wing,"x=0.97, y=0.4",18,6,0.9930139937133474,real
Wing,"x=0.97, y=0.4",19,6,0.9926485571726352,real
Wing,"x=0.97, y=0.4",20,6,0.9926200444734772,real
Wing,"x=0.97, y=0.4",21,6,0.9929021051623668,real
Wing,"x=0.97, y=0.4",22,6,0.992860312529284,real
Wing,"x=0.97, y=0.4",23,6,0.9930883809227145,real
Wing,"x=0.97, y=0.4",24,6,0.9932136885915424,real
Wing,"x=0.97, y=0.4",25,6,0.9932903789330396,real
Wing,"x=0.97, y=0.4",26,6,0.9930784082031036,real
Wing,"x=0.97, y=0.4",27,6,0.9925550868684744,real
Wing,"x=0.97, y=0.4",0,7,0.8529325497177305,real
Wing,"x=0.97, y=0.4",1,7,0.8692376537992247,real
Wing,"x=0.97, y=0.4",2,7,0.8826132556847781,real
Wing,"x=0.97, y=0.4",3,7,0.9472134582012262,real
Wing,"x=0.97, y=0.4",4,7,0.9678404045901428,real
Wing,"x=0.97, y=0.4",5,7,0.9809951869280864,real
Wing,"x=0.97, y=0.4",6,7,0.9881102123317682,real
Wing,"x=0.97, y=0.4",7,7,0.9876235593990748,real
Wing,"x=0.97, y=0.4",8,7,0.9866117462271106,real
Wing,"x=0.97, y=0.4",9,7,0.98672800487086,real
Wing,"x=0.97, y=0.4",10,7,0.9869369892166604,real
Wing,"x=0.97, y=0.4",11,7,0.9902253505800066,real
Wing,"x=0.97, y=0.4",12,7,0.9915754979679354,real
Wing,"x=0.97, y=0.4",13,7,0.9910051954137096,real
Wing,"x=0.97, y=0.4",14,7,0.9923009617878142,real
Wing,"x=0.97, y=0.4",15,7,0.9924861328774126,real
Wing,"x=0.97, y=0.4",16,7,0.9923319958378328,real
Wing,"x=0.97, y=0.4",17,7,0.9920949521898456,real
Wing,"x=0.97, y=0.4",18,7,0.9914880667959276,real
Wing,"x=0.97, y=0.4",19,7,0.9911481495217692,real
Wing,"x=0.97, y=0.4",20,7,0.9909798727717152,real
Wing,"x=0.97, y=0.4",21,7,0.9912069688485772,real
Wing,"x=0.97, y=0.4",22,7,0.991053166928581,real
Wing,"x=0.97, y=0.4",23,7,0.9910950146496672,real
Wing,"x=0.97, y=0.4",24,7,0.991026363651,real
Wing,"x=0.97, y=0.4",25,7,0.9909474946495868,real
Wing,"x=0.97, y=0.4",26,7,0.990966859709922,real
Wing,"x=0.97, y=0.4",27,7,0.9903421590714374,real
Wing,"x=0.97, y=0.4",0,8,0.8901234253356474,real
Wing,"x=0.97, y=0.4",1,8,0.9091850192162054,real
Wing,"x=0.97, y=0.4",2,8,0.9208572650667842,real
Wing,"x=0.97, y=0.4",3,8,0.9629320243607398,real
Wing,"x=0.97, y=0.4",4,8,0.9806174674931206,real
Wing,"x=0.97, y=0.4",5,8,0.9844744469891218,real
Wing,"x=0.97, y=0.4",6,8,0.9874746086687152,real
Wing,"x=0.97, y=0.4",7,8,0.9873083386557996,real
Wing,"x=0.97, y=0.4",8,8,0.9847250717979668,real
Wing,"x=0.97, y=0.4",9,8,0.987598798970562,real
Wing,"x=0.97, y=0.4",10,8,0.986758951010516,real
Wing,"x=0.97, y=0.4",11,8,0.9886506482426344,real
Wing,"x=0.97, y=0.4",12,8,0.9882016680302028,real
Wing,"x=0.97, y=0.4",13,8,0.9886867785623896,real
Wing,"x=0.97, y=0.4",14,8,0.9909702797802497,real
Wing,"x=0.97, y=0.4",15,8,0.991677081645857,real
Wing,"x=0.97, y=0.4",16,8,0.9916473398762046,real
Wing,"x=0.97, y=0.4",17,8,0.9915734505454366,real
Wing,"x=0.97, y=0.4",18,8,0.9908702873005846,real
Wing,"x=0.97, y=0.4",19,8,0.9906544891669,real
Wing,"x=0.97, y=0.4",20,8,0.9904004081438048,real
Wing,"x=0.97, y=0.4",21,8,0.9908309246684026,real
Wing,"x=0.97, y=0.4",22,8,0.9906740006115304,real
Wing,"x=0.97, y=0.4",23,8,0.9909175470105998,real
Wing,"x=0.97, y=0.4",24,8,0.9910695028675478,real
Wing,"x=0.97, y=0.4",25,8,0.9907820068746124,real
Wing,"x=0.97, y=0.4",26,8,0.9907105960246488,real
Wing,"x=0.97, y=0.4",27,8,0.9898892757243866,real
Wing,"x=0.97, y=0.4",0,9,0.8943004379328223,real
Wing,"x=0.97, y=0.4",1,9,0.910612589404669,real
Wing,"x=0.97, y=0.4",2,9,0.9241157907598984,real
Wing,"x=0.97, y=0.4",3,9,0.9676384492402044,real
Wing,"x=0.97, y=0.4",4,9,0.9798677503918084,real
Wing,"x=0.97, y=0.4",5,9,0.9873674879279358,real
Wing,"x=0.97, y=0.4",6,9,0.9891771719711836,real
Wing,"x=0.97, y=0.4",7,9,0.988113980406202,real
Wing,"x=0.97, y=0.4",8,9,0.9888370609997552,real
Wing,"x=0.97, y=0.4",9,9,0.989128418024537,real
Wing,"x=0.97, y=0.4",10,9,0.990298951915948,real
Wing,"x=0.97, y=0.4",11,9,0.9919316069434913,real
Wing,"x=0.97, y=0.4",12,9,0.9923002372681454,real
Wing,"x=0.97, y=0.4",13,9,0.9915855218933692,real
Wing,"x=0.97, y=0.4",14,9,0.9920376929365926,real
Wing,"x=0.97, y=0.4",15,9,0.9922152164397312,real
Wing,"x=0.97, y=0.4",16,9,0.9920761095815264,real
Wing,"x=0.97, y=0.4",17,9,0.9917256613083852,real
Wing,"x=0.97, y=0.4",18,9,0.9914187539109766,real
Wing,"x=0.97, y=0.4",19,9,0.9912829944812654,real
Wing,"x=0.97, y=0.4",20,9,0.991043161370875,real
Wing,"x=0.97, y=0.4",21,9,0.9913313771432796,real
Wing,"x=0.97, y=0.4",22,9,0.9913563328345236,real
Wing,"x=0.97, y=0.4",23,9,0.9911988980929184,real
Wing,"x=0.97, y=0.4",24,9,0.9910411356486244,real
Wing,"x=0.97, y=0.4",25,9,0.9909391480344248,real
Wing,"x=0.97, y=0.4",26,9,0.990940260212094,real
Wing,"x=0.97, y=0.4",27,9,0.9904642531983248,real
Wing,"x=0.98, y=0.4",0,0,0.8472019029118759,real
Wing,"x=0.98, y=0.4",1,0,0.8756011502487957,real
Wing,"x=0.98, y=0.4",2,0,0.885852879590298,real
Wing,"x=0.98, y=0.4",3,0,0.9464465547531712,real
Wing,"x=0.98, y=0.4",4,0,0.9697028860927168,real
Wing,"x=0.98, y=0.4",5,0,0.9811160769936008,real
Wing,"x=0.98, y=0.4",6,0,0.988241694123571,real
Wing,"x=0.98, y=0.4",7,0,0.9882908902337226,real
Wing,"x=0.98, y=0.4",8,0,0.9883221521224737,real
Wing,"x=0.98, y=0.4",9,0,0.9896166536249852,real
Wing,"x=0.98, y=0.4",10,0,0.9894510510397292,real
Wing,"x=0.98, y=0.4",11,0,0.990950889604778,real
Wing,"x=0.98, y=0.4",12,0,0.990969825507372,real
Wing,"x=0.98, y=0.4",13,0,0.990491634363052,real
Wing,"x=0.98, y=0.4",14,0,0.9914502398953164,real
Wing,"x=0.98, y=0.4",15,0,0.99145570912518,real
Wing,"x=0.98, y=0.4",16,0,0.9916405070897394,real
Wing,"x=0.98, y=0.4",17,0,0.9916862752429726,real
Wing,"x=0.98, y=0.4",18,0,0.9916406006024496,real
Wing,"x=0.98, y=0.4",19,0,0.991016202756907,real
Wing,"x=0.98, y=0.4",20,0,0.9908480812256726,real
Wing,"x=0.98, y=0.4",21,0,0.991031881721323,real
Wing,"x=0.98, y=0.4",22,0,0.9909945372941223,real
Wing,"x=0.98, y=0.4",23,0,0.9910670542947668,real
Wing,"x=0.98, y=0.4",24,0,0.9910238261489333,real
Wing,"x=0.98, y=0.4",25,0,0.9910739952967452,real
Wing,"x=0.98, y=0.4",26,0,0.991109933663465,real
Wing,"x=0.98, y=0.4",27,0,0.9909308686177626,real
Wing,"x=0.98, y=0.4",0,1,0.8956232109677227,real
Wing,"x=0.98, y=0.4",1,1,0.9161590928136936,real
Wing,"x=0.98, y=0.4",2,1,0.9281974305332494,real
Wing,"x=0.98, y=0.4",3,1,0.9574148994296622,real
Wing,"x=0.98, y=0.4",4,1,0.972569571503716,real
Wing,"x=0.98, y=0.4",5,1,0.9789150196476156,real
Wing,"x=0.98, y=0.4",6,1,0.9835500787451106,real
Wing,"x=0.98, y=0.4",7,1,0.9830298591929588,real
Wing,"x=0.98, y=0.4",8,1,0.9826709294493547,real
Wing,"x=0.98, y=0.4",9,1,0.9854629584373986,real
Wing,"x=0.98, y=0.4",10,1,0.9857238078203424,real
Wing,"x=0.98, y=0.4",11,1,0.9882992315899344,real
Wing,"x=0.98, y=0.4",12,1,0.9889395123576324,real
Wing,"x=0.98, y=0.4",13,1,0.9885831924629874,real
Wing,"x=0.98, y=0.4",14,1,0.9900040695031136,real
Wing,"x=0.98, y=0.4",15,1,0.9892862769560418,real
Wing,"x=0.98, y=0.4",16,1,0.9890020368936412,real
Wing,"x=0.98, y=0.4",17,1,0.9894729574846935,real
Wing,"x=0.98, y=0.4",18,1,0.98925769351799,real
Wing,"x=0.98, y=0.4",19,1,0.9888026369228152,real
Wing,"x=0.98, y=0.4",20,1,0.988435054758468,real
Wing,"x=0.98, y=0.4",21,1,0.9887755841281164,real
Wing,"x=0.98, y=0.4",22,1,0.988248224839025,real
Wing,"x=0.98, y=0.4",23,1,0.988287007668035,real
Wing,"x=0.98, y=0.4",24,1,0.9886483937880912,real
Wing,"x=0.98, y=0.4",25,1,0.9887916105762752,real
Wing,"x=0.98, y=0.4",26,1,0.9887951094228932,real
Wing,"x=0.98, y=0.4",27,1,0.9878454166526474,real
Wing,"x=0.98, y=0.4",0,2,0.8653905144554682,real
Wing,"x=0.98, y=0.4",1,2,0.8826139194013501,real
Wing,"x=0.98, y=0.4",2,2,0.8977967959147276,real
Wing,"x=0.98, y=0.4",3,2,0.9374486174536572,real
Wing,"x=0.98, y=0.4",4,2,0.9660681391166426,real
Wing,"x=0.98, y=0.4",5,2,0.9759830530212692,real
Wing,"x=0.98, y=0.4",6,2,0.9838763082434788,real
Wing,"x=0.98, y=0.4",7,2,0.9817464374950003,real
Wing,"x=0.98, y=0.4",8,2,0.9816604726440225,real
Wing,"x=0.98, y=0.4",9,2,0.9833319233811444,real
Wing,"x=0.98, y=0.4",10,2,0.9838417652116924,real
Wing,"x=0.98, y=0.4",11,2,0.9884933293597862,real
Wing,"x=0.98, y=0.4",12,2,0.9889935809314104,real
Wing,"x=0.98, y=0.4",13,2,0.987357680660022,real
Wing,"x=0.98, y=0.4",14,2,0.9902029814799354,real
Wing,"x=0.98, y=0.4",15,2,0.9896763820955587,real
Wing,"x=0.98, y=0.4",16,2,0.9898990711008222,real
Wing,"x=0.98, y=0.4",17,2,0.9892073925653314,real
Wing,"x=0.98, y=0.4",18,2,0.988916793974444,real
Wing,"x=0.98, y=0.4",19,2,0.9886846128923787,real
Wing,"x=0.98, y=0.4",20,2,0.9887548668963244,real
Wing,"x=0.98, y=0.4",21,2,0.9888253727587566,real
Wing,"x=0.98, y=0.4",22,2,0.9884301273934718,real
Wing,"x=0.98, y=0.4",23,2,0.9884768851349904,real
Wing,"x=0.98, y=0.4",24,2,0.987815396321373,real
Wing,"x=0.98, y=0.4",25,2,0.9877849479109522,real
Wing,"x=0.98, y=0.4",26,2,0.9879015242400492,real
Wing,"x=0.98, y=0.4",27,2,0.9875872509514,real
Wing,"x=0.98, y=0.4",0,3,0.863852224021899,real
Wing,"x=0.98, y=0.4",1,3,0.8721710501864814,real
Wing,"x=0.98, y=0.4",2,3,0.8936457368077592,real
Wing,"x=0.98, y=0.4",3,3,0.9387849212787336,real
Wing,"x=0.98, y=0.4",4,3,0.9668173495114608,real
Wing,"x=0.98, y=0.4",5,3,0.9766587860445484,real
Wing,"x=0.98, y=0.4",6,3,0.9835412763036624,real
Wing,"x=0.98, y=0.4",7,3,0.980363311274201,real
Wing,"x=0.98, y=0.4",8,3,0.9821500509104816,real
Wing,"x=0.98, y=0.4",9,3,0.9842969998527916,real
Wing,"x=0.98, y=0.4",10,3,0.986023679732583,real
Wing,"x=0.98, y=0.4",11,3,0.9887483660294412,real
Wing,"x=0.98, y=0.4",12,3,0.9894516398892657,real
Wing,"x=0.98, y=0.4",13,3,0.9898778385266732,real
Wing,"x=0.98, y=0.4",14,3,0.9898373834322302,real
Wing,"x=0.98, y=0.4",15,3,0.9898617521926076,real
Wing,"x=0.98, y=0.4",16,3,0.989654115690436,real
Wing,"x=0.98, y=0.4",17,3,0.9891644208844472,real
Wing,"x=0.98, y=0.4",18,3,0.9892518778560584,real
Wing,"x=0.98, y=0.4",19,3,0.9892298108510542,real
Wing,"x=0.98, y=0.4",20,3,0.9892303291109852,real
Wing,"x=0.98, y=0.4",21,3,0.9894868693988348,real
Wing,"x=0.98, y=0.4",22,3,0.9891914579940772,real
Wing,"x=0.98, y=0.4",23,3,0.9891186136815794,real
Wing,"x=0.98, y=0.4",24,3,0.9894874874177194,real
Wing,"x=0.98, y=0.4",25,3,0.9892320242021516,real
Wing,"x=0.98, y=0.4",26,3,0.989303860381482,real
Wing,"x=0.98, y=0.4",27,3,0.9890809631925211,real
Wing,"x=0.98, y=0.4",0,4,0.8829412494964699,real
Wing,"x=0.98, y=0.4",1,4,0.9117339516837738,real
Wing,"x=0.98, y=0.4",2,4,0.9219672097580274,real
Wing,"x=0.98, y=0.4",3,4,0.9575224631096578,real
Wing,"x=0.98, y=0.4",4,4,0.9655271046013638,real
Wing,"x=0.98, y=0.4",5,4,0.9722299018077633,real
Wing,"x=0.98, y=0.4",6,4,0.9806628690708362,real
Wing,"x=0.98, y=0.4",7,4,0.9794451374959176,real
Wing,"x=0.98, y=0.4",8,4,0.9779544613670056,real
Wing,"x=0.98, y=0.4",9,4,0.9799592646064944,real
Wing,"x=0.98, y=0.4",10,4,0.9829260647150818,real
Wing,"x=0.98, y=0.4",11,4,0.986011031816922,real
Wing,"x=0.98, y=0.4",12,4,0.9865169234412716,real
Wing,"x=0.98, y=0.4",13,4,0.9872359895641774,real
Wing,"x=0.98, y=0.4",14,4,0.988451733096584,real
Wing,"x=0.98, y=0.4",15,4,0.9885527023147962,real
Wing,"x=0.98, y=0.4",16,4,0.9885608452403396,real
Wing,"x=0.98, y=0.4",17,4,0.9887322805046532,real
Wing,"x=0.98, y=0.4",18,4,0.9882958182467468,real
Wing,"x=0.98, y=0.4",19,4,0.987743267989032,real
Wing,"x=0.98, y=0.4",20,4,0.987559890786764,real
Wing,"x=0.98, y=0.4",21,4,0.9873894712753452,real
Wing,"x=0.98, y=0.4",22,4,0.986727301802303,real
Wing,"x=0.98, y=0.4",23,4,0.987086594205978,real
Wing,"x=0.98, y=0.4",24,4,0.9865641994141536,real
Wing,"x=0.98, y=0.4",25,4,0.9861031449898882,real
Wing,"x=0.98, y=0.4",26,4,0.98666369410043,real
Wing,"x=0.98, y=0.4",27,4,0.985164869411846,real
Wing,"x=0.98, y=0.4",0,5,0.9065202061076214,real
Wing,"x=0.98, y=0.4",1,5,0.9257107735925788,real
Wing,"x=0.98, y=0.4",2,5,0.935445562724429,real
Wing,"x=0.98, y=0.4",3,5,0.9648905030438936,real
Wing,"x=0.98, y=0.4",4,5,0.9801233768654852,real
Wing,"x=0.98, y=0.4",5,5,0.9857285019720542,real
Wing,"x=0.98, y=0.4",6,5,0.9896110706499304,real
Wing,"x=0.98, y=0.4",7,5,0.9882116054117808,real
Wing,"x=0.98, y=0.4",8,5,0.9856817579370326,real
Wing,"x=0.98, y=0.4",9,5,0.988281778520504,real
Wing,"x=0.98, y=0.4",10,5,0.988562658640234,real
Wing,"x=0.98, y=0.4",11,5,0.9897613401401328,real
Wing,"x=0.98, y=0.4",12,5,0.9904213691578304,real
Wing,"x=0.98, y=0.4",13,5,0.9905723886366458,real
Wing,"x=0.98, y=0.4",14,5,0.9919583803556424,real
Wing,"x=0.98, y=0.4",15,5,0.9917498054443954,real
Wing,"x=0.98, y=0.4",16,5,0.9916299221294708,real
Wing,"x=0.98, y=0.4",17,5,0.9912548550013608,real
Wing,"x=0.98, y=0.4",18,5,0.9911551042636422,real
Wing,"x=0.98, y=0.4",19,5,0.9911399408302076,real
Wing,"x=0.98, y=0.4",20,5,0.990740100804956,real
Wing,"x=0.98, y=0.4",21,5,0.9910674959842052,real
Wing,"x=0.98, y=0.4",22,5,0.9908342292556664,real
Wing,"x=0.98, y=0.4",23,5,0.9905748608213324,real
Wing,"x=0.98, y=0.4",24,5,0.9907419979232988,real
Wing,"x=0.98, y=0.4",25,5,0.9906434528729798,real
Wing,"x=0.98, y=0.4",26,5,0.9904755064739916,real
Wing,"x=0.98, y=0.4",27,5,0.9901358344541172,real
Wing,"x=0.98, y=0.4",0,6,0.8999583004502132,real
Wing,"x=0.98, y=0.4",1,6,0.9166126502260856,real
Wing,"x=0.98, y=0.4",2,6,0.9282538316586604,real
Wing,"x=0.98, y=0.4",3,6,0.9608579410042554,real
Wing,"x=0.98, y=0.4",4,6,0.9730695048389592,real
Wing,"x=0.98, y=0.4",5,6,0.9800699376232505,real
Wing,"x=0.98, y=0.4",6,6,0.983808349077249,real
Wing,"x=0.98, y=0.4",7,6,0.9811598600647804,real
Wing,"x=0.98, y=0.4",8,6,0.981725602213956,real
Wing,"x=0.98, y=0.4",9,6,0.9832107707844168,real
Wing,"x=0.98, y=0.4",10,6,0.985164738006392,real
Wing,"x=0.98, y=0.4",11,6,0.988728593792532,real
Wing,"x=0.98, y=0.4",12,6,0.989709687538554,real
Wing,"x=0.98, y=0.4",13,6,0.9897642369019108,real
Wing,"x=0.98, y=0.4",14,6,0.990777765755992,real
Wing,"x=0.98, y=0.4",15,6,0.9907868183035444,real
Wing,"x=0.98, y=0.4",16,6,0.9902586801033788,real
Wing,"x=0.98, y=0.4",17,6,0.9902537185668376,real
Wing,"x=0.98, y=0.4",18,6,0.9896422103356136,real
Wing,"x=0.98, y=0.4",19,6,0.9898299944726984,real
Wing,"x=0.98, y=0.4",20,6,0.9897455152483028,real
Wing,"x=0.98, y=0.4",21,6,0.9897225052237651,real
Wing,"x=0.98, y=0.4",22,6,0.988836181721424,real
Wing,"x=0.98, y=0.4",23,6,0.9892036307003664,real
Wing,"x=0.98, y=0.4",24,6,0.9893247186596122,real
Wing,"x=0.98, y=0.4",25,6,0.9889012148742184,real
Wing,"x=0.98, y=0.4",26,6,0.9890784632045228,real
Wing,"x=0.98, y=0.4",27,6,0.9885322023151512,real
Wing,"x=0.98, y=0.4",0,7,0.8788581875208809,real
Wing,"x=0.98, y=0.4",1,7,0.8967511581057429,real
Wing,"x=0.98, y=0.4",2,7,0.908685730741038,real
Wing,"x=0.98, y=0.4",3,7,0.9485026621472702,real
Wing,"x=0.98, y=0.4",4,7,0.9693617952259616,real
Wing,"x=0.98, y=0.4",5,7,0.9770816093680657,real
Wing,"x=0.98, y=0.4",6,7,0.9829500250569704,real
Wing,"x=0.98, y=0.4",7,7,0.9829988861491052,real
Wing,"x=0.98, y=0.4",8,7,0.9832072859685952,real
Wing,"x=0.98, y=0.4",9,7,0.9830845364211168,real
Wing,"x=0.98, y=0.4",10,7,0.9847969481607436,real
Wing,"x=0.98, y=0.4",11,7,0.9873275299748684,real
Wing,"x=0.98, y=0.4",12,7,0.9886715208833018,real
Wing,"x=0.98, y=0.4",13,7,0.9887191174399008,real
Wing,"x=0.98, y=0.4",14,7,0.9898879931610676,real
Wing,"x=0.98, y=0.4",15,7,0.9897612030212972,real
Wing,"x=0.98, y=0.4",16,7,0.98921118226515,real
Wing,"x=0.98, y=0.4",17,7,0.9897375757630532,real
Wing,"x=0.98, y=0.4",18,7,0.9899372516118736,real
Wing,"x=0.98, y=0.4",19,7,0.989730678084002,real
Wing,"x=0.98, y=0.4",20,7,0.9894854423365562,real
Wing,"x=0.98, y=0.4",21,7,0.9898436206636482,real
Wing,"x=0.98, y=0.4",22,7,0.9896442969836892,real
Wing,"x=0.98, y=0.4",23,7,0.9895616011902684,real
Wing,"x=0.98, y=0.4",24,7,0.9894339765972884,real
Wing,"x=0.98, y=0.4",25,7,0.9892020991134072,real
Wing,"x=0.98, y=0.4",26,7,0.9893264513408596,real
Wing,"x=0.98, y=0.4",27,7,0.988178676923403,real
Wing,"x=0.98, y=0.4",0,8,0.8912589716017467,real
Wing,"x=0.98, y=0.4",1,8,0.913891493802676,real
Wing,"x=0.98, y=0.4",2,8,0.924867270502262,real
Wing,"x=0.98, y=0.4",3,8,0.9540878213780994,real
Wing,"x=0.98, y=0.4",4,8,0.9726615668411428,real
Wing,"x=0.98, y=0.4",5,8,0.9825816821117777,real
Wing,"x=0.98, y=0.4",6,8,0.9887928552736794,real
Wing,"x=0.98, y=0.4",7,8,0.9876026954587758,real
Wing,"x=0.98, y=0.4",8,8,0.984959860120099,real
Wing,"x=0.98, y=0.4",9,8,0.9866135594762492,real
Wing,"x=0.98, y=0.4",10,8,0.98866420609648,real
Wing,"x=0.98, y=0.4",11,8,0.9906959502490577,real
Wing,"x=0.98, y=0.4",12,8,0.9902626835147856,real
Wing,"x=0.98, y=0.4",13,8,0.9906793655930264,real
Wing,"x=0.98, y=0.4",14,8,0.9916153605039748,real
Wing,"x=0.98, y=0.4",15,8,0.9912680335465048,real
Wing,"x=0.98, y=0.4",16,8,0.9911259301259568,real
Wing,"x=0.98, y=0.4",17,8,0.9913056076119776,real
Wing,"x=0.98, y=0.4",18,8,0.991063637799448,real
Wing,"x=0.98, y=0.4",19,8,0.9909728801337432,real
Wing,"x=0.98, y=0.4",20,8,0.9907215843950268,real
Wing,"x=0.98, y=0.4",21,8,0.99024458605379,real
Wing,"x=0.98, y=0.4",22,8,0.9904489825602872,real
Wing,"x=0.98, y=0.4",23,8,0.9908996123768394,real
Wing,"x=0.98, y=0.4",24,8,0.9912484718847202,real
Wing,"x=0.98, y=0.4",25,8,0.9914811826018048,real
Wing,"x=0.98, y=0.4",26,8,0.99139919874923,real
Wing,"x=0.98, y=0.4",27,8,0.9908659752495872,real
Wing,"x=0.98, y=0.4",0,9,0.8804409249739132,real
Wing,"x=0.98, y=0.4",1,9,0.9004097332298993,real
Wing,"x=0.98, y=0.4",2,9,0.912896812578719,real
Wing,"x=0.98, y=0.4",3,9,0.950990781373796,real
Wing,"x=0.98, y=0.4",4,9,0.9693134276058498,real
Wing,"x=0.98, y=0.4",5,9,0.9801857663393264,real
Wing,"x=0.98, y=0.4",6,9,0.9887436910075368,real
Wing,"x=0.98, y=0.4",7,9,0.9872931145333036,real
Wing,"x=0.98, y=0.4",8,9,0.987058036205732,real
Wing,"x=0.98, y=0.4",9,9,0.9884065459959676,real
Wing,"x=0.98, y=0.4",10,9,0.9888216477564324,real
Wing,"x=0.98, y=0.4",11,9,0.9896094214739672,real
Wing,"x=0.98, y=0.4",12,9,0.9903074895329804,real
Wing,"x=0.98, y=0.4",13,9,0.9898775249859552,real
Wing,"x=0.98, y=0.4",14,9,0.9908177034369448,real
Wing,"x=0.98, y=0.4",15,9,0.9910572458494992,real
Wing,"x=0.98, y=0.4",16,9,0.9905917721228682,real
Wing,"x=0.98, y=0.4",17,9,0.9908307145326832,real
Wing,"x=0.98, y=0.4",18,9,0.9909268732489288,real
Wing,"x=0.98, y=0.4",19,9,0.9908110331507732,real
Wing,"x=0.98, y=0.4",20,9,0.99033975562914,real
Wing,"x=0.98, y=0.4",21,9,0.9902867212012898,real
Wing,"x=0.98, y=0.4",22,9,0.9897167161764484,real
Wing,"x=0.98, y=0.4",23,9,0.989559241702487,real
Wing,"x=0.98, y=0.4",24,9,0.9893669775676822,real
Wing,"x=0.98, y=0.4",25,9,0.9896435118045652,real
Wing,"x=0.98, y=0.4",26,9,0.9901826292052196,real
Wing,"x=0.98, y=0.4",27,9,0.989226916093808,real
Wing,"x=0.99, y=0.4",0,0,0.882129368148071,real
Wing,"x=0.99, y=0.4",1,0,0.9082764327636476,real
Wing,"x=0.99, y=0.4",2,0,0.9241144966887116,real
Wing,"x=0.99, y=0.4",3,0,0.9457673984288946,real
Wing,"x=0.99, y=0.4",4,0,0.959669341459324,real
Wing,"x=0.99, y=0.4",5,0,0.9745665187679964,real
Wing,"x=0.99, y=0.4",6,0,0.9816647546614647,real
Wing,"x=0.99, y=0.4",7,0,0.9787682997218308,real
Wing,"x=0.99, y=0.4",8,0,0.9787941561767652,real
Wing,"x=0.99, y=0.4",9,0,0.9828479534682024,real
Wing,"x=0.99, y=0.4",10,0,0.9838060934604764,real
Wing,"x=0.99, y=0.4",11,0,0.9899368237155128,real
Wing,"x=0.99, y=0.4",12,0,0.9903066892229138,real
Wing,"x=0.99, y=0.4",13,0,0.9893729576737323,real
Wing,"x=0.99, y=0.4",14,0,0.9905258953938616,real
Wing,"x=0.99, y=0.4",15,0,0.9907859465162346,real
Wing,"x=0.99, y=0.4",16,0,0.9903012772786544,real
Wing,"x=0.99, y=0.4",17,0,0.9906242366459312,real
Wing,"x=0.99, y=0.4",18,0,0.990262520139956,real
Wing,"x=0.99, y=0.4",19,0,0.9903395134478749,real
Wing,"x=0.99, y=0.4",20,0,0.9900333824964832,real
Wing,"x=0.99, y=0.4",21,0,0.990151033458643,real
Wing,"x=0.99, y=0.4",22,0,0.9895634271053212,real
Wing,"x=0.99, y=0.4",23,0,0.9892297060195993,real
Wing,"x=0.99, y=0.4",24,0,0.9887732226473082,real
Wing,"x=0.99, y=0.4",25,0,0.9890774452135276,real
Wing,"x=0.99, y=0.4",26,0,0.9898280489085516,real
Wing,"x=0.99, y=0.4",27,0,0.9888131547217022,real
Wing,"x=0.99, y=0.4",0,1,0.9236829168282048,real
Wing,"x=0.99, y=0.4",1,1,0.9423794451827532,real
Wing,"x=0.99, y=0.4",2,1,0.9525534648684608,real
Wing,"x=0.99, y=0.4",3,1,0.9643593660769624,real
Wing,"x=0.99, y=0.4",4,1,0.9749222899123376,real
Wing,"x=0.99, y=0.4",5,1,0.9809777109175464,real
Wing,"x=0.99, y=0.4",6,1,0.9873787257516896,real
Wing,"x=0.99, y=0.4",7,1,0.9877187211323976,real
Wing,"x=0.99, y=0.4",8,1,0.9883403703266348,real
Wing,"x=0.99, y=0.4",9,1,0.989932474183708,real
Wing,"x=0.99, y=0.4",10,1,0.9912934321282244,real
Wing,"x=0.99, y=0.4",11,1,0.9929188324105848,real
Wing,"x=0.99, y=0.4",12,1,0.9931619101366757,real
Wing,"x=0.99, y=0.4",13,1,0.992649849786218,real
Wing,"x=0.99, y=0.4",14,1,0.9927429100550188,real
Wing,"x=0.99, y=0.4",15,1,0.9926584332313282,real
Wing,"x=0.99, y=0.4",16,1,0.9924629675802558,real
Wing,"x=0.99, y=0.4",17,1,0.9926036778217202,real
Wing,"x=0.99, y=0.4",18,1,0.9927326420224214,real
Wing,"x=0.99, y=0.4",19,1,0.9926651909016452,real
Wing,"x=0.99, y=0.4",20,1,0.9926206084089756,real
Wing,"x=0.99, y=0.4",21,1,0.9925207763511276,real
Wing,"x=0.99, y=0.4",22,1,0.9923984486968964,real
Wing,"x=0.99, y=0.4",23,1,0.99242808168314,real
Wing,"x=0.99, y=0.4",24,1,0.9923970769507556,real
Wing,"x=0.99, y=0.4",25,1,0.9924975450945716,real
Wing,"x=0.99, y=0.4",26,1,0.9923387688226756,real
Wing,"x=0.99, y=0.4",27,1,0.9917912474226034,real
Wing,"x=0.99, y=0.4",0,2,0.8989021295880575,real
Wing,"x=0.99, y=0.4",1,2,0.9155878151165276,real
Wing,"x=0.99, y=0.4",2,2,0.9281352768114208,real
Wing,"x=0.99, y=0.4",3,2,0.9504912370881056,real
Wing,"x=0.99, y=0.4",4,2,0.9706743954235604,real
Wing,"x=0.99, y=0.4",5,2,0.9763819402221932,real
Wing,"x=0.99, y=0.4",6,2,0.9829633549520406,real
Wing,"x=0.99, y=0.4",7,2,0.9783502171095676,real
Wing,"x=0.99, y=0.4",8,2,0.9771047397963092,real
Wing,"x=0.99, y=0.4",9,2,0.9786598794405988,real
Wing,"x=0.99, y=0.4",10,2,0.9821077710371604,real
Wing,"x=0.99, y=0.4",11,2,0.9875316835670666,real
Wing,"x=0.99, y=0.4",12,2,0.988988266617236,real
Wing,"x=0.99, y=0.4",13,2,0.9888734405025008,real
Wing,"x=0.99, y=0.4",14,2,0.9911009175740372,real
Wing,"x=0.99, y=0.4",15,2,0.991233136330189,real
Wing,"x=0.99, y=0.4",16,2,0.990594189613627,real
Wing,"x=0.99, y=0.4",17,2,0.9904564350060192,real
Wing,"x=0.99, y=0.4",18,2,0.9902719358911466,real
Wing,"x=0.99, y=0.4",19,2,0.9900076198368578,real
Wing,"x=0.99, y=0.4",20,2,0.9897884576288416,real
Wing,"x=0.99, y=0.4",21,2,0.9897941529854016,real
Wing,"x=0.99, y=0.4",22,2,0.9895039524720914,real
Wing,"x=0.99, y=0.4",23,2,0.9893197533438826,real
Wing,"x=0.99, y=0.4",24,2,0.9896687307563676,real
Wing,"x=0.99, y=0.4",25,2,0.9893887963720264,real
Wing,"x=0.99, y=0.4",26,2,0.9893146491805525,real
Wing,"x=0.99, y=0.4",27,2,0.9883990503727538,real
Wing,"x=0.99, y=0.4",0,3,0.8843766224720488,real
Wing,"x=0.99, y=0.4",1,3,0.903222008541333,real
Wing,"x=0.99, y=0.4",2,3,0.9150129195830956,real
Wing,"x=0.99, y=0.4",3,3,0.9484976255178296,real
Wing,"x=0.99, y=0.4",4,3,0.9627042583029962,real
Wing,"x=0.99, y=0.4",5,3,0.9801074401946174,real
Wing,"x=0.99, y=0.4",6,3,0.9895066112660638,real
Wing,"x=0.99, y=0.4",7,3,0.988972032254386,real
Wing,"x=0.99, y=0.4",8,3,0.9878684638800102,real
Wing,"x=0.99, y=0.4",9,3,0.9894246397025228,real
Wing,"x=0.99, y=0.4",10,3,0.9904174752553008,real
Wing,"x=0.99, y=0.4",11,3,0.9929657790010816,real
Wing,"x=0.99, y=0.4",12,3,0.9931174767040004,real
Wing,"x=0.99, y=0.4",13,3,0.9931835990087023,real
Wing,"x=0.99, y=0.4",14,3,0.9938085403680122,real
Wing,"x=0.99, y=0.4",15,3,0.9938547057290736,real
Wing,"x=0.99, y=0.4",16,3,0.9941051490992694,real
Wing,"x=0.99, y=0.4",17,3,0.99430185965274,real
Wing,"x=0.99, y=0.4",18,3,0.9941295436562382,real
Wing,"x=0.99, y=0.4",19,3,0.9937029557750308,real
Wing,"x=0.99, y=0.4",20,3,0.9935633168851172,real
Wing,"x=0.99, y=0.4",21,3,0.9937317849595492,real
Wing,"x=0.99, y=0.4",22,3,0.993341534749398,real
Wing,"x=0.99, y=0.4",23,3,0.993359889076417,real
Wing,"x=0.99, y=0.4",24,3,0.9934724260546868,real
Wing,"x=0.99, y=0.4",25,3,0.993688833042622,real
Wing,"x=0.99, y=0.4",26,3,0.9936982882567564,real
Wing,"x=0.99, y=0.4",27,3,0.993111172979096,real
Wing,"x=0.99, y=0.4",0,4,0.8798043475681576,real
Wing,"x=0.99, y=0.4",1,4,0.8997076754688733,real
Wing,"x=0.99, y=0.4",2,4,0.9164803473891078,real
Wing,"x=0.99, y=0.4",3,4,0.9329148402141696,real
Wing,"x=0.99, y=0.4",4,4,0.9497695777820684,real
Wing,"x=0.99, y=0.4",5,4,0.9638845624495748,real
Wing,"x=0.99, y=0.4",6,4,0.9698095121052812,real
Wing,"x=0.99, y=0.4",7,4,0.9787532655029144,real
Wing,"x=0.99, y=0.4",8,4,0.9764177163375456,real
Wing,"x=0.99, y=0.4",9,4,0.9801692408905682,real
Wing,"x=0.99, y=0.4",10,4,0.9817589303819588,real
Wing,"x=0.99, y=0.4",11,4,0.9877998225815324,real
Wing,"x=0.99, y=0.4",12,4,0.9890977175792997,real
Wing,"x=0.99, y=0.4",13,4,0.9899984114042903,real
Wing,"x=0.99, y=0.4",14,4,0.9916232257816174,real
Wing,"x=0.99, y=0.4",15,4,0.9904478461298264,real
Wing,"x=0.99, y=0.4",16,4,0.9898959919794288,real
Wing,"x=0.99, y=0.4",17,4,0.9899779640910632,real
Wing,"x=0.99, y=0.4",18,4,0.98923943477677,real
Wing,"x=0.99, y=0.4",19,4,0.9885629080530376,real
Wing,"x=0.99, y=0.4",20,4,0.9884731673949106,real
Wing,"x=0.99, y=0.4",21,4,0.9883571582803554,real
Wing,"x=0.99, y=0.4",22,4,0.9882504319847786,real
Wing,"x=0.99, y=0.4",23,4,0.988345748570028,real
Wing,"x=0.99, y=0.4",24,4,0.9887011298680533,real
Wing,"x=0.99, y=0.4",25,4,0.9891908331185094,real
Wing,"x=0.99, y=0.4",26,4,0.9893193313997386,real
Wing,"x=0.99, y=0.4",27,4,0.9885248591128296,real
Wing,"x=0.99, y=0.4",0,5,0.909552799508076,real
Wing,"x=0.99, y=0.4",1,5,0.9311890956696166,real
Wing,"x=0.99, y=0.4",2,5,0.9414251967091382,real
Wing,"x=0.99, y=0.4",3,5,0.963856696087658,real
Wing,"x=0.99, y=0.4",4,5,0.9799607314323844,real
Wing,"x=0.99, y=0.4",5,5,0.9830812462972668,real
Wing,"x=0.99, y=0.4",6,5,0.9878495088008252,real
Wing,"x=0.99, y=0.4",7,5,0.9853499447142668,real
Wing,"x=0.99, y=0.4",8,5,0.986757929074461,real
Wing,"x=0.99, y=0.4",9,5,0.986034670080852,real
Wing,"x=0.99, y=0.4",10,5,0.9870411857267972,real
Wing,"x=0.99, y=0.4",11,5,0.989372277622859,real
Wing,"x=0.99, y=0.4",12,5,0.990459477940396,real
Wing,"x=0.99, y=0.4",13,5,0.9901492882979648,real
Wing,"x=0.99, y=0.4",14,5,0.9906933119742096,real
Wing,"x=0.99, y=0.4",15,5,0.9911081604389628,real
Wing,"x=0.99, y=0.4",16,5,0.991293397118027,real
Wing,"x=0.99, y=0.4",17,5,0.9916648413346918,real
Wing,"x=0.99, y=0.4",18,5,0.9915662695980892,real
Wing,"x=0.99, y=0.4",19,5,0.9914032783020326,real
Wing,"x=0.99, y=0.4",20,5,0.9911142686155124,real
Wing,"x=0.99, y=0.4",21,5,0.9913242570846248,real
Wing,"x=0.99, y=0.4",22,5,0.9912690970799536,real
Wing,"x=0.99, y=0.4",23,5,0.991180254339192,real
Wing,"x=0.99, y=0.4",24,5,0.9911398456693336,real
Wing,"x=0.99, y=0.4",25,5,0.9910006040087186,real
Wing,"x=0.99, y=0.4",26,5,0.991237656775352,real
Wing,"x=0.99, y=0.4",27,5,0.9909779102754828,real
Wing,"x=0.99, y=0.4",0,6,0.9261741363536804,real
Wing,"x=0.99, y=0.4",1,6,0.9389850496492425,real
Wing,"x=0.99, y=0.4",2,6,0.946416785320244,real
Wing,"x=0.99, y=0.4",3,6,0.9588746464214988,real
Wing,"x=0.99, y=0.4",4,6,0.9734328542337808,real
Wing,"x=0.99, y=0.4",5,6,0.979123555669883,real
Wing,"x=0.99, y=0.4",6,6,0.9858543392196084,real
Wing,"x=0.99, y=0.4",7,6,0.987461457439258,real
Wing,"x=0.99, y=0.4",8,6,0.9848553450529944,real
Wing,"x=0.99, y=0.4",9,6,0.9877403959299172,real
Wing,"x=0.99, y=0.4",10,6,0.9885731359861298,real
Wing,"x=0.99, y=0.4",11,6,0.9915255963865788,real
Wing,"x=0.99, y=0.4",12,6,0.991503557978542,real
Wing,"x=0.99, y=0.4",13,6,0.9915626082253144,real
Wing,"x=0.99, y=0.4",14,6,0.9923453671332856,real
Wing,"x=0.99, y=0.4",15,6,0.9923352225681984,real
Wing,"x=0.99, y=0.4",16,6,0.9921482104989956,real
Wing,"x=0.99, y=0.4",17,6,0.9928147158350604,real
Wing,"x=0.99, y=0.4",18,6,0.9924760588263946,real
Wing,"x=0.99, y=0.4",19,6,0.9920570181371332,real
Wing,"x=0.99, y=0.4",20,6,0.9917727500968184,real
Wing,"x=0.99, y=0.4",21,6,0.9916727566374278,real
Wing,"x=0.99, y=0.4",22,6,0.9916838651751138,real
Wing,"x=0.99, y=0.4",23,6,0.9920410059428578,real
Wing,"x=0.99, y=0.4",24,6,0.9920887558269372,real
Wing,"x=0.99, y=0.4",25,6,0.9917859403167112,real
Wing,"x=0.99, y=0.4",26,6,0.9919932802965952,real
Wing,"x=0.99, y=0.4",27,6,0.991680551519305,real
Wing,"x=0.99, y=0.4",0,7,0.8851873996977091,real
Wing,"x=0.99, y=0.4",1,7,0.908660721588334,real
Wing,"x=0.99, y=0.4",2,7,0.9154643597888708,real
Wing,"x=0.99, y=0.4",3,7,0.9328749270250812,real
Wing,"x=0.99, y=0.4",4,7,0.9556168179414972,real
Wing,"x=0.99, y=0.4",5,7,0.9559777439925516,real
Wing,"x=0.99, y=0.4",6,7,0.9785071547859582,real
Wing,"x=0.99, y=0.4",7,7,0.9762860031313938,real
Wing,"x=0.99, y=0.4",8,7,0.9762554850177134,real
Wing,"x=0.99, y=0.4",9,7,0.9805780258360728,real
Wing,"x=0.99, y=0.4",10,7,0.983588429022964,real
Wing,"x=0.99, y=0.4",11,7,0.9867925783590292,real
Wing,"x=0.99, y=0.4",12,7,0.9877857756115774,real
Wing,"x=0.99, y=0.4",13,7,0.988152372707226,real
Wing,"x=0.99, y=0.4",14,7,0.9894906212405752,real
Wing,"x=0.99, y=0.4",15,7,0.989660067898449,real
Wing,"x=0.99, y=0.4",16,7,0.9890723241603592,real
Wing,"x=0.99, y=0.4",17,7,0.989354177984936,real
Wing,"x=0.99, y=0.4",18,7,0.988975780130997,real
Wing,"x=0.99, y=0.4",19,7,0.9890569255085748,real
Wing,"x=0.99, y=0.4",20,7,0.9884023797733892,real
Wing,"x=0.99, y=0.4",21,7,0.9884334737162132,real
Wing,"x=0.99, y=0.4",22,7,0.9882137811877706,real
Wing,"x=0.99, y=0.4",23,7,0.9883491442444392,real
Wing,"x=0.99, y=0.4",24,7,0.987656254769494,real
Wing,"x=0.99, y=0.4",25,7,0.986959636946256,real
Wing,"x=0.99, y=0.4",26,7,0.9875905894740838,real
Wing,"x=0.99, y=0.4",27,7,0.9869753712906432,real
Wing,"x=0.99, y=0.4",0,8,0.8899843942689916,real
Wing,"x=0.99, y=0.4",1,8,0.9070257124964304,real
Wing,"x=0.99, y=0.4",2,8,0.916840828889748,real
Wing,"x=0.99, y=0.4",3,8,0.943839736396752,real
Wing,"x=0.99, y=0.4",4,8,0.9625715406148448,real
Wing,"x=0.99, y=0.4",5,8,0.97912183385934,real
Wing,"x=0.99, y=0.4",6,8,0.9893867119025492,real
Wing,"x=0.99, y=0.4",7,8,0.9871890719364972,real
Wing,"x=0.99, y=0.4",8,8,0.98697411292048,real
Wing,"x=0.99, y=0.4",9,8,0.9896160121847748,real
Wing,"x=0.99, y=0.4",10,8,0.990794722081168,real
Wing,"x=0.99, y=0.4",11,8,0.9939205908357768,real
Wing,"x=0.99, y=0.4",12,8,0.9940758209996484,real
Wing,"x=0.99, y=0.4",13,8,0.9930274214249836,real
Wing,"x=0.99, y=0.4",14,8,0.993484997562035,real
Wing,"x=0.99, y=0.4",15,8,0.9934799607939868,real
Wing,"x=0.99, y=0.4",16,8,0.9932770474085488,real
Wing,"x=0.99, y=0.4",17,8,0.993478875388766,real
Wing,"x=0.99, y=0.4",18,8,0.9935196731382164,real
Wing,"x=0.99, y=0.4",19,8,0.9932401579787572,real
Wing,"x=0.99, y=0.4",20,8,0.9930611959641809,real
Wing,"x=0.99, y=0.4",21,8,0.9932238977046398,real
Wing,"x=0.99, y=0.4",22,8,0.9928490261454532,real
Wing,"x=0.99, y=0.4",23,8,0.9928887370549108,real
Wing,"x=0.99, y=0.4",24,8,0.9930785538390832,real
Wing,"x=0.99, y=0.4",25,8,0.9930084494312792,real
Wing,"x=0.99, y=0.4",26,8,0.993274893815374,real
Wing,"x=0.99, y=0.4",27,8,0.992469455707088,real
Wing,"x=0.99, y=0.4",0,9,0.9179084113139998,real
Wing,"x=0.99, y=0.4",1,9,0.940609515384032,real
Wing,"x=0.99, y=0.4",2,9,0.95216987822425,real
Wing,"x=0.99, y=0.4",3,9,0.969045801356372,real
Wing,"x=0.99, y=0.4",4,9,0.9750988519417216,real
Wing,"x=0.99, y=0.4",5,9,0.9830617239774858,real
Wing,"x=0.99, y=0.4",6,9,0.986974544954958,real
Wing,"x=0.99, y=0.4",7,9,0.9854075935595616,real
Wing,"x=0.99, y=0.4",8,9,0.9866681128499236,real
Wing,"x=0.99, y=0.4",9,9,0.9885419309964024,real
Wing,"x=0.99, y=0.4",10,9,0.9890261274314084,real
Wing,"x=0.99, y=0.4",11,9,0.9914658473525206,real
Wing,"x=0.99, y=0.4",12,9,0.99121637970759,real
Wing,"x=0.99, y=0.4",13,9,0.991420969594648,real
Wing,"x=0.99, y=0.4",14,9,0.992672835074822,real
Wing,"x=0.99, y=0.4",15,9,0.9930129563072128,real
Wing,"x=0.99, y=0.4",16,9,0.9927884605167,real
Wing,"x=0.99, y=0.4",17,9,0.9928163582990952,real
Wing,"x=0.99, y=0.4",18,9,0.9927473779789002,real
Wing,"x=0.99, y=0.4",19,9,0.9927760232934624,real
Wing,"x=0.99, y=0.4",20,9,0.9925112559600672,real
Wing,"x=0.99, y=0.4",21,9,0.9925529620562884,real
Wing,"x=0.99, y=0.4",22,9,0.992333542547884,real
Wing,"x=0.99, y=0.4",23,9,0.9924346350198768,real
Wing,"x=0.99, y=0.4",24,9,0.9923841725399524,real
Wing,"x=0.99, y=0.4",25,9,0.9924784154625156,real
Wing,"x=0.99, y=0.4",26,9,0.9923582059438162,real
Wing,"x=0.99, y=0.4",27,9,0.9918316193431724,real
Strata,"a=0.9, t0=0.38, t1=0.54",0,0,0.9450537355916784,real
Strata,"a=0.9, t0=0.38, t1=0.54",1,0,0.9836323259609762,real
Strata,"a=0.9, t0=0.38, t1=0.54",2,0,0.9951474282341518,real
Strata,"a=0.9, t0=0.38, t1=0.54",3,0,0.9985925113344352,real
Strata,"a=0.9, t0=0.38, t1=0.54",4,0,0.9992003312061424,real
Strata,"a=0.9, t0=0.38, t1=0.54",5,0,0.9990554594417748,real
Strata,"a=0.9, t0=0.38, t1=0.54",6,0,0.998663273230568,real
Strata,"a=0.9, t0=0.38, t1=0.54",7,0,0.9975723326727156,real
Strata,"a=0.9, t0=0.38, t1=0.54",8,0,0.995978372533991,real
Strata,"a=0.9, t0=0.38, t1=0.54",9,0,0.9946973953744076,real
Strata,"a=0.9, t0=0.38, t1=0.54",10,0,0.994391968282706,real
Strata,"a=0.9, t0=0.38, t1=0.54",11,0,0.9949359480415944,real
Strata,"a=0.9, t0=0.38, t1=0.54",12,0,0.9946477487567384,real
Strata,"a=0.9, t0=0.38, t1=0.54",13,0,0.9944759409980044,real
Strata,"a=0.9, t0=0.38, t1=0.54",14,0,0.994532973287172,real
Strata,"a=0.9, t0=0.38, t1=0.54",15,0,0.9945069307908306,real
Strata,"a=0.9, t0=0.38, t1=0.54",16,0,0.9944219045817578,real
Strata,"a=0.9, t0=0.38, t1=0.54",17,0,0.9943802199458832,real
Strata,"a=0.9, t0=0.38, t1=0.54",18,0,0.9942246002477354,real
Strata,"a=0.9, t0=0.38, t1=0.54",19,0,0.9938393529137924,real
Strata,"a=0.9, t0=0.38, t1=0.54",20,0,0.9939077916607932,real
Strata,"a=0.9, t0=0.38, t1=0.54",21,0,0.9940086101467334,real
Strata,"a=0.9, t0=0.38, t1=0.54",22,0,0.9939649458687114,real
Strata,"a=0.9, t0=0.38, t1=0.54",23,0,0.9939641930113816,real
Strata,"a=0.9, t0=0.38, t1=0.54",24,0,0.9939479199332693,real
Strata,"a=0.9, t0=0.38, t1=0.54",25,0,0.9938959774806096,real
Strata,"a=0.9, t0=0.38, t1=0.54",26,0,0.9939180885494628,real
Strata,"a=0.9, t0=0.38, t1=0.54",27,0,0.993389524819665,real
Strata,"a=0.9, t0=0.38, t1=0.54",0,1,0.9427382364087844,real
Strata,"a=0.9, t0=0.38, t1=0.54",1,1,0.981801601287659,real
Strata,"a=0.9, t0=0.38, t1=0.54",2,1,0.9947573781640812,real
Strata,"a=0.9, t0=0.38, t1=0.54",3,1,0.998316016262569,real
Strata,"a=0.9, t0=0.38, t1=0.54",4,1,0.9989004858874632,real
Strata,"a=0.9, t0=0.38, t1=0.54",5,1,0.9990028878811756,real
Strata,"a=0.9, t0=0.38, t1=0.54",6,1,0.998664184064606,real
Strata,"a=0.9, t0=0.38, t1=0.54",7,1,0.9977478501999064,real
Strata,"a=0.9, t0=0.38, t1=0.54",8,1,0.9959217645187948,real
Strata,"a=0.9, t0=0.38, t1=0.54",9,1,0.9950212827041516,real
Strata,"a=0.9, t0=0.38, t1=0.54",10,1,0.9940540492848888,real
Strata,"a=0.9, t0=0.38, t1=0.54",11,1,0.994642049320044,real
Strata,"a=0.9, t0=0.38, t1=0.54",12,1,0.994065950301041,real
Strata,"a=0.9, t0=0.38, t1=0.54",13,1,0.9939590320691252,real
Strata,"a=0.9, t0=0.38, t1=0.54",14,1,0.9940791032330858,real
Strata,"a=0.9, t0=0.38, t1=0.54",15,1,0.9940487721840092,real
Strata,"a=0.9, t0=0.38, t1=0.54",16,1,0.9942553308632988,real
Strata,"a=0.9, t0=0.38, t1=0.54",17,1,0.9939840997869082,real
Strata,"a=0.9, t0=0.38, t1=0.54",18,1,0.9938054211703484,real
Strata,"a=0.9, t0=0.38, t1=0.54",19,1,0.9937976871287064,real
Strata,"a=0.9, t0=0.38, t1=0.54",20,1,0.9937254384819784,real
Strata,"a=0.9, t0=0.38, t1=0.54",21,1,0.99376283556169,real
Strata,"a=0.9, t0=0.38, t1=0.54",22,1,0.9938343235318172,real
Strata,"a=0.9, t0=0.38, t1=0.54",23,1,0.9937830269851974,real
Strata,"a=0.9, t0=0.38, t1=0.54",24,1,0.9939120074435912,real
Strata,"a=0.9, t0=0.38, t1=0.54",25,1,0.9936980347725012,real
Strata,"a=0.9, t0=0.38, t1=0.54",26,1,0.9935410466035918,real
Strata,"a=0.9, t0=0.38, t1=0.54",27,1,0.9928255521089016,real
Strata,"a=0.9, t0=0.38, t1=0.54",0,2,0.9476438651355232,real
Strata,"a=0.9, t0=0.38, t1=0.54",1,2,0.983086414180534,real
Strata,"a=0.9, t0=0.38, t1=0.54",2,2,0.9948413231322192,real
Strata,"a=0.9, t0=0.38, t1=0.54",3,2,0.9986391914804708,real
Strata,"a=0.9, t0=0.38, t1=0.54",4,2,0.999124345737034,real
Strata,"a=0.9, t0=0.38, t1=0.54",5,2,0.999056879254197,real
Strata,"a=0.9, t0=0.38, t1=0.54",6,2,0.9986672791478536,real
Strata,"a=0.9, t0=0.38, t1=0.54",7,2,0.9976941698090755,real
Strata,"a=0.9, t0=0.38, t1=0.54",8,2,0.995988313190216,real
Strata,"a=0.9, t0=0.38, t1=0.54",9,2,0.995027989449155,real
Strata,"a=0.9, t0=0.38, t1=0.54",10,2,0.9942856581302484,real
Strata,"a=0.9, t0=0.38, t1=0.54",11,2,0.99473867727781,real
Strata,"a=0.9, t0=0.38, t1=0.54",12,2,0.9945117549469972,real
Strata,"a=0.9, t0=0.38, t1=0.54",13,2,0.9942217177589524,real
Strata,"a=0.9, t0=0.38, t1=0.54",14,2,0.9943714796491114,real
Strata,"a=0.9, t0=0.38, t1=0.54",15,2,0.994030330219408,real
Strata,"a=0.9, t0=0.38, t1=0.54",16,2,0.9939876335552544,real
Strata,"a=0.9, t0=0.38, t1=0.54",17,2,0.9939016340124888,real
Strata,"a=0.9, t0=0.38, t1=0.54",18,2,0.9936109920456624,real
Strata,"a=0.9, t0=0.38, t1=0.54",19,2,0.9934052093354356,real
Strata,"a=0.9, t0=0.38, t1=0.54",20,2,0.9933821021200236,real
Strata,"a=0.9, t0=0.38, t1=0.54",21,2,0.9934582173880884,real
Strata,"a=0.9, t0=0.38, t1=0.54",22,2,0.993365149650338,real
Strata,"a=0.9, t0=0.38, t1=0.54",23,2,0.9931396450502004,real
Strata,"a=0.9, t0=0.38, t1=0.54",24,2,0.9930787536971544,real
Strata,"a=0.9, t0=0.38, t1=0.54",25,2,0.9929743505745464,real
Strata,"a=0.9, t0=0.38, t1=0.54",26,2,0.9930120291899476,real
Strata,"a=0.9, t0=0.38, t1=0.54",27,2,0.992510450433781,real
Strata,"a=0.9, t0=0.38, t1=0.54",0,3,0.9476005382106032,real
Strata,"a=0.9, t0=0.38, t1=0.54",1,3,0.9839332496238812,real
Strata,"a=0.9, t0=0.38, t1=0.54",2,3,0.9951142364031602,real
Strata,"a=0.9, t0=0.38, t1=0.54",3,3,0.998555254567048,real
Strata,"a=0.9, t0=0.38, t1=0.54",4,3,0.9990865157884632,real
Strata,"a=0.9, t0=0.38, t1=0.54",5,3,0.9988820888299934,real
Strata,"a=0.9, t0=0.38, t1=0.54",6,3,0.9984713064980963,real
Strata,"a=0.9, t0=0.38, t1=0.54",7,3,0.9976424878187256,real
Strata,"a=0.9, t0=0.38, t1=0.54",8,3,0.996068313279982,real
Strata,"a=0.9, t0=0.38, t1=0.54",9,3,0.994774693260147,real
Strata,"a=0.9, t0=0.38, t1=0.54",10,3,0.99448629572894,real
Strata,"a=0.9, t0=0.38, t1=0.54",11,3,0.99488070629096,real
Strata,"a=0.9, t0=0.38, t1=0.54",12,3,0.9941610352248332,real
Strata,"a=0.9, t0=0.38, t1=0.54",13,3,0.9935103306424315,real
Strata,"a=0.9, t0=0.38, t1=0.54",14,3,0.9937634007740204,real
Strata,"a=0.9, t0=0.38, t1=0.54",15,3,0.9939694915064716,real
Strata,"a=0.9, t0=0.38, t1=0.54",16,3,0.9942390826062644,real
Strata,"a=0.9, t0=0.38, t1=0.54",17,3,0.9939702406876202,real
Strata,"a=0.9, t0=0.38, t1=0.54",18,3,0.9937738722993644,real
Strata,"a=0.9, t0=0.38, t1=0.54",19,3,0.993709446973273,real
Strata,"a=0.9, t0=0.38, t1=0.54",20,3,0.9934780371783916,real
Strata,"a=0.9, t0=0.38, t1=0.54",21,3,0.993766379779098,real
Strata,"a=0.9, t0=0.38, t1=0.54",22,3,0.9937560563889102,real
Strata,"a=0.9, t0=0.38, t1=0.54",23,3,0.9936826472680622,real
Strata,"a=0.9, t0=0.38, t1=0.54",24,3,0.993463845972189,real
Strata,"a=0.9, t0=0.38, t1=0.54",25,3,0.9932248578945826,real
Strata,"a=0.9, t0=0.38, t1=0.54",26,3,0.9933006350515868,real
Strata,"a=0.9, t0=0.38, t1=0.54",27,3,0.9924929454778252,real
Strata,"a=0.9, t0=0.38, t1=0.54",0,4,0.949786422160022,real
Strata,"a=0.9, t0=0.38, t1=0.54",1,4,0.9838044683232888,real
Strata,"a=0.9, t0=0.38, t1=0.54",2,4,0.994590354141138,real
Strata,"a=0.9, t0=0.38, t1=0.54",3,4,0.9984078082127088,real
Strata,"a=0.9, t0=0.38, t1=0.54",4,4,0.9990863272947766,real
Strata,"a=0.9, t0=0.38, t1=0.54",5,4,0.9987097676133418,real
Strata,"a=0.9, t0=0.38, t1=0.54",6,4,0.998446622821802,real
Strata,"a=0.9, t0=0.38, t1=0.54",7,4,0.9975522735521244,real
Strata,"a=0.9, t0=0.38, t1=0.54",8,4,0.9955374443479672,real
Strata,"a=0.9, t0=0.38, t1=0.54",9,4,0.9941161253326676,real
Strata,"a=0.9, t0=0.38, t1=0.54",10,4,0.99286544918025,real
Strata,"a=0.9, t0=0.38, t1=0.54",11,4,0.9937243244308218,real
Strata,"a=0.9, t0=0.38, t1=0.54",12,4,0.9933084461292222,real
Strata,"a=0.9, t0=0.38, t1=0.54",13,4,0.9935435018018866,real
Strata,"a=0.9, t0=0.38, t1=0.54",14,4,0.9940977612982708,real
Strata,"a=0.9, t0=0.38, t1=0.54",15,4,0.9937391873993812,real
Strata,"a=0.9, t0=0.38, t1=0.54",16,4,0.993424100684552,real
Strata,"a=0.9, t0=0.38, t1=0.54",17,4,0.9933727739186866,real
Strata,"a=0.9, t0=0.38, t1=0.54",18,4,0.9934169915689772,real
Strata,"a=0.9, t0=0.38, t1=0.54",19,4,0.9932274727785348,real
Strata,"a=0.9, t0=0.38, t1=0.54",20,4,0.9930515239393184,real
Strata,"a=0.9, t0=0.38, t1=0.54",21,4,0.9932534181455214,real
Strata,"a=0.9, t0=0.38, t1=0.54",22,4,0.9932308905953108,real
Strata,"a=0.9, t0=0.38, t1=0.54",23,4,0.9931276830145094,real
Strata,"a=0.9, t0=0.38, t1=0.54",24,4,0.9929673467396544,real
Strata,"a=0.9, t0=0.38, t1=0.54",25,4,0.992863187639796,real
Strata,"a=0.9, t0=0.38, t1=0.54",26,4,0.9928117907321686,real
Strata,"a=0.9, t0=0.38, t1=0.54",27,4,0.9922757645514428,real
Strata,"a=0.9, t0=0.38, t1=0.54",0,5,0.9450864674259084,real
Strata,"a=0.9, t0=0.38, t1=0.54",1,5,0.9835655570785108,real
Strata,"a=0.9, t0=0.38, t1=0.54",2,5,0.9942771297534458,real
Strata,"a=0.9, t0=0.38, t1=0.54",3,5,0.9984361097132786,real
Strata,"a=0.9, t0=0.38, t1=0.54",4,5,0.9990323509606754,real
Strata,"a=0.9, t0=0.38, t1=0.54",5,5,0.9989265987490288,real
Strata,"a=0.9, t0=0.38, t1=0.54",6,5,0.9985425808264896,real
Strata,"a=0.9, t0=0.38, t1=0.54",7,5,0.9975261032579266,real
Strata,"a=0.9, t0=0.38, t1=0.54",8,5,0.9958144854523266,real
Strata,"a=0.9, t0=0.38, t1=0.54",9,5,0.9946031988812888,real
Strata,"a=0.9, t0=0.38, t1=0.54",10,5,0.9940740447010372,real
Strata,"a=0.9, t0=0.38, t1=0.54",11,5,0.994146172255778,real
Strata,"a=0.9, t0=0.38, t1=0.54",12,5,0.993771921931658,real
Strata,"a=0.9, t0=0.38, t1=0.54",13,5,0.9935002096631166,real
Strata,"a=0.9, t0=0.38, t1=0.54",14,5,0.993306597023092,real
Strata,"a=0.9, t0=0.38, t1=0.54",15,5,0.9932231055869052,real
Strata,"a=0.9, t0=0.38, t1=0.54",16,5,0.9930239372388412,real
Strata,"a=0.9, t0=0.38, t1=0.54",17,5,0.9927795970669788,real
Strata,"a=0.9, t0=0.38, t1=0.54",18,5,0.9925278747636778,real
Strata,"a=0.9, t0=0.38, t1=0.54",19,5,0.9928307817559008,real
Strata,"a=0.9, t0=0.38, t1=0.54",20,5,0.9928059864964204,real
Strata,"a=0.9, t0=0.38, t1=0.54",21,5,0.992704696068094,real
Strata,"a=0.9, t0=0.38, t1=0.54",22,5,0.9924706698598398,real
Strata,"a=0.9, t0=0.38, t1=0.54",23,5,0.9923828589506876,real
Strata,"a=0.9, t0=0.38, t1=0.54",24,5,0.9924191301759472,real
Strata,"a=0.9, t0=0.38, t1=0.54",25,5,0.9922648043809844,real
Strata,"a=0.9, t0=0.38, t1=0.54",26,5,0.9923666159095886,real
Strata,"a=0.9, t0=0.38, t1=0.54",27,5,0.9915795244416228,real
Strata,"a=0.9, t0=0.38, t1=0.54",0,6,0.9482863641957056,real
Strata,"a=0.9, t0=0.38, t1=0.54",1,6,0.984362562468892,real
Strata,"a=0.9, t0=0.38, t1=0.54",2,6,0.994482147005993,real
Strata,"a=0.9, t0=0.38, t1=0.54",3,6,0.998210412104708,real
Strata,"a=0.9, t0=0.38, t1=0.54",4,6,0.9989289326926676,real
Strata,"a=0.9, t0=0.38, t1=0.54",5,6,0.9987846942620108,real
Strata,"a=0.9, t0=0.38, t1=0.54",6,6,0.9985852670671396,real
Strata,"a=0.9, t0=0.38, t1=0.54",7,6,0.99755124376172,real
Strata,"a=0.9, t0=0.38, t1=0.54",8,6,0.9956891539419684,real
Strata,"a=0.9, t0=0.38, t1=0.54",9,6,0.994433391252702,real
Strata,"a=0.9, t0=0.38, t1=0.54",10,6,0.9934174904689598,real
Strata,"a=0.9, t0=0.38, t1=0.54",11,6,0.9944509046682468,real
Strata,"a=0.9, t0=0.38, t1=0.54",12,6,0.9939578565708734,real
Strata,"a=0.9, t0=0.38, t1=0.54",13,6,0.993175495974533,real
Strata,"a=0.9, t0=0.38, t1=0.54",14,6,0.9934772811591436,real
Strata,"a=0.9, t0=0.38, t1=0.54",15,6,0.993581621254851,real
Strata,"a=0.9, t0=0.38, t1=0.54",16,6,0.9935537114235652,real
Strata,"a=0.9, t0=0.38, t1=0.54",17,6,0.993567018491343,real
Strata,"a=0.9, t0=0.38, t1=0.54",18,6,0.9932859723302526,real
Strata,"a=0.9, t0=0.38, t1=0.54",19,6,0.9931694357631076,real
Strata,"a=0.9, t0=0.38, t1=0.54",20,6,0.9932488943396436,real
Strata,"a=0.9, t0=0.38, t1=0.54",21,6,0.9932100636443448,real
Strata,"a=0.9, t0=0.38, t1=0.54",22,6,0.9933202171522908,real
Strata,"a=0.9, t0=0.38, t1=0.54",23,6,0.993213315080142,real
Strata,"a=0.9, t0=0.38, t1=0.54",24,6,0.993085789492232,real
Strata,"a=0.9, t0=0.38, t1=0.54",25,6,0.992802514964066,real
Strata,"a=0.9, t0=0.38, t1=0.54",26,6,0.9926745424113498,real
Strata,"a=0.9, t0=0.38, t1=0.54",27,6,0.99223739648209,real
Strata,"a=0.9, t0=0.38, t1=0.54",0,7,0.9468943021193242,real
Strata,"a=0.9, t0=0.38, t1=0.54",1,7,0.9840201281682068,real
Strata,"a=0.9, t0=0.38, t1=0.54",2,7,0.9947868313859042,real
Strata,"a=0.9, t0=0.38, t1=0.54",3,7,0.9983749767033804,real
Strata,"a=0.9, t0=0.38, t1=0.54",4,7,0.999078402875142,real
Strata,"a=0.9, t0=0.38, t1=0.54",5,7,0.9989225044159074,real
Strata,"a=0.9, t0=0.38, t1=0.54",6,7,0.9985276033313756,real
Strata,"a=0.9, t0=0.38, t1=0.54",7,7,0.99769803924954,real
Strata,"a=0.9, t0=0.38, t1=0.54",8,7,0.9959560499403484,real
Strata,"a=0.9, t0=0.38, t1=0.54",9,7,0.9945285882736544,real
Strata,"a=0.9, t0=0.38, t1=0.54",10,7,0.9943413148028468,real
Strata,"a=0.9, t0=0.38, t1=0.54",11,7,0.9950357368811404,real
Strata,"a=0.9, t0=0.38, t1=0.54",12,7,0.9945425146187816,real
Strata,"a=0.9, t0=0.38, t1=0.54",13,7,0.9941673207804558,real
Strata,"a=0.9, t0=0.38, t1=0.54",14,7,0.9941888705705404,real
Strata,"a=0.9, t0=0.38, t1=0.54",15,7,0.9942416989630486,real
Strata,"a=0.9, t0=0.38, t1=0.54",16,7,0.9942123287406622,real
Strata,"a=0.9, t0=0.38, t1=0.54",17,7,0.994115174374114,real
Strata,"a=0.9, t0=0.38, t1=0.54",18,7,0.993938084488896,real
Strata,"a=0.9, t0=0.38, t1=0.54",19,7,0.9938826445375424,real
Strata,"a=0.9, t0=0.38, t1=0.54",20,7,0.993773585812362,real
Strata,"a=0.9, t0=0.38, t1=0.54",21,7,0.9938550941030012,real
Strata,"a=0.9, t0=0.38, t1=0.54",22,7,0.9939444019807208,real
Strata,"a=0.9, t0=0.38, t1=0.54",23,7,0.9938908353199478,real
Strata,"a=0.9, t0=0.38, t1=0.54",24,7,0.9937293223739868,real
Strata,"a=0.9, t0=0.38, t1=0.54",25,7,0.9936550355629488,real
Strata,"a=0.9, t0=0.38, t1=0.54",26,7,0.99347269407157,real
Strata,"a=0.9, t0=0.38, t1=0.54",27,7,0.9924953144388836,real
Strata,"a=0.9, t0=0.38, t1=0.54",0,8,0.9460796995260966,real
Strata,"a=0.9, t0=0.38, t1=0.54",1,8,0.983348292900901,real
Strata,"a=0.9, t0=0.38, t1=0.54",2,8,0.9941327205904495,real
Strata,"a=0.9, t0=0.38, t1=0.54",3,8,0.9983099803398332,real
Strata,"a=0.9, t0=0.38, t1=0.54",4,8,0.9989679551577528,real
Strata,"a=0.9, t0=0.38, t1=0.54",5,8,0.998849789057936,real
Strata,"a=0.9, t0=0.38, t1=0.54",6,8,0.9984935527728837,real
Strata,"a=0.9, t0=0.38, t1=0.54",7,8,0.9977458195542,real
Strata,"a=0.9, t0=0.38, t1=0.54",8,8,0.9961200480829592,real
Strata,"a=0.9, t0=0.38, t1=0.54",9,8,0.9948316486904766,real
Strata,"a=0.9, t0=0.38, t1=0.54",10,8,0.9942969651613398,real
Strata,"a=0.9, t0=0.38, t1=0.54",11,8,0.9944718122859292,real
Strata,"a=0.9, t0=0.38, t1=0.54",12,8,0.9943295444963692,real
Strata,"a=0.9, t0=0.38, t1=0.54",13,8,0.9938570056931874,real
Strata,"a=0.9, t0=0.38, t1=0.54",14,8,0.9938990416533664,real
Strata,"a=0.9, t0=0.38, t1=0.54",15,8,0.9940350531652936,real
Strata,"a=0.9, t0=0.38, t1=0.54",16,8,0.9940283824567736,real
Strata,"a=0.9, t0=0.38, t1=0.54",17,8,0.9938602031451172,real
Strata,"a=0.9, t0=0.38, t1=0.54",18,8,0.9938078176331518,real
Strata,"a=0.9, t0=0.38, t1=0.54",19,8,0.9937274042869512,real
Strata,"a=0.9, t0=0.38, t1=0.54",20,8,0.993684223846016,real
Strata,"a=0.9, t0=0.38, t1=0.54",21,8,0.9936582012057688,real
Strata,"a=0.9, t0=0.38, t1=0.54",22,8,0.9936917292074848,real
Strata,"a=0.9, t0=0.38, t1=0.54",23,8,0.993467684612202,real
Strata,"a=0.9, t0=0.38, t1=0.54",24,8,0.9933502540819668,real
Strata,"a=0.9, t0=0.38, t1=0.54",25,8,0.9932427177724644,real
Strata,"a=0.9, t0=0.38, t1=0.54",26,8,0.992915305065146,real
Strata,"a=0.9, t0=0.38, t1=0.54",27,8,0.9923823230553122,real
Strata,"a=0.9, t0=0.38, t1=0.54",0,9,0.953032899460743,real
Strata,"a=0.9, t0=0.38, t1=0.54",1,9,0.98472091675459,real
Strata,"a=0.9, t0=0.38, t1=0.54",2,9,0.9949281527837408,real
Strata,"a=0.9, t0=0.38, t1=0.54",3,9,0.9985039276828208,real
Strata,"a=0.9, t0=0.38, t1=0.54",4,9,0.999094805129922,real
Strata,"a=0.9, t0=0.38, t1=0.54",5,9,0.9989860329434336,real
Strata,"a=0.9, t0=0.38, t1=0.54",6,9,0.998491945003689,real
Strata,"a=0.9, t0=0.38, t1=0.54",7,9,0.9975715429326542,real
Strata,"a=0.9, t0=0.38, t1=0.54",8,9,0.9957756356666008,real
Strata,"a=0.9, t0=0.38, t1=0.54",9,9,0.9949436106362752,real
Strata,"a=0.9, t0=0.38, t1=0.54",10,9,0.9942510271541384,real
Strata,"a=0.9, t0=0.38, t1=0.54",11,9,0.994794045831796,real
Strata,"a=0.9, t0=0.38, t1=0.54",12,9,0.9946105337220046,real
Strata,"a=0.9, t0=0.38, t1=0.54",13,9,0.9942908863556492,real
Strata,"a=0.9, t0=0.38, t1=0.54",14,9,0.9941457731369744,real
Strata,"a=0.9, t0=0.38, t1=0.54",15,9,0.994185670595378,real
Strata,"a=0.9, t0=0.38, t1=0.54",16,9,0.993911087435862,real
Strata,"a=0.9, t0=0.38, t1=0.54",17,9,0.9938375507952272,real
Strata,"a=0.9, t0=0.38, t1=0.54",18,9,0.993833056471993,real
Strata,"a=0.9, t0=0.38, t1=0.54",19,9,0.9937417638080168,real
Strata,"a=0.9, t0=0.38, t1=0.54",20,9,0.993696722693176,real
Strata,"a=0.9, t0=0.38, t1=0.54",21,9,0.993733967673695,real
Strata,"a=0.9, t0=0.38, t1=0.54",22,9,0.9936550578352674,real
Strata,"a=0.9, t0=0.38, t1=0.54",23,9,0.9935453163880033,real
Strata,"a=0.9, t0=0.38, t1=0.54",24,9,0.993498589212636,real
Strata,"a=0.9, t0=0.38, t1=0.54",25,9,0.9934544193899068,real
Strata,"a=0.9, t0=0.38, t1=0.54",26,9,0.9933117439279984,real
Strata,"a=0.9, t0=0.38, t1=0.54",27,9,0.9925205307302742,real
Strata,"a=0.91, t0=0.38, t1=0.54",0,0,0.9355701578385344,real
Strata,"a=0.91, t0=0.38, t1=0.54",1,0,0.9805807755911394,real
Strata,"a=0.91, t0=0.38, t1=0.54",2,0,0.9937776619191266,real
Strata,"a=0.91, t0=0.38, t1=0.54",3,0,0.998090734970724,real
Strata,"a=0.91, t0=0.38, t1=0.54",4,0,0.9988552807914604,real
Strata,"a=0.91, t0=0.38, t1=0.54",5,0,0.9988060090630853,real
Strata,"a=0.91, t0=0.38, t1=0.54",6,0,0.9983600245902982,real
Strata,"a=0.91, t0=0.38, t1=0.54",7,0,0.99731813170931,real
Strata,"a=0.91, t0=0.38, t1=0.54",8,0,0.9954669444157682,real
Strata,"a=0.91, t0=0.38, t1=0.54",9,0,0.9936200869078052,real
Strata,"a=0.91, t0=0.38, t1=0.54",10,0,0.9931638420695348,real
Strata,"a=0.91, t0=0.38, t1=0.54",11,0,0.9942049286027724,real
Strata,"a=0.91, t0=0.38, t1=0.54",12,0,0.994410444308118,real
Strata,"a=0.91, t0=0.38, t1=0.54",13,0,0.9936337508369596,real
Strata,"a=0.91, t0=0.38, t1=0.54",14,0,0.993531337255968,real
Strata,"a=0.91, t0=0.38, t1=0.54",15,0,0.9938303244475932,real
Strata,"a=0.91, t0=0.38, t1=0.54",16,0,0.9938085546106564,real
Strata,"a=0.91, t0=0.38, t1=0.54",17,0,0.9938008302304084,real
Strata,"a=0.91, t0=0.38, t1=0.54",18,0,0.9935146887190116,real
Strata,"a=0.91, t0=0.38, t1=0.54",19,0,0.9929922843845364,real
Strata,"a=0.91, t0=0.38, t1=0.54",20,0,0.9930398835665722,real
Strata,"a=0.91, t0=0.38, t1=0.54",21,0,0.9931852731541762,real
Strata,"a=0.91, t0=0.38, t1=0.54",22,0,0.992905254021336,real
Strata,"a=0.91, t0=0.38, t1=0.54",23,0,0.9929135586270028,real
Strata,"a=0.91, t0=0.38, t1=0.54",24,0,0.9926299229167012,real
Strata,"a=0.91, t0=0.38, t1=0.54",25,0,0.992578232490036,real
Strata,"a=0.91, t0=0.38, t1=0.54",26,0,0.9926165259878288,real
Strata,"a=0.91, t0=0.38, t1=0.54",27,0,0.9916341457103688,real
Strata,"a=0.91, t0=0.38, t1=0.54",0,1,0.9394906285961968,real
Strata,"a=0.91, t0=0.38, t1=0.54",1,1,0.9786671587994288,real
Strata,"a=0.91, t0=0.38, t1=0.54",2,1,0.9934810700990848,real
Strata,"a=0.91, t0=0.38, t1=0.54",3,1,0.9978121914729212,real
Strata,"a=0.91, t0=0.38, t1=0.54",4,1,0.9985937105073676,real
Strata,"a=0.91, t0=0.38, t1=0.54",5,1,0.9987229358115342,real
Strata,"a=0.91, t0=0.38, t1=0.54",6,1,0.9983648573326472,real
Strata,"a=0.91, t0=0.38, t1=0.54",7,1,0.9974228624268788,real
Strata,"a=0.91, t0=0.38, t1=0.54",8,1,0.9954691655855028,real
Strata,"a=0.91, t0=0.38, t1=0.54",9,1,0.9944276666358334,real
Strata,"a=0.91, t0=0.38, t1=0.54",10,1,0.9935925873241316,real
Strata,"a=0.91, t0=0.38, t1=0.54",11,1,0.9943667338567614,real
Strata,"a=0.91, t0=0.38, t1=0.54",12,1,0.9934006041210666,real
Strata,"a=0.91, t0=0.38, t1=0.54",13,1,0.9930581830755644,real
Strata,"a=0.91, t0=0.38, t1=0.54",14,1,0.993039084441354,real
Strata,"a=0.91, t0=0.38, t1=0.54",15,1,0.9932212600875664,real
Strata,"a=0.91, t0=0.38, t1=0.54",16,1,0.9934710855230507,real
Strata,"a=0.91, t0=0.38, t1=0.54",17,1,0.9935003290918484,real
Strata,"a=0.91, t0=0.38, t1=0.54",18,1,0.9932440705710472,real
Strata,"a=0.91, t0=0.38, t1=0.54",19,1,0.993465645133537,real
Strata,"a=0.91, t0=0.38, t1=0.54",20,1,0.993416323424391,real
Strata,"a=0.91, t0=0.38, t1=0.54",21,1,0.9935227751240728,real
Strata,"a=0.91, t0=0.38, t1=0.54",22,1,0.993360428402969,real
Strata,"a=0.91, t0=0.38, t1=0.54",23,1,0.9933033261801478,real
Strata,"a=0.91, t0=0.38, t1=0.54",24,1,0.993255106849278,real
Strata,"a=0.91, t0=0.38, t1=0.54",25,1,0.9929622851900692,real
Strata,"a=0.91, t0=0.38, t1=0.54",26,1,0.9930049322347804,real
Strata,"a=0.91, t0=0.38, t1=0.54",27,1,0.99251233436336,real
Strata,"a=0.91, t0=0.38, t1=0.54",0,2,0.9431510681148642,real
Strata,"a=0.91, t0=0.38, t1=0.54",1,2,0.9811809478738172,real
Strata,"a=0.91, t0=0.38, t1=0.54",2,2,0.9938932640839312,real
Strata,"a=0.91, t0=0.38, t1=0.54",3,2,0.9982254428280156,real
Strata,"a=0.91, t0=0.38, t1=0.54",4,2,0.998853732445614,real
Strata,"a=0.91, t0=0.38, t1=0.54",5,2,0.998790226441774,real
Strata,"a=0.91, t0=0.38, t1=0.54",6,2,0.9983846069603128,real
Strata,"a=0.91, t0=0.38, t1=0.54",7,2,0.9973157795413748,real
Strata,"a=0.91, t0=0.38, t1=0.54",8,2,0.9956713891961854,real
Strata,"a=0.91, t0=0.38, t1=0.54",9,2,0.994083752432052,real
Strata,"a=0.91, t0=0.38, t1=0.54",10,2,0.993139331141205,real
Strata,"a=0.91, t0=0.38, t1=0.54",11,2,0.9941649361550868,real
Strata,"a=0.91, t0=0.38, t1=0.54",12,2,0.9938521972747364,real
Strata,"a=0.91, t0=0.38, t1=0.54",13,2,0.9930509522108328,real
Strata,"a=0.91, t0=0.38, t1=0.54",14,2,0.9932347839589468,real
Strata,"a=0.91, t0=0.38, t1=0.54",15,2,0.9930330475166428,real
Strata,"a=0.91, t0=0.38, t1=0.54",16,2,0.9931972707582678,real
Strata,"a=0.91, t0=0.38, t1=0.54",17,2,0.992858204111658,real
Strata,"a=0.91, t0=0.38, t1=0.54",18,2,0.9925382340279356,real
Strata,"a=0.91, t0=0.38, t1=0.54",19,2,0.9922867923947536,real
Strata,"a=0.91, t0=0.38, t1=0.54",20,2,0.9921989707363223,real
Strata,"a=0.91, t0=0.38, t1=0.54",21,2,0.9920902980416196,real
Strata,"a=0.91, t0=0.38, t1=0.54",22,2,0.9921628640473612,real
Strata,"a=0.91, t0=0.38, t1=0.54",23,2,0.9919978682241812,real
Strata,"a=0.91, t0=0.38, t1=0.54",24,2,0.992079582555428,real
Strata,"a=0.91, t0=0.38, t1=0.54",25,2,0.9919791956145888,real
Strata,"a=0.91, t0=0.38, t1=0.54",26,2,0.992022337528512,real
Strata,"a=0.91, t0=0.38, t1=0.54",27,2,0.99093858092092,real
Strata,"a=0.91, t0=0.38, t1=0.54",0,3,0.9427922406047624,real
Strata,"a=0.91, t0=0.38, t1=0.54",1,3,0.9820708593947058,real
Strata,"a=0.91, t0=0.38, t1=0.54",2,3,0.9939380133459936,real
Strata,"a=0.91, t0=0.38, t1=0.54",3,3,0.9981219523328568,real
Strata,"a=0.91, t0=0.38, t1=0.54",4,3,0.9987934848191442,real
Strata,"a=0.91, t0=0.38, t1=0.54",5,3,0.9986798226270684,real
Strata,"a=0.91, t0=0.38, t1=0.54",6,3,0.9981512081521038,real
Strata,"a=0.91, t0=0.38, t1=0.54",7,3,0.9972349354474968,real
Strata,"a=0.91, t0=0.38, t1=0.54",8,3,0.9954089869451648,real
Strata,"a=0.91, t0=0.38, t1=0.54",9,3,0.9939052577460916,real
Strata,"a=0.91, t0=0.38, t1=0.54",10,3,0.9932722460865852,real
Strata,"a=0.91, t0=0.38, t1=0.54",11,3,0.993926710673006,real
Strata,"a=0.91, t0=0.38, t1=0.54",12,3,0.9938570394249892,real
Strata,"a=0.91, t0=0.38, t1=0.54",13,3,0.9934095105363486,real
Strata,"a=0.91, t0=0.38, t1=0.54",14,3,0.993174442759762,real
Strata,"a=0.91, t0=0.38, t1=0.54",15,3,0.9932280262904288,real
Strata,"a=0.91, t0=0.38, t1=0.54",16,3,0.9930951453843364,real
Strata,"a=0.91, t0=0.38, t1=0.54",17,3,0.9929081765994184,real
Strata,"a=0.91, t0=0.38, t1=0.54",18,3,0.9925977539336678,real
Strata,"a=0.91, t0=0.38, t1=0.54",19,3,0.9925602027409453,real
Strata,"a=0.91, t0=0.38, t1=0.54",20,3,0.992627492015239,real
Strata,"a=0.91, t0=0.38, t1=0.54",21,3,0.9925697833781276,real
Strata,"a=0.91, t0=0.38, t1=0.54",22,3,0.9922163572853095,real
Strata,"a=0.91, t0=0.38, t1=0.54",23,3,0.9921847817941712,real
Strata,"a=0.91, t0=0.38, t1=0.54",24,3,0.9920307505700596,real
Strata,"a=0.91, t0=0.38, t1=0.54",25,3,0.9918180527769744,real
Strata,"a=0.91, t0=0.38, t1=0.54",26,3,0.992039844000328,real
Strata,"a=0.91, t0=0.38, t1=0.54",27,3,0.9909233714477962,real
Strata,"a=0.91, t0=0.38, t1=0.54",0,4,0.9490809599141788,real
Strata,"a=0.91, t0=0.38, t1=0.54",1,4,0.9820265678991734,real
Strata,"a=0.91, t0=0.38, t1=0.54",2,4,0.9936521066225944,real
Strata,"a=0.91, t0=0.38, t1=0.54",3,4,0.9981525187901112,real
Strata,"a=0.91, t0=0.38, t1=0.54",4,4,0.998826115495255,real
Strata,"a=0.91, t0=0.38, t1=0.54",5,4,0.9984851334706818,real
Strata,"a=0.91, t0=0.38, t1=0.54",6,4,0.9981190321061268,real
Strata,"a=0.91, t0=0.38, t1=0.54",7,4,0.9971593826805604,real
Strata,"a=0.91, t0=0.38, t1=0.54",8,4,0.9950607177045384,real
Strata,"a=0.91, t0=0.38, t1=0.54",9,4,0.9936885330496036,real
Strata,"a=0.91, t0=0.38, t1=0.54",10,4,0.9925159413362046,real
Strata,"a=0.91, t0=0.38, t1=0.54",11,4,0.9933271229623668,real
Strata,"a=0.91, t0=0.38, t1=0.54",12,4,0.9935322988684384,real
Strata,"a=0.91, t0=0.38, t1=0.54",13,4,0.99311249624946,real
Strata,"a=0.91, t0=0.38, t1=0.54",14,4,0.993392703854857,real
Strata,"a=0.91, t0=0.38, t1=0.54",15,4,0.9933648334450936,real
Strata,"a=0.91, t0=0.38, t1=0.54",16,4,0.9930075968655058,real
Strata,"a=0.91, t0=0.38, t1=0.54",17,4,0.992591554975329,real
Strata,"a=0.91, t0=0.38, t1=0.54",18,4,0.9926391146748544,real
Strata,"a=0.91, t0=0.38, t1=0.54",19,4,0.99235169519599,real
Strata,"a=0.91, t0=0.38, t1=0.54",20,4,0.9921443691823786,real
Strata,"a=0.91, t0=0.38, t1=0.54",21,4,0.9922045421494646,real
Strata,"a=0.91, t0=0.38, t1=0.54",22,4,0.9920793316949532,real
Strata,"a=0.91, t0=0.38, t1=0.54",23,4,0.9923466144892606,real
Strata,"a=0.91, t0=0.38, t1=0.54",24,4,0.9922107416697468,real
Strata,"a=0.91, t0=0.38, t1=0.54",25,4,0.9921284974438226,real
Strata,"a=0.91, t0=0.38, t1=0.54",26,4,0.9922812785209284,real
Strata,"a=0.91, t0=0.38, t1=0.54",27,4,0.9917553094436862,real
Strata,"a=0.91, t0=0.38, t1=0.54",0,5,0.9399521355691284,real
Strata,"a=0.91, t0=0.38, t1=0.54",1,5,0.9803217605415784,real
Strata,"a=0.91, t0=0.38, t1=0.54",2,5,0.9930647131937512,real
Strata,"a=0.91, t0=0.38, t1=0.54",3,5,0.9979503359886712,real
Strata,"a=0.91, t0=0.38, t1=0.54",4,5,0.9987594154517636,real
Strata,"a=0.91, t0=0.38, t1=0.54",5,5,0.9987195379219644,real
Strata,"a=0.91, t0=0.38, t1=0.54",6,5,0.9982292274496812,real
Strata,"a=0.91, t0=0.38, t1=0.54",7,5,0.9970867730907236,real
Strata,"a=0.91, t0=0.38, t1=0.54",8,5,0.9954761553382604,real
Strata,"a=0.91, t0=0.38, t1=0.54",9,5,0.9941336619256024,real
Strata,"a=0.91, t0=0.38, t1=0.54",10,5,0.9934638758778908,real
Strata,"a=0.91, t0=0.38, t1=0.54",11,5,0.9938496225709896,real
Strata,"a=0.91, t0=0.38, t1=0.54",12,5,0.9935186296316494,real
Strata,"a=0.91, t0=0.38, t1=0.54",13,5,0.9931722270674268,real
Strata,"a=0.91, t0=0.38, t1=0.54",14,5,0.9930231411262704,real
Strata,"a=0.91, t0=0.38, t1=0.54",15,5,0.9931236483339644,real
Strata,"a=0.91, t0=0.38, t1=0.54",16,5,0.9933617755340318,real
Strata,"a=0.91, t0=0.38, t1=0.54",17,5,0.9936193377693,real
Strata,"a=0.91, t0=0.38, t1=0.54",18,5,0.9934685285983458,real
Strata,"a=0.91, t0=0.38, t1=0.54",19,5,0.9932877529379855,real
Strata,"a=0.91, t0=0.38, t1=0.54",20,5,0.9932920971117613,real
Strata,"a=0.91, t0=0.38, t1=0.54",21,5,0.9932287415125006,real
Strata,"a=0.91, t0=0.38, t1=0.54",22,5,0.993233753863522,real
Strata,"a=0.91, t0=0.38, t1=0.54",23,5,0.99307162586538,real
Strata,"a=0.91, t0=0.38, t1=0.54",24,5,0.9929014865514731,real
Strata,"a=0.91, t0=0.38, t1=0.54",25,5,0.9925799700137854,real
Strata,"a=0.91, t0=0.38, t1=0.54",26,5,0.9928623385847244,real
Strata,"a=0.91, t0=0.38, t1=0.54",27,5,0.992243878902493,real
Strata,"a=0.91, t0=0.38, t1=0.54",0,6,0.9423054407749124,real
Strata,"a=0.91, t0=0.38, t1=0.54",1,6,0.9807977659006826,real
Strata,"a=0.91, t0=0.38, t1=0.54",2,6,0.9930871124191908,real
Strata,"a=0.91, t0=0.38, t1=0.54",3,6,0.997769855214252,real
Strata,"a=0.91, t0=0.38, t1=0.54",4,6,0.9986660136528364,real
Strata,"a=0.91, t0=0.38, t1=0.54",5,6,0.9983906521549692,real
Strata,"a=0.91, t0=0.38, t1=0.54",6,6,0.998147005412824,real
Strata,"a=0.91, t0=0.38, t1=0.54",7,6,0.997148019991338,real
Strata,"a=0.91, t0=0.38, t1=0.54",8,6,0.994864027829794,real
Strata,"a=0.91, t0=0.38, t1=0.54",9,6,0.9937360990751652,real
Strata,"a=0.91, t0=0.38, t1=0.54",10,6,0.9929543214136192,real
Strata,"a=0.91, t0=0.38, t1=0.54",11,6,0.9938631588168948,real
Strata,"a=0.91, t0=0.38, t1=0.54",12,6,0.9932875658810428,real
Strata,"a=0.91, t0=0.38, t1=0.54",13,6,0.992365864285957,real
Strata,"a=0.91, t0=0.38, t1=0.54",14,6,0.9929007240944342,real
Strata,"a=0.91, t0=0.38, t1=0.54",15,6,0.9929501952269588,real
Strata,"a=0.91, t0=0.38, t1=0.54",16,6,0.9928649894050626,real
Strata,"a=0.91, t0=0.38, t1=0.54",17,6,0.9929647156859904,real
Strata,"a=0.91, t0=0.38, t1=0.54",18,6,0.9927687090221036,real
Strata,"a=0.91, t0=0.38, t1=0.54",19,6,0.9928091720546608,real
Strata,"a=0.91, t0=0.38, t1=0.54",20,6,0.9926734982415628,real
Strata,"a=0.91, t0=0.38, t1=0.54",21,6,0.9928444547898616,real
Strata,"a=0.91, t0=0.38, t1=0.54",22,6,0.9927385749272606,real
Strata,"a=0.91, t0=0.38, t1=0.54",23,6,0.9927690761085758,real
Strata,"a=0.91, t0=0.38, t1=0.54",24,6,0.992559813244939,real
Strata,"a=0.91, t0=0.38, t1=0.54",25,6,0.9923182205031564,real
Strata,"a=0.91, t0=0.38, t1=0.54",26,6,0.992208509470179,real
Strata,"a=0.91, t0=0.38, t1=0.54",27,6,0.9914542195131087,real
Strata,"a=0.91, t0=0.38, t1=0.54",0,7,0.9386471114470568,real
Strata,"a=0.91, t0=0.38, t1=0.54",1,7,0.9804459656969208,real
Strata,"a=0.91, t0=0.38, t1=0.54",2,7,0.993176953706172,real
Strata,"a=0.91, t0=0.38, t1=0.54",3,7,0.998007415767352,real
Strata,"a=0.91, t0=0.38, t1=0.54",4,7,0.9988493271575164,real
Strata,"a=0.91, t0=0.38, t1=0.54",5,7,0.9986872907170408,real
Strata,"a=0.91, t0=0.38, t1=0.54",6,7,0.9982786505811968,real
Strata,"a=0.91, t0=0.38, t1=0.54",7,7,0.9971271682326202,real
Strata,"a=0.91, t0=0.38, t1=0.54",8,7,0.9953944717915368,real
Strata,"a=0.91, t0=0.38, t1=0.54",9,7,0.9939111138457672,real
Strata,"a=0.91, t0=0.38, t1=0.54",10,7,0.9933353335152096,real
Strata,"a=0.91, t0=0.38, t1=0.54",11,7,0.9940980087101808,real
Strata,"a=0.91, t0=0.38, t1=0.54",12,7,0.9940059954592956,real
Strata,"a=0.91, t0=0.38, t1=0.54",13,7,0.9936345584249552,real
Strata,"a=0.91, t0=0.38, t1=0.54",14,7,0.9941760358726008,real
Strata,"a=0.91, t0=0.38, t1=0.54",15,7,0.99384772050942,real
Strata,"a=0.91, t0=0.38, t1=0.54",16,7,0.9938599213374708,real
Strata,"a=0.91, t0=0.38, t1=0.54",17,7,0.9933752682642468,real
Strata,"a=0.91, t0=0.38, t1=0.54",18,7,0.992967407935461,real
Strata,"a=0.91, t0=0.38, t1=0.54",19,7,0.992869292279554,real
Strata,"a=0.91, t0=0.38, t1=0.54",20,7,0.9927663112912686,real
Strata,"a=0.91, t0=0.38, t1=0.54",21,7,0.9928235776669672,real
Strata,"a=0.91, t0=0.38, t1=0.54",22,7,0.9929276026012124,real
Strata,"a=0.91, t0=0.38, t1=0.54",23,7,0.9929691274929828,real
Strata,"a=0.91, t0=0.38, t1=0.54",24,7,0.9928624246681164,real
Strata,"a=0.91, t0=0.38, t1=0.54",25,7,0.99247207051004,real
Strata,"a=0.91, t0=0.38, t1=0.54",26,7,0.9922626222981696,real
Strata,"a=0.91, t0=0.38, t1=0.54",27,7,0.9914815078186814,real
Strata,"a=0.91, t0=0.38, t1=0.54",0,8,0.9351378649653082,real
Strata,"a=0.91, t0=0.38, t1=0.54",1,8,0.979341230033726,real
Strata,"a=0.91, t0=0.38, t1=0.54",2,8,0.9927251331629442,real
Strata,"a=0.91, t0=0.38, t1=0.54",3,8,0.9976583846123094,real
Strata,"a=0.91, t0=0.38, t1=0.54",4,8,0.998523957090562,real
Strata,"a=0.91, t0=0.38, t1=0.54",5,8,0.9985964627133628,real
Strata,"a=0.91, t0=0.38, t1=0.54",6,8,0.9981698882324712,real
Strata,"a=0.91, t0=0.38, t1=0.54",7,8,0.9973048481906388,real
Strata,"a=0.91, t0=0.38, t1=0.54",8,8,0.995334271391582,real
Strata,"a=0.91, t0=0.38, t1=0.54",9,8,0.9943276687743068,real
Strata,"a=0.91, t0=0.38, t1=0.54",10,8,0.9930798266851762,real
Strata,"a=0.91, t0=0.38, t1=0.54",11,8,0.993898934088764,real
Strata,"a=0.91, t0=0.38, t1=0.54",12,8,0.9934336278786812,real
Strata,"a=0.91, t0=0.38, t1=0.54",13,8,0.9929853528275684,real
Strata,"a=0.91, t0=0.38, t1=0.54",14,8,0.9926005910262752,real
Strata,"a=0.91, t0=0.38, t1=0.54",15,8,0.993045082358552,real
Strata,"a=0.91, t0=0.38, t1=0.54",16,8,0.9930060683308556,real
Strata,"a=0.91, t0=0.38, t1=0.54",17,8,0.9929019517416864,real
Strata,"a=0.91, t0=0.38, t1=0.54",18,8,0.9928768889435248,real
Strata,"a=0.91, t0=0.38, t1=0.54",19,8,0.9926233001457652,real
Strata,"a=0.91, t0=0.38, t1=0.54",20,8,0.9925248621977631,real
Strata,"a=0.91, t0=0.38, t1=0.54",21,8,0.9923586576344068,real
Strata,"a=0.91, t0=0.38, t1=0.54",22,8,0.992275197332202,real
Strata,"a=0.91, t0=0.38, t1=0.54",23,8,0.9921106174741636,real
Strata,"a=0.91, t0=0.38, t1=0.54",24,8,0.9919177390202756,real
Strata,"a=0.91, t0=0.38, t1=0.54",25,8,0.9920116826535672,real
Strata,"a=0.91, t0=0.38, t1=0.54",26,8,0.992047695706925,real
Strata,"a=0.91, t0=0.38, t1=0.54",27,8,0.9912873588021496,real
Strata,"a=0.91, t0=0.38, t1=0.54",0,9,0.9494367187240792,real
Strata,"a=0.91, t0=0.38, t1=0.54",1,9,0.9817130944440016,real
Strata,"a=0.91, t0=0.38, t1=0.54",2,9,0.9941542240669092,real
Strata,"a=0.91, t0=0.38, t1=0.54",3,9,0.998237475364156,real
Strata,"a=0.91, t0=0.38, t1=0.54",4,9,0.9988734953024662,real
Strata,"a=0.91, t0=0.38, t1=0.54",5,9,0.998778393959309,real
Strata,"a=0.91, t0=0.38, t1=0.54",6,9,0.99833177982024,real
Strata,"a=0.91, t0=0.38, t1=0.54",7,9,0.9971121173554448,real
Strata,"a=0.91, t0=0.38, t1=0.54",8,9,0.9955177577344964,real
Strata,"a=0.91, t0=0.38, t1=0.54",9,9,0.994310757931835,real
Strata,"a=0.91, t0=0.38, t1=0.54",10,9,0.9935340903669936,real
Strata,"a=0.91, t0=0.38, t1=0.54",11,9,0.994064084186032,real
Strata,"a=0.91, t0=0.38, t1=0.54",12,9,0.9940136508336994,real
Strata,"a=0.91, t0=0.38, t1=0.54",13,9,0.9935893945071894,real
Strata,"a=0.91, t0=0.38, t1=0.54",14,9,0.9936461687819272,real
Strata,"a=0.91, t0=0.38, t1=0.54",15,9,0.9935616985909737,real
Strata,"a=0.91, t0=0.38, t1=0.54",16,9,0.993498221663358,real
Strata,"a=0.91, t0=0.38, t1=0.54",17,9,0.9934406936222696,real
Strata,"a=0.91, t0=0.38, t1=0.54",18,9,0.993283385357526,real
Strata,"a=0.91, t0=0.38, t1=0.54",19,9,0.9931803418220656,real
Strata,"a=0.91, t0=0.38, t1=0.54",20,9,0.9932768258493272,real
Strata,"a=0.91, t0=0.38, t1=0.54",21,9,0.9934290105662336,real
Strata,"a=0.91, t0=0.38, t1=0.54",22,9,0.9932013125175488,real
Strata,"a=0.91, t0=0.38, t1=0.54",23,9,0.9930512730364408,real
Strata,"a=0.91, t0=0.38, t1=0.54",24,9,0.9929819220186168,real
Strata,"a=0.91, t0=0.38, t1=0.54",25,9,0.992857408070888,real
Strata,"a=0.91, t0=0.38, t1=0.54",26,9,0.9928826550524592,real
Strata,"a=0.91, t0=0.38, t1=0.54",27,9,0.9921695379219606,real
Strata,"a=0.92, t0=0.38, t1=0.54",0,0,0.9309066242373756,real
Strata,"a=0.92, t0=0.38, t1=0.54",1,0,0.9776866131521064,real
Strata,"a=0.92, t0=0.38, t1=0.54",2,0,0.9919979482190296,real
Strata,"a=0.92, t0=0.38, t1=0.54",3,0,0.9974814209370332,real
Strata,"a=0.92, t0=0.38, t1=0.54",4,0,0.9984330358318378,real
Strata,"a=0.92, t0=0.38, t1=0.54",5,0,0.9984147380263312,real
Strata,"a=0.92, t0=0.38, t1=0.54",6,0,0.9978791668553296,real
Strata,"a=0.92, t0=0.38, t1=0.54",7,0,0.9966656834890756,real
Strata,"a=0.92, t0=0.38, t1=0.54",8,0,0.9946623361614118,real
Strata,"a=0.92, t0=0.38, t1=0.54",9,0,0.993498787627311,real
Strata,"a=0.92, t0=0.38, t1=0.54",10,0,0.9927429286475776,real
Strata,"a=0.92, t0=0.38, t1=0.54",11,0,0.9934504852117836,real
Strata,"a=0.92, t0=0.38, t1=0.54",12,0,0.9930934056444072,real
Strata,"a=0.92, t0=0.38, t1=0.54",13,0,0.99284162423981,real
Strata,"a=0.92, t0=0.38, t1=0.54",14,0,0.9931131341125236,real
Strata,"a=0.92, t0=0.38, t1=0.54",15,0,0.9926042822734612,real
Strata,"a=0.92, t0=0.38, t1=0.54",16,0,0.992429401955782,real
Strata,"a=0.92, t0=0.38, t1=0.54",17,0,0.9923675894700736,real
Strata,"a=0.92, t0=0.38, t1=0.54",18,0,0.9923668883233596,real
Strata,"a=0.92, t0=0.38, t1=0.54",19,0,0.9918915526919084,real
Strata,"a=0.92, t0=0.38, t1=0.54",20,0,0.9918961893890744,real
Strata,"a=0.92, t0=0.38, t1=0.54",21,0,0.9919632902707026,real
Strata,"a=0.92, t0=0.38, t1=0.54",22,0,0.9920253043519398,real
Strata,"a=0.92, t0=0.38, t1=0.54",23,0,0.9922663086370646,real
Strata,"a=0.92, t0=0.38, t1=0.54",24,0,0.9919908467312454,real
Strata,"a=0.92, t0=0.38, t1=0.54",25,0,0.9917474993735578,real
Strata,"a=0.92, t0=0.38, t1=0.54",26,0,0.9919286221792044,real
Strata,"a=0.92, t0=0.38, t1=0.54",27,0,0.990852298578528,real
Strata,"a=0.92, t0=0.38, t1=0.54",0,1,0.9309223089559102,real
Strata,"a=0.92, t0=0.38, t1=0.54",1,1,0.9747710586212078,real
Strata,"a=0.92, t0=0.38, t1=0.54",2,1,0.9917017012436282,real
Strata,"a=0.92, t0=0.38, t1=0.54",3,1,0.9972529142035848,real
Strata,"a=0.92, t0=0.38, t1=0.54",4,1,0.9982439564402406,real
Strata,"a=0.92, t0=0.38, t1=0.54",5,1,0.998362771765698,real
Strata,"a=0.92, t0=0.38, t1=0.54",6,1,0.9977791134696612,real
Strata,"a=0.92, t0=0.38, t1=0.54",7,1,0.9966438337296648,real
Strata,"a=0.92, t0=0.38, t1=0.54",8,1,0.9952388721853802,real
Strata,"a=0.92, t0=0.38, t1=0.54",9,1,0.9937071231559752,real
Strata,"a=0.92, t0=0.38, t1=0.54",10,1,0.9927934790429752,real
Strata,"a=0.92, t0=0.38, t1=0.54",11,1,0.9934425738916216,real
Strata,"a=0.92, t0=0.38, t1=0.54",12,1,0.9929453009458532,real
Strata,"a=0.92, t0=0.38, t1=0.54",13,1,0.9922706191293962,real
Strata,"a=0.92, t0=0.38, t1=0.54",14,1,0.992827365962642,real
Strata,"a=0.92, t0=0.38, t1=0.54",15,1,0.992579909346636,real
Strata,"a=0.92, t0=0.38, t1=0.54",16,1,0.992627667222812,real
Strata,"a=0.92, t0=0.38, t1=0.54",17,1,0.992579961351347,real
Strata,"a=0.92, t0=0.38, t1=0.54",18,1,0.9920742109876468,real
Strata,"a=0.92, t0=0.38, t1=0.54",19,1,0.9921601624236092,real
Strata,"a=0.92, t0=0.38, t1=0.54",20,1,0.9919753246799712,real
Strata,"a=0.92, t0=0.38, t1=0.54",21,1,0.9919867156618304,real
Strata,"a=0.92, t0=0.38, t1=0.54",22,1,0.9920066861208664,real
Strata,"a=0.92, t0=0.38, t1=0.54",23,1,0.992014589536802,real
Strata,"a=0.92, t0=0.38, t1=0.54",24,1,0.9918807593137108,real
Strata,"a=0.92, t0=0.38, t1=0.54",25,1,0.9917474166347844,real
Strata,"a=0.92, t0=0.38, t1=0.54",26,1,0.991737731407442,real
Strata,"a=0.92, t0=0.38, t1=0.54",27,1,0.990668427443901,real
Strata,"a=0.92, t0=0.38, t1=0.54",0,2,0.9388446271831398,real
Strata,"a=0.92, t0=0.38, t1=0.54",1,2,0.9790061613353056,real
Strata,"a=0.92, t0=0.38, t1=0.54",2,2,0.992204781151392,real
Strata,"a=0.92, t0=0.38, t1=0.54",3,2,0.99734240327622,real
Strata,"a=0.92, t0=0.38, t1=0.54",4,2,0.9981708652592788,real
Strata,"a=0.92, t0=0.38, t1=0.54",5,2,0.9982278161351203,real
Strata,"a=0.92, t0=0.38, t1=0.54",6,2,0.997807740864574,real
Strata,"a=0.92, t0=0.38, t1=0.54",7,2,0.9966982821183892,real
Strata,"a=0.92, t0=0.38, t1=0.54",8,2,0.9950529355409244,real
Strata,"a=0.92, t0=0.38, t1=0.54",9,2,0.993672866103091,real
Strata,"a=0.92, t0=0.38, t1=0.54",10,2,0.9926388925800428,real
Strata,"a=0.92, t0=0.38, t1=0.54",11,2,0.9934126454261728,real
Strata,"a=0.92, t0=0.38, t1=0.54",12,2,0.9932220716840844,real
Strata,"a=0.92, t0=0.38, t1=0.54",13,2,0.9929451552770724,real
Strata,"a=0.92, t0=0.38, t1=0.54",14,2,0.9929297759865808,real
Strata,"a=0.92, t0=0.38, t1=0.54",15,2,0.99296760026897,real
Strata,"a=0.92, t0=0.38, t1=0.54",16,2,0.9929900901532784,real
Strata,"a=0.92, t0=0.38, t1=0.54",17,2,0.9926958386026508,real
Strata,"a=0.92, t0=0.38, t1=0.54",18,2,0.9926331348250802,real
Strata,"a=0.92, t0=0.38, t1=0.54",19,2,0.9924036399698184,real
Strata,"a=0.92, t0=0.38, t1=0.54",20,2,0.9922251186266172,real
Strata,"a=0.92, t0=0.38, t1=0.54",21,2,0.9920872443277736,real
Strata,"a=0.92, t0=0.38, t1=0.54",22,2,0.9921406602296224,real
Strata,"a=0.92, t0=0.38, t1=0.54",23,2,0.9920771568818232,real
Strata,"a=0.92, t0=0.38, t1=0.54",24,2,0.9920242930352916,real
Strata,"a=0.92, t0=0.38, t1=0.54",25,2,0.991874495554904,real
Strata,"a=0.92, t0=0.38, t1=0.54",26,2,0.9919721201678876,real
Strata,"a=0.92, t0=0.38, t1=0.54",27,2,0.9911370509623302,real
Strata,"a=0.92, t0=0.38, t1=0.54",0,3,0.9362171698667342,real
Strata,"a=0.92, t0=0.38, t1=0.54",1,3,0.9777214640721218,real
Strata,"a=0.92, t0=0.38, t1=0.54",2,3,0.9922259643994858,real
Strata,"a=0.92, t0=0.38, t1=0.54",3,3,0.9973249051978554,real
Strata,"a=0.92, t0=0.38, t1=0.54",4,3,0.9984107405053586,real
Strata,"a=0.92, t0=0.38, t1=0.54",5,3,0.998337997736951,real
Strata,"a=0.92, t0=0.38, t1=0.54",6,3,0.9979206517804664,real
Strata,"a=0.92, t0=0.38, t1=0.54",7,3,0.9968916972864102,real
Strata,"a=0.92, t0=0.38, t1=0.54",8,3,0.99449067608205,real
Strata,"a=0.92, t0=0.38, t1=0.54",9,3,0.9928578014741536,real
Strata,"a=0.92, t0=0.38, t1=0.54",10,3,0.9920826325740127,real
Strata,"a=0.92, t0=0.38, t1=0.54",11,3,0.993179060342822,real
Strata,"a=0.92, t0=0.38, t1=0.54",12,3,0.9930347401703632,real
Strata,"a=0.92, t0=0.38, t1=0.54",13,3,0.9922959716963384,real
Strata,"a=0.92, t0=0.38, t1=0.54",14,3,0.9921234596636812,real
Strata,"a=0.92, t0=0.38, t1=0.54",15,3,0.9920481406164232,real
Strata,"a=0.92, t0=0.38, t1=0.54",16,3,0.9919248818232034,real
Strata,"a=0.92, t0=0.38, t1=0.54",17,3,0.991761981587912,real
Strata,"a=0.92, t0=0.38, t1=0.54",18,3,0.9916401985540908,real
Strata,"a=0.92, t0=0.38, t1=0.54",19,3,0.9916924186784166,real
Strata,"a=0.92, t0=0.38, t1=0.54",20,3,0.9915070200270372,real
Strata,"a=0.92, t0=0.38, t1=0.54",21,3,0.991708832737034,real
Strata,"a=0.92, t0=0.38, t1=0.54",22,3,0.9917462909648682,real
Strata,"a=0.92, t0=0.38, t1=0.54",23,3,0.9917297017328112,real
Strata,"a=0.92, t0=0.38, t1=0.54",24,3,0.9914358240093696,real
Strata,"a=0.92, t0=0.38, t1=0.54",25,3,0.9914119162153968,real
Strata,"a=0.92, t0=0.38, t1=0.54",26,3,0.9914806081748432,real
Strata,"a=0.92, t0=0.38, t1=0.54",27,3,0.9906201857421634,real
Strata,"a=0.92, t0=0.38, t1=0.54",0,4,0.9431504850636734,real
Strata,"a=0.92, t0=0.38, t1=0.54",1,4,0.9783980687203188,real
Strata,"a=0.92, t0=0.38, t1=0.54",2,4,0.9916819332883364,real
Strata,"a=0.92, t0=0.38, t1=0.54",3,4,0.9974049698842667,real
Strata,"a=0.92, t0=0.38, t1=0.54",4,4,0.9984019794838864,real
Strata,"a=0.92, t0=0.38, t1=0.54",5,4,0.9979101580867004,real
Strata,"a=0.92, t0=0.38, t1=0.54",6,4,0.9973934402449242,real
Strata,"a=0.92, t0=0.38, t1=0.54",7,4,0.9964179980701936,real
Strata,"a=0.92, t0=0.38, t1=0.54",8,4,0.9941041838687736,real
Strata,"a=0.92, t0=0.38, t1=0.54",9,4,0.9921750278106244,real
Strata,"a=0.92, t0=0.38, t1=0.54",10,4,0.9911786140527884,real
Strata,"a=0.92, t0=0.38, t1=0.54",11,4,0.9920854737678658,real
Strata,"a=0.92, t0=0.38, t1=0.54",12,4,0.9925562188714008,real
Strata,"a=0.92, t0=0.38, t1=0.54",13,4,0.9922944592622605,real
Strata,"a=0.92, t0=0.38, t1=0.54",14,4,0.9926542868898024,real
Strata,"a=0.92, t0=0.38, t1=0.54",15,4,0.9921701506261222,real
Strata,"a=0.92, t0=0.38, t1=0.54",16,4,0.9917880871325964,real
Strata,"a=0.92, t0=0.38, t1=0.54",17,4,0.991466835180134,real
Strata,"a=0.92, t0=0.38, t1=0.54",18,4,0.9915653102510844,real
Strata,"a=0.92, t0=0.38, t1=0.54",19,4,0.9918117669182158,real
Strata,"a=0.92, t0=0.38, t1=0.54",20,4,0.9911101107077694,real
Strata,"a=0.92, t0=0.38, t1=0.54",21,4,0.9911339716814136,real
Strata,"a=0.92, t0=0.38, t1=0.54",22,4,0.9910037949111998,real
Strata,"a=0.92, t0=0.38, t1=0.54",23,4,0.9911887612026818,real
Strata,"a=0.92, t0=0.38, t1=0.54",24,4,0.9909020832760812,real
Strata,"a=0.92, t0=0.38, t1=0.54",25,4,0.9907649704793576,real
Strata,"a=0.92, t0=0.38, t1=0.54",26,4,0.9906143945436848,real
Strata,"a=0.92, t0=0.38, t1=0.54",27,4,0.9900070442180984,real
Strata,"a=0.92, t0=0.38, t1=0.54",0,5,0.932285766166284,real
Strata,"a=0.92, t0=0.38, t1=0.54",1,5,0.9772388616841022,real
Strata,"a=0.92, t0=0.38, t1=0.54",2,5,0.9917568917438064,real
Strata,"a=0.92, t0=0.38, t1=0.54",3,5,0.9972862670357072,real
Strata,"a=0.92, t0=0.38, t1=0.54",4,5,0.9983298789878746,real
Strata,"a=0.92, t0=0.38, t1=0.54",5,5,0.9982501828621712,real
Strata,"a=0.92, t0=0.38, t1=0.54",6,5,0.9977267315786734,real
Strata,"a=0.92, t0=0.38, t1=0.54",7,5,0.99646385240942,real
Strata,"a=0.92, t0=0.38, t1=0.54",8,5,0.994363340631564,real
Strata,"a=0.92, t0=0.38, t1=0.54",9,5,0.9931636562532156,real
Strata,"a=0.92, t0=0.38, t1=0.54",10,5,0.992461995189459,real
Strata,"a=0.92, t0=0.38, t1=0.54",11,5,0.99372113860282,real
Strata,"a=0.92, t0=0.38, t1=0.54",12,5,0.9935177034214144,real
Strata,"a=0.92, t0=0.38, t1=0.54",13,5,0.9923976624630516,real
Strata,"a=0.92, t0=0.38, t1=0.54",14,5,0.9922800093302584,real
Strata,"a=0.92, t0=0.38, t1=0.54",15,5,0.9917467608157924,real
Strata,"a=0.92, t0=0.38, t1=0.54",16,5,0.9914994135161704,real
Strata,"a=0.92, t0=0.38, t1=0.54",17,5,0.9917421189025556,real
Strata,"a=0.92, t0=0.38, t1=0.54",18,5,0.9916364496530192,real
Strata,"a=0.92, t0=0.38, t1=0.54",19,5,0.9917111609608142,real
Strata,"a=0.92, t0=0.38, t1=0.54",20,5,0.9916510104013808,real
Strata,"a=0.92, t0=0.38, t1=0.54",21,5,0.9917004166144436,real
Strata,"a=0.92, t0=0.38, t1=0.54",22,5,0.9915074844761214,real
Strata,"a=0.92, t0=0.38, t1=0.54",23,5,0.9916754080687512,real
Strata,"a=0.92, t0=0.38, t1=0.54",24,5,0.9915565846150144,real
Strata,"a=0.92, t0=0.38, t1=0.54",25,5,0.9911819904719036,real
Strata,"a=0.92, t0=0.38, t1=0.54",26,5,0.9912450334957412,real
Strata,"a=0.92, t0=0.38, t1=0.54",27,5,0.9907027176927512,real
Strata,"a=0.92, t0=0.38, t1=0.54",0,6,0.9379802730490904,real
Strata,"a=0.92, t0=0.38, t1=0.54",1,6,0.978454900182818,real
Strata,"a=0.92, t0=0.38, t1=0.54",2,6,0.992135241099059,real
Strata,"a=0.92, t0=0.38, t1=0.54",3,6,0.9975313142146718,real
Strata,"a=0.92, t0=0.38, t1=0.54",4,6,0.9983582049873272,real
Strata,"a=0.92, t0=0.38, t1=0.54",5,6,0.9982930766448632,real
Strata,"a=0.92, t0=0.38, t1=0.54",6,6,0.9977566201962116,real
Strata,"a=0.92, t0=0.38, t1=0.54",7,6,0.9967603062638258,real
Strata,"a=0.92, t0=0.38, t1=0.54",8,6,0.9945548552707472,real
Strata,"a=0.92, t0=0.38, t1=0.54",9,6,0.992748608874742,real
Strata,"a=0.92, t0=0.38, t1=0.54",10,6,0.9916571357603946,real
Strata,"a=0.92, t0=0.38, t1=0.54",11,6,0.9932956848700438,real
Strata,"a=0.92, t0=0.38, t1=0.54",12,6,0.9925071708668964,real
Strata,"a=0.92, t0=0.38, t1=0.54",13,6,0.991297119523368,real
Strata,"a=0.92, t0=0.38, t1=0.54",14,6,0.9924490571276288,real
Strata,"a=0.92, t0=0.38, t1=0.54",15,6,0.9926040193447973,real
Strata,"a=0.92, t0=0.38, t1=0.54",16,6,0.992698052431495,real
Strata,"a=0.92, t0=0.38, t1=0.54",17,6,0.9922085508495966,real
Strata,"a=0.92, t0=0.38, t1=0.54",18,6,0.9921889379982464,real
Strata,"a=0.92, t0=0.38, t1=0.54",19,6,0.992252408265678,real
Strata,"a=0.92, t0=0.38, t1=0.54",20,6,0.9923099392146816,real
Strata,"a=0.92, t0=0.38, t1=0.54",21,6,0.9923486788507118,real
Strata,"a=0.92, t0=0.38, t1=0.54",22,6,0.9921104896537196,real
Strata,"a=0.92, t0=0.38, t1=0.54",23,6,0.992017426251663,real
Strata,"a=0.92, t0=0.38, t1=0.54",24,6,0.9918959971251496,real
Strata,"a=0.92, t0=0.38, t1=0.54",25,6,0.9916563833977532,real
Strata,"a=0.92, t0=0.38, t1=0.54",26,6,0.9914455437153034,real
Strata,"a=0.92, t0=0.38, t1=0.54",27,6,0.9911096594028732,real
Strata,"a=0.92, t0=0.38, t1=0.54",0,7,0.9336612985210544,real
Strata,"a=0.92, t0=0.38, t1=0.54",1,7,0.9776112645012432,real
Strata,"a=0.92, t0=0.38, t1=0.54",2,7,0.991830477468448,real
Strata,"a=0.92, t0=0.38, t1=0.54",3,7,0.9973797743010602,real
Strata,"a=0.92, t0=0.38, t1=0.54",4,7,0.9984598419956046,real
Strata,"a=0.92, t0=0.38, t1=0.54",5,7,0.9983600108796672,real
Strata,"a=0.92, t0=0.38, t1=0.54",6,7,0.9977925038376856,real
Strata,"a=0.92, t0=0.38, t1=0.54",7,7,0.9968950533018536,real
Strata,"a=0.92, t0=0.38, t1=0.54",8,7,0.9948853253014976,real
Strata,"a=0.92, t0=0.38, t1=0.54",9,7,0.9934268958226938,real
Strata,"a=0.92, t0=0.38, t1=0.54",10,7,0.9928525345257264,real
Strata,"a=0.92, t0=0.38, t1=0.54",11,7,0.9936466427893936,real
Strata,"a=0.92, t0=0.38, t1=0.54",12,7,0.9935170941334946,real
Strata,"a=0.92, t0=0.38, t1=0.54",13,7,0.9933038279607392,real
Strata,"a=0.92, t0=0.38, t1=0.54",14,7,0.9934874288780792,real
Strata,"a=0.92, t0=0.38, t1=0.54",15,7,0.9931291982000572,real
Strata,"a=0.92, t0=0.38, t1=0.54",16,7,0.9930150330269027,real
Strata,"a=0.92, t0=0.38, t1=0.54",17,7,0.9926910798481616,real
Strata,"a=0.92, t0=0.38, t1=0.54",18,7,0.9924319943626304,real
Strata,"a=0.92, t0=0.38, t1=0.54",19,7,0.9925588049266584,real
Strata,"a=0.92, t0=0.38, t1=0.54",20,7,0.9925126949367048,real
Strata,"a=0.92, t0=0.38, t1=0.54",21,7,0.9925392772712208,real
Strata,"a=0.92, t0=0.38, t1=0.54",22,7,0.9926128360253068,real
Strata,"a=0.92, t0=0.38, t1=0.54",23,7,0.9926555400505596,real
Strata,"a=0.92, t0=0.38, t1=0.54",24,7,0.9924818881353716,real
Strata,"a=0.92, t0=0.38, t1=0.54",25,7,0.9922757388852018,real
Strata,"a=0.92, t0=0.38, t1=0.54",26,7,0.9921288964933302,real
Strata,"a=0.92, t0=0.38, t1=0.54",27,7,0.991026169361296,real
Strata,"a=0.92, t0=0.38, t1=0.54",0,8,0.9310399895963596,real
Strata,"a=0.92, t0=0.38, t1=0.54",1,8,0.9768752143939036,real
Strata,"a=0.92, t0=0.38, t1=0.54",2,8,0.9911354896243416,real
Strata,"a=0.92, t0=0.38, t1=0.54",3,8,0.996878679547949,real
Strata,"a=0.92, t0=0.38, t1=0.54",4,8,0.9981030777515596,real
Strata,"a=0.92, t0=0.38, t1=0.54",5,8,0.997948144657304,real
Strata,"a=0.92, t0=0.38, t1=0.54",6,8,0.9975538210793796,real
Strata,"a=0.92, t0=0.38, t1=0.54",7,8,0.9966259259325432,real
Strata,"a=0.92, t0=0.38, t1=0.54",8,8,0.9948020412010729,real
Strata,"a=0.92, t0=0.38, t1=0.54",9,8,0.9933405636335196,real
Strata,"a=0.92, t0=0.38, t1=0.54",10,8,0.9921713210610102,real
Strata,"a=0.92, t0=0.38, t1=0.54",11,8,0.992891301460576,real
Strata,"a=0.92, t0=0.38, t1=0.54",12,8,0.9927997908703224,real
Strata,"a=0.92, t0=0.38, t1=0.54",13,8,0.992407653223196,real
Strata,"a=0.92, t0=0.38, t1=0.54",14,8,0.9922948743551072,real
Strata,"a=0.92, t0=0.38, t1=0.54",15,8,0.992383662243442,real
Strata,"a=0.92, t0=0.38, t1=0.54",16,8,0.992336233254125,real
Strata,"a=0.92, t0=0.38, t1=0.54",17,8,0.9919313716307948,real
Strata,"a=0.92, t0=0.38, t1=0.54",18,8,0.9917134277720024,real
Strata,"a=0.92, t0=0.38, t1=0.54",19,8,0.991604958800135,real
Strata,"a=0.92, t0=0.38, t1=0.54",20,8,0.9916227595333822,real
Strata,"a=0.92, t0=0.38, t1=0.54",21,8,0.9916299437422346,real
Strata,"a=0.92, t0=0.38, t1=0.54",22,8,0.9913479352357286,real
Strata,"a=0.92, t0=0.38, t1=0.54",23,8,0.9912100223311884,real
Strata,"a=0.92, t0=0.38, t1=0.54",24,8,0.99106031021288,real
Strata,"a=0.92, t0=0.38, t1=0.54",25,8,0.9909091386055578,real
Strata,"a=0.92, t0=0.38, t1=0.54",26,8,0.9906697132073892,real
Strata,"a=0.92, t0=0.38, t1=0.54",27,8,0.9899835029930596,real
Strata,"a=0.92, t0=0.38, t1=0.54",0,9,0.943326156233042,real
Strata,"a=0.92, t0=0.38, t1=0.54",1,9,0.9782890492497158,real
Strata,"a=0.92, t0=0.38, t1=0.54",2,9,0.9922365359613388,real
Strata,"a=0.92, t0=0.38, t1=0.54",3,9,0.9975730163048396,real
Strata,"a=0.92, t0=0.38, t1=0.54",4,9,0.9985179574077374,real
Strata,"a=0.92, t0=0.38, t1=0.54",5,9,0.9983596801710604,real
Strata,"a=0.92, t0=0.38, t1=0.54",6,9,0.9978733851343066,real
Strata,"a=0.92, t0=0.38, t1=0.54",7,9,0.9965840213909573,real
Strata,"a=0.92, t0=0.38, t1=0.54",8,9,0.994466373640572,real
Strata,"a=0.92, t0=0.38, t1=0.54",9,9,0.992401074422568,real
Strata,"a=0.92, t0=0.38, t1=0.54",10,9,0.9917351261862122,real
Strata,"a=0.92, t0=0.38, t1=0.54",11,9,0.992636473624577,real
Strata,"a=0.92, t0=0.38, t1=0.54",12,9,0.992606219977302,real
Strata,"a=0.92, t0=0.38, t1=0.54",13,9,0.9927492376034964,real
Strata,"a=0.92, t0=0.38, t1=0.54",14,9,0.9928891668403076,real
Strata,"a=0.92, t0=0.38, t1=0.54",15,9,0.9927231032186792,real
Strata,"a=0.92, t0=0.38, t1=0.54",16,9,0.9926990994660208,real
Strata,"a=0.92, t0=0.38, t1=0.54",17,9,0.9925912112871268,real
Strata,"a=0.92, t0=0.38, t1=0.54",18,9,0.9922621591394613,real
Strata,"a=0.92, t0=0.38, t1=0.54",19,9,0.9921499099928162,real
Strata,"a=0.92, t0=0.38, t1=0.54",20,9,0.992063976509958,real
Strata,"a=0.92, t0=0.38, t1=0.54",21,9,0.9919394173127352,real
Strata,"a=0.92, t0=0.38, t1=0.54",22,9,0.9916741300427072,real
Strata,"a=0.92, t0=0.38, t1=0.54",23,9,0.9918021867155212,real
Strata,"a=0.92, t0=0.38, t1=0.54",24,9,0.9916100708888752,real
Strata,"a=0.92, t0=0.38, t1=0.54",25,9,0.9914984417163072,real
Strata,"a=0.92, t0=0.38, t1=0.54",26,9,0.991363305495458,real
Strata,"a=0.92, t0=0.38, t1=0.54",27,9,0.9908962227060584,real
Strata,"a=0.93, t0=0.38, t1=0.54",0,0,0.9182380765412425,real
Strata,"a=0.93, t0=0.38, t1=0.54",1,0,0.9718139040615624,real
Strata,"a=0.93, t0=0.38, t1=0.54",2,0,0.9892917863435138,real
Strata,"a=0.93, t0=0.38, t1=0.54",3,0,0.996581438174044,real
Strata,"a=0.93, t0=0.38, t1=0.54",4,0,0.9976673039776168,real
Strata,"a=0.93, t0=0.38, t1=0.54",5,0,0.9977860092639232,real
Strata,"a=0.93, t0=0.38, t1=0.54",6,0,0.99708015652131,real
Strata,"a=0.93, t0=0.38, t1=0.54",7,0,0.995847343173994,real
Strata,"a=0.93, t0=0.38, t1=0.54",8,0,0.993408906522274,real
Strata,"a=0.93, t0=0.38, t1=0.54",9,0,0.991587722052218,real
Strata,"a=0.93, t0=0.38, t1=0.54",10,0,0.9907413558829132,real
Strata,"a=0.93, t0=0.38, t1=0.54",11,0,0.9922165986130148,real
Strata,"a=0.93, t0=0.38, t1=0.54",12,0,0.9919326615970095,real
Strata,"a=0.93, t0=0.38, t1=0.54",13,0,0.9914228534148736,real
Strata,"a=0.93, t0=0.38, t1=0.54",14,0,0.9916090604324528,real
Strata,"a=0.93, t0=0.38, t1=0.54",15,0,0.9915447668707232,real
Strata,"a=0.93, t0=0.38, t1=0.54",16,0,0.9911960559865872,real
Strata,"a=0.93, t0=0.38, t1=0.54",17,0,0.991158710205319,real
Strata,"a=0.93, t0=0.38, t1=0.54",18,0,0.9913227484007304,real
Strata,"a=0.93, t0=0.38, t1=0.54",19,0,0.9911397884231622,real
Strata,"a=0.93, t0=0.38, t1=0.54",20,0,0.9911193883579418,real
Strata,"a=0.93, t0=0.38, t1=0.54",21,0,0.9911561308936548,real
Strata,"a=0.93, t0=0.38, t1=0.54",22,0,0.9909838292586316,real
Strata,"a=0.93, t0=0.38, t1=0.54",23,0,0.9910523407181036,real
Strata,"a=0.93, t0=0.38, t1=0.54",24,0,0.9908874244719692,real
Strata,"a=0.93, t0=0.38, t1=0.54",25,0,0.9908469714638456,real
Strata,"a=0.93, t0=0.38, t1=0.54",26,0,0.9905750312602932,real
Strata,"a=0.93, t0=0.38, t1=0.54",27,0,0.9892879366605908,real
Strata,"a=0.93, t0=0.38, t1=0.54",0,1,0.9227859174999564,real
Strata,"a=0.93, t0=0.38, t1=0.54",1,1,0.9736900592396964,real
Strata,"a=0.93, t0=0.38, t1=0.54",2,1,0.989305678605046,real
Strata,"a=0.93, t0=0.38, t1=0.54",3,1,0.9961285460655814,real
Strata,"a=0.93, t0=0.38, t1=0.54",4,1,0.9974121656452434,real
Strata,"a=0.93, t0=0.38, t1=0.54",5,1,0.9976965167359588,real
Strata,"a=0.93, t0=0.38, t1=0.54",6,1,0.9970546398770016,real
Strata,"a=0.93, t0=0.38, t1=0.54",7,1,0.9957595377614868,real
Strata,"a=0.93, t0=0.38, t1=0.54",8,1,0.9935007912625614,real
Strata,"a=0.93, t0=0.38, t1=0.54",9,1,0.9914343809317444,real
Strata,"a=0.93, t0=0.38, t1=0.54",10,1,0.9907142351560064,real
Strata,"a=0.93, t0=0.38, t1=0.54",11,1,0.9918696544369042,real
Strata,"a=0.93, t0=0.38, t1=0.54",12,1,0.9912395265816994,real
Strata,"a=0.93, t0=0.38, t1=0.54",13,1,0.9904635877330584,real
Strata,"a=0.93, t0=0.38, t1=0.54",14,1,0.9905236250005596,real
Strata,"a=0.93, t0=0.38, t1=0.54",15,1,0.9907930963911382,real
Strata,"a=0.93, t0=0.38, t1=0.54",16,1,0.9903228064719416,real
Strata,"a=0.93, t0=0.38, t1=0.54",17,1,0.990125624446422,real
Strata,"a=0.93, t0=0.38, t1=0.54",18,1,0.9899425049327188,real
Strata,"a=0.93, t0=0.38, t1=0.54",19,1,0.9899018107026704,real
Strata,"a=0.93, t0=0.38, t1=0.54",20,1,0.9899342601024178,real
Strata,"a=0.93, t0=0.38, t1=0.54",21,1,0.990118944662879,real
Strata,"a=0.93, t0=0.38, t1=0.54",22,1,0.990120198026596,real
Strata,"a=0.93, t0=0.38, t1=0.54",23,1,0.9901371850537524,real
Strata,"a=0.93, t0=0.38, t1=0.54",24,1,0.99001757653614,real
Strata,"a=0.93, t0=0.38, t1=0.54",25,1,0.9900063438893012,real
Strata,"a=0.93, t0=0.38, t1=0.54",26,1,0.9896670802152008,real
Strata,"a=0.93, t0=0.38, t1=0.54",27,1,0.9883235333915482,real
Strata,"a=0.93, t0=0.38, t1=0.54",0,2,0.93404586176422,real
Strata,"a=0.93, t0=0.38, t1=0.54",1,2,0.9751443620505846,real
Strata,"a=0.93, t0=0.38, t1=0.54",2,2,0.9899722492737209,real
Strata,"a=0.93, t0=0.38, t1=0.54",3,2,0.9962459459620095,real
Strata,"a=0.93, t0=0.38, t1=0.54",4,2,0.997250449031044,real
Strata,"a=0.93, t0=0.38, t1=0.54",5,2,0.9975015109773968,real
Strata,"a=0.93, t0=0.38, t1=0.54",6,2,0.9973728714931962,real
Strata,"a=0.93, t0=0.38, t1=0.54",7,2,0.99599453516528,real
Strata,"a=0.93, t0=0.38, t1=0.54",8,2,0.9938775585787096,real
Strata,"a=0.93, t0=0.38, t1=0.54",9,2,0.9922137020428768,real
Strata,"a=0.93, t0=0.38, t1=0.54",10,2,0.991801686565606,real
Strata,"a=0.93, t0=0.38, t1=0.54",11,2,0.9926892557703708,real
Strata,"a=0.93, t0=0.38, t1=0.54",12,2,0.992337757594023,real
Strata,"a=0.93, t0=0.38, t1=0.54",13,2,0.9922763152390984,real
Strata,"a=0.93, t0=0.38, t1=0.54",14,2,0.9920865423099144,real
Strata,"a=0.93, t0=0.38, t1=0.54",15,2,0.9919081839661597,real
Strata,"a=0.93, t0=0.38, t1=0.54",16,2,0.9920420218516524,real
Strata,"a=0.93, t0=0.38, t1=0.54",17,2,0.9918749814542314,real
Strata,"a=0.93, t0=0.38, t1=0.54",18,2,0.9915171347037718,real
Strata,"a=0.93, t0=0.38, t1=0.54",19,2,0.9912418439954968,real
Strata,"a=0.93, t0=0.38, t1=0.54",20,2,0.991084424494858,real
Strata,"a=0.93, t0=0.38, t1=0.54",21,2,0.9910002188847584,real
Strata,"a=0.93, t0=0.38, t1=0.54",22,2,0.9910389527280424,real
Strata,"a=0.93, t0=0.38, t1=0.54",23,2,0.9913131351590592,real
Strata,"a=0.93, t0=0.38, t1=0.54",24,2,0.99126038306084,real
Strata,"a=0.93, t0=0.38, t1=0.54",25,2,0.9910169614684172,real
Strata,"a=0.93, t0=0.38, t1=0.54",26,2,0.9908213527667964,real
Strata,"a=0.93, t0=0.38, t1=0.54",27,2,0.9894264137863972,real
Strata,"a=0.93, t0=0.38, t1=0.54",0,3,0.9326314003092626,real
Strata,"a=0.93, t0=0.38, t1=0.54",1,3,0.9754963702283624,real
Strata,"a=0.93, t0=0.38, t1=0.54",2,3,0.9905342959587248,real
Strata,"a=0.93, t0=0.38, t1=0.54",3,3,0.99685700329689,real
Strata,"a=0.93, t0=0.38, t1=0.54",4,3,0.9980662747724794,real
Strata,"a=0.93, t0=0.38, t1=0.54",5,3,0.9977899421026116,real
Strata,"a=0.93, t0=0.38, t1=0.54",6,3,0.9974602545311828,real
Strata,"a=0.93, t0=0.38, t1=0.54",7,3,0.9962670378540066,real
Strata,"a=0.93, t0=0.38, t1=0.54",8,3,0.9937381626296968,real
Strata,"a=0.93, t0=0.38, t1=0.54",9,3,0.991992768710857,real
Strata,"a=0.93, t0=0.38, t1=0.54",10,3,0.9911698449995536,real
Strata,"a=0.93, t0=0.38, t1=0.54",11,3,0.9924790929625352,real
Strata,"a=0.93, t0=0.38, t1=0.54",12,3,0.99234691135622,real
Strata,"a=0.93, t0=0.38, t1=0.54",13,3,0.9919051519890908,real
Strata,"a=0.93, t0=0.38, t1=0.54",14,3,0.9918463744370036,real
Strata,"a=0.93, t0=0.38, t1=0.54",15,3,0.9920145137350456,real
Strata,"a=0.93, t0=0.38, t1=0.54",16,3,0.9920029206972268,real
Strata,"a=0.93, t0=0.38, t1=0.54",17,3,0.9917302343070292,real
Strata,"a=0.93, t0=0.38, t1=0.54",18,3,0.9918399838103368,real
Strata,"a=0.93, t0=0.38, t1=0.54",19,3,0.9913755808877258,real
Strata,"a=0.93, t0=0.38, t1=0.54",20,3,0.9910538738048004,real
Strata,"a=0.93, t0=0.38, t1=0.54",21,3,0.9910224926702522,real
Strata,"a=0.93, t0=0.38, t1=0.54",22,3,0.9910804493558965,real
Strata,"a=0.93, t0=0.38, t1=0.54",23,3,0.9910783915208216,real
Strata,"a=0.93, t0=0.38, t1=0.54",24,3,0.9908671340586468,real
Strata,"a=0.93, t0=0.38, t1=0.54",25,3,0.9907377580241736,real
Strata,"a=0.93, t0=0.38, t1=0.54",26,3,0.9907399315061785,real
Strata,"a=0.93, t0=0.38, t1=0.54",27,3,0.9903339053396772,real
Strata,"a=0.93, t0=0.38, t1=0.54",0,4,0.932919429204132,real
Strata,"a=0.93, t0=0.38, t1=0.54",1,4,0.9727975892603596,real
Strata,"a=0.93, t0=0.38, t1=0.54",2,4,0.988054747276025,real
Strata,"a=0.93, t0=0.38, t1=0.54",3,4,0.9960147680440904,real
Strata,"a=0.93, t0=0.38, t1=0.54",4,4,0.9974523072252858,real
Strata,"a=0.93, t0=0.38, t1=0.54",5,4,0.9968298821214848,real
Strata,"a=0.93, t0=0.38, t1=0.54",6,4,0.9961569034754856,real
Strata,"a=0.93, t0=0.38, t1=0.54",7,4,0.9950434927661708,real
Strata,"a=0.93, t0=0.38, t1=0.54",8,4,0.9926979954030476,real
Strata,"a=0.93, t0=0.38, t1=0.54",9,4,0.990799945584956,real
Strata,"a=0.93, t0=0.38, t1=0.54",10,4,0.9896929042439284,real
Strata,"a=0.93, t0=0.38, t1=0.54",11,4,0.9910627743699464,real
Strata,"a=0.93, t0=0.38, t1=0.54",12,4,0.9906725911164568,real
Strata,"a=0.93, t0=0.38, t1=0.54",13,4,0.9903604412816548,real
Strata,"a=0.93, t0=0.38, t1=0.54",14,4,0.991310869806474,real
Strata,"a=0.93, t0=0.38, t1=0.54",15,4,0.991347173358848,real
Strata,"a=0.93, t0=0.38, t1=0.54",16,4,0.9912946993678484,real
Strata,"a=0.93, t0=0.38, t1=0.54",17,4,0.9910747893671376,real
Strata,"a=0.93, t0=0.38, t1=0.54",18,4,0.9909860383724174,real
Strata,"a=0.93, t0=0.38, t1=0.54",19,4,0.9905666262055952,real
Strata,"a=0.93, t0=0.38, t1=0.54",20,4,0.990200264020127,real
Strata,"a=0.93, t0=0.38, t1=0.54",21,4,0.990335007671499,real
Strata,"a=0.93, t0=0.38, t1=0.54",22,4,0.990418770982209,real
Strata,"a=0.93, t0=0.38, t1=0.54",23,4,0.990459463719598,real
Strata,"a=0.93, t0=0.38, t1=0.54",24,4,0.9903082904916556,real
Strata,"a=0.93, t0=0.38, t1=0.54",25,4,0.9902520904548364,real
Strata,"a=0.93, t0=0.38, t1=0.54",26,4,0.9901658373421338,real
Strata,"a=0.93, t0=0.38, t1=0.54",27,4,0.989636803475988,real
Strata,"a=0.93, t0=0.38, t1=0.54",0,5,0.9279450811505924,real
Strata,"a=0.93, t0=0.38, t1=0.54",1,5,0.9745843242104426,real
Strata,"a=0.93, t0=0.38, t1=0.54",2,5,0.9904676227629824,real
Strata,"a=0.93, t0=0.38, t1=0.54",3,5,0.9967581790133526,real
Strata,"a=0.93, t0=0.38, t1=0.54",4,5,0.9978141922978654,real
Strata,"a=0.93, t0=0.38, t1=0.54",5,5,0.9978462466850072,real
Strata,"a=0.93, t0=0.38, t1=0.54",6,5,0.9973296093218768,real
Strata,"a=0.93, t0=0.38, t1=0.54",7,5,0.9964127087468578,real
Strata,"a=0.93, t0=0.38, t1=0.54",8,5,0.9939941735953304,real
Strata,"a=0.93, t0=0.38, t1=0.54",9,5,0.9921125841111752,real
Strata,"a=0.93, t0=0.38, t1=0.54",10,5,0.991926269850382,real
Strata,"a=0.93, t0=0.38, t1=0.54",11,5,0.9924044063249112,real
Strata,"a=0.93, t0=0.38, t1=0.54",12,5,0.992442038045084,real
Strata,"a=0.93, t0=0.38, t1=0.54",13,5,0.9920107544118284,real
Strata,"a=0.93, t0=0.38, t1=0.54",14,5,0.991908295064976,real
Strata,"a=0.93, t0=0.38, t1=0.54",15,5,0.991806223817322,real
Strata,"a=0.93, t0=0.38, t1=0.54",16,5,0.9916463541724978,real
Strata,"a=0.93, t0=0.38, t1=0.54",17,5,0.9917578533344076,real
Strata,"a=0.93, t0=0.38, t1=0.54",18,5,0.9915516052561356,real
Strata,"a=0.93, t0=0.38, t1=0.54",19,5,0.9915746073742908,real
Strata,"a=0.93, t0=0.38, t1=0.54",20,5,0.9915149663748074,real
Strata,"a=0.93, t0=0.38, t1=0.54",21,5,0.9913332247335236,real
Strata,"a=0.93, t0=0.38, t1=0.54",22,5,0.9910605578218592,real
Strata,"a=0.93, t0=0.38, t1=0.54",23,5,0.9910550699833448,real
Strata,"a=0.93, t0=0.38, t1=0.54",24,5,0.9910458494414968,real
Strata,"a=0.93, t0=0.38, t1=0.54",25,5,0.9907980087142196,real
Strata,"a=0.93, t0=0.38, t1=0.54",26,5,0.9909426115792378,real
Strata,"a=0.93, t0=0.38, t1=0.54",27,5,0.990112789458516,real
Strata,"a=0.93, t0=0.38, t1=0.54",0,6,0.9334260424231016,real
Strata,"a=0.93, t0=0.38, t1=0.54",1,6,0.976107283523815,real
Strata,"a=0.93, t0=0.38, t1=0.54",2,6,0.990487560775054,real
Strata,"a=0.93, t0=0.38, t1=0.54",3,6,0.9969079527221884,real
Strata,"a=0.93, t0=0.38, t1=0.54",4,6,0.9979063461323008,real
Strata,"a=0.93, t0=0.38, t1=0.54",5,6,0.9975434919543296,real
Strata,"a=0.93, t0=0.38, t1=0.54",6,6,0.9970296694759128,real
Strata,"a=0.93, t0=0.38, t1=0.54",7,6,0.9960792755468214,real
Strata,"a=0.93, t0=0.38, t1=0.54",8,6,0.9941318221489672,real
Strata,"a=0.93, t0=0.38, t1=0.54",9,6,0.9921212178873232,real
Strata,"a=0.93, t0=0.38, t1=0.54",10,6,0.9911427544794048,real
Strata,"a=0.93, t0=0.38, t1=0.54",11,6,0.9932809656397776,real
Strata,"a=0.93, t0=0.38, t1=0.54",12,6,0.9919747565492304,real
Strata,"a=0.93, t0=0.38, t1=0.54",13,6,0.991808105723878,real
Strata,"a=0.93, t0=0.38, t1=0.54",14,6,0.9919832653356316,real
Strata,"a=0.93, t0=0.38, t1=0.54",15,6,0.991877395982186,real
Strata,"a=0.93, t0=0.38, t1=0.54",16,6,0.991914297082245,real
Strata,"a=0.93, t0=0.38, t1=0.54",17,6,0.9918407084455284,real
Strata,"a=0.93, t0=0.38, t1=0.54",18,6,0.9915718797045916,real
Strata,"a=0.93, t0=0.38, t1=0.54",19,6,0.9915517765279296,real
Strata,"a=0.93, t0=0.38, t1=0.54",20,6,0.9913146807633916,real
Strata,"a=0.93, t0=0.38, t1=0.54",21,6,0.9913579223727268,real
Strata,"a=0.93, t0=0.38, t1=0.54",22,6,0.9910753558616916,real
Strata,"a=0.93, t0=0.38, t1=0.54",23,6,0.9912198929160794,real
Strata,"a=0.93, t0=0.38, t1=0.54",24,6,0.9913592137120504,real
Strata,"a=0.93, t0=0.38, t1=0.54",25,6,0.990958426579762,real
Strata,"a=0.93, t0=0.38, t1=0.54",26,6,0.9907592145282388,real
Strata,"a=0.93, t0=0.38, t1=0.54",27,6,0.9899813192441154,real
Strata,"a=0.93, t0=0.38, t1=0.54",0,7,0.9287781462213572,real
Strata,"a=0.93, t0=0.38, t1=0.54",1,7,0.9740188867742472,real
Strata,"a=0.93, t0=0.38, t1=0.54",2,7,0.9891747100179484,real
Strata,"a=0.93, t0=0.38, t1=0.54",3,7,0.9965566612602476,real
Strata,"a=0.93, t0=0.38, t1=0.54",4,7,0.9975039137725296,real
Strata,"a=0.93, t0=0.38, t1=0.54",5,7,0.997478324300722,real
Strata,"a=0.93, t0=0.38, t1=0.54",6,7,0.9969620465830108,real
Strata,"a=0.93, t0=0.38, t1=0.54",7,7,0.9959733400650306,real
Strata,"a=0.93, t0=0.38, t1=0.54",8,7,0.992994988250645,real
Strata,"a=0.93, t0=0.38, t1=0.54",9,7,0.991501253524123,real
Strata,"a=0.93, t0=0.38, t1=0.54",10,7,0.9903486439338608,real
Strata,"a=0.93, t0=0.38, t1=0.54",11,7,0.9922478010787048,real
Strata,"a=0.93, t0=0.38, t1=0.54",12,7,0.9920607675205066,real
Strata,"a=0.93, t0=0.38, t1=0.54",13,7,0.9913506090227404,real
Strata,"a=0.93, t0=0.38, t1=0.54",14,7,0.9916196119622916,real
Strata,"a=0.93, t0=0.38, t1=0.54",15,7,0.9917585899104971,real
Strata,"a=0.93, t0=0.38, t1=0.54",16,7,0.9915552905119112,real
Strata,"a=0.93, t0=0.38, t1=0.54",17,7,0.9914082751926776,real
Strata,"a=0.93, t0=0.38, t1=0.54",18,7,0.991224802808104,real
Strata,"a=0.93, t0=0.38, t1=0.54",19,7,0.9908617429556388,real
Strata,"a=0.93, t0=0.38, t1=0.54",20,7,0.9906435693621658,real
Strata,"a=0.93, t0=0.38, t1=0.54",21,7,0.9906110399296052,real
Strata,"a=0.93, t0=0.38, t1=0.54",22,7,0.9904973948755934,real
Strata,"a=0.93, t0=0.38, t1=0.54",23,7,0.990357078114955,real
Strata,"a=0.93, t0=0.38, t1=0.54",24,7,0.990021926487736,real
Strata,"a=0.93, t0=0.38, t1=0.54",25,7,0.98987047094255,real
Strata,"a=0.93, t0=0.38, t1=0.54",26,7,0.9898798752287064,real
Strata,"a=0.93, t0=0.38, t1=0.54",27,7,0.9886835288507582,real
Strata,"a=0.93, t0=0.38, t1=0.54",0,8,0.9257278025237474,real
Strata,"a=0.93, t0=0.38, t1=0.54",1,8,0.9749933420009262,real
Strata,"a=0.93, t0=0.38, t1=0.54",2,8,0.9898500999065684,real
Strata,"a=0.93, t0=0.38, t1=0.54",3,8,0.9962274741508672,real
Strata,"a=0.93, t0=0.38, t1=0.54",4,8,0.997621884395964,real
Strata,"a=0.93, t0=0.38, t1=0.54",5,8,0.9974956577819571,real
Strata,"a=0.93, t0=0.38, t1=0.54",6,8,0.997017066084116,real
Strata,"a=0.93, t0=0.38, t1=0.54",7,8,0.9960158871930096,real
Strata,"a=0.93, t0=0.38, t1=0.54",8,8,0.9937887059072182,real
Strata,"a=0.93, t0=0.38, t1=0.54",9,8,0.9918303984940484,real
Strata,"a=0.93, t0=0.38, t1=0.54",10,8,0.9913195731179996,real
Strata,"a=0.93, t0=0.38, t1=0.54",11,8,0.992871044092233,real
Strata,"a=0.93, t0=0.38, t1=0.54",12,8,0.9923523163434854,real
Strata,"a=0.93, t0=0.38, t1=0.54",13,8,0.992010506857556,real
Strata,"a=0.93, t0=0.38, t1=0.54",14,8,0.9912885672370108,real
Strata,"a=0.93, t0=0.38, t1=0.54",15,8,0.9914710723201372,real
Strata,"a=0.93, t0=0.38, t1=0.54",16,8,0.991442820408889,real
Strata,"a=0.93, t0=0.38, t1=0.54",17,8,0.9911627500316438,real
Strata,"a=0.93, t0=0.38, t1=0.54",18,8,0.9909743786157142,real
Strata,"a=0.93, t0=0.38, t1=0.54",19,8,0.9908478486249036,real
Strata,"a=0.93, t0=0.38, t1=0.54",20,8,0.990599747274976,real
Strata,"a=0.93, t0=0.38, t1=0.54",21,8,0.9906342096223452,real
Strata,"a=0.93, t0=0.38, t1=0.54",22,8,0.9906553725479724,real
Strata,"a=0.93, t0=0.38, t1=0.54",23,8,0.9905528114681472,real
Strata,"a=0.93, t0=0.38, t1=0.54",24,8,0.9901968714537924,real
Strata,"a=0.93, t0=0.38, t1=0.54",25,8,0.9900114603552738,real
Strata,"a=0.93, t0=0.38, t1=0.54",26,8,0.9897286737339008,real
Strata,"a=0.93, t0=0.38, t1=0.54",27,8,0.9890270722199012,real
Strata,"a=0.93, t0=0.38, t1=0.54",0,9,0.934834528401091,real
Strata,"a=0.93, t0=0.38, t1=0.54",1,9,0.9747025864806784,real
Strata,"a=0.93, t0=0.38, t1=0.54",2,9,0.990686349409112,real
Strata,"a=0.93, t0=0.38, t1=0.54",3,9,0.9969198599772572,real
Strata,"a=0.93, t0=0.38, t1=0.54",4,9,0.997891760262909,real
Strata,"a=0.93, t0=0.38, t1=0.54",5,9,0.9977486575888272,real
Strata,"a=0.93, t0=0.38, t1=0.54",6,9,0.9972927365007922,real
Strata,"a=0.93, t0=0.38, t1=0.54",7,9,0.9961777302328618,real
Strata,"a=0.93, t0=0.38, t1=0.54",8,9,0.993933025994488,real
Strata,"a=0.93, t0=0.38, t1=0.54",9,9,0.9919147612187574,real
Strata,"a=0.93, t0=0.38, t1=0.54",10,9,0.9919010900949936,real
Strata,"a=0.93, t0=0.38, t1=0.54",11,9,0.992485340276724,real
Strata,"a=0.93, t0=0.38, t1=0.54",12,9,0.9918627695959942,real
Strata,"a=0.93, t0=0.38, t1=0.54",13,9,0.991668967701412,real
Strata,"a=0.93, t0=0.38, t1=0.54",14,9,0.9919010057359724,real
Strata,"a=0.93, t0=0.38, t1=0.54",15,9,0.9917933140017008,real
Strata,"a=0.93, t0=0.38, t1=0.54",16,9,0.9915689416107656,real
Strata,"a=0.93, t0=0.38, t1=0.54",17,9,0.9913506551994268,real
Strata,"a=0.93, t0=0.38, t1=0.54",18,9,0.9911243568865192,real
Strata,"a=0.93, t0=0.38, t1=0.54",19,9,0.9911943963775685,real
Strata,"a=0.93, t0=0.38, t1=0.54",20,9,0.9912501417011014,real
Strata,"a=0.93, t0=0.38, t1=0.54",21,9,0.9910530481505856,real
Strata,"a=0.93, t0=0.38, t1=0.54",22,9,0.990937193440419,real
Strata,"a=0.93, t0=0.38, t1=0.54",23,9,0.9909695112161108,real
Strata,"a=0.93, t0=0.38, t1=0.54",24,9,0.9911519891526428,real
Strata,"a=0.93, t0=0.38, t1=0.54",25,9,0.9909970734587332,real
Strata,"a=0.93, t0=0.38, t1=0.54",26,9,0.9906636143771592,real
Strata,"a=0.93, t0=0.38, t1=0.54",27,9,0.9901064511604272,real
Strata,"a=0.94, t0=0.38, t1=0.54",0,0,0.9131328144767352,real
Strata,"a=0.94, t0=0.38, t1=0.54",1,0,0.967863752960566,real
Strata,"a=0.94, t0=0.38, t1=0.54",2,0,0.9869287084328254,real
Strata,"a=0.94, t0=0.38, t1=0.54",3,0,0.9948605135778154,real
Strata,"a=0.94, t0=0.38, t1=0.54",4,0,0.9965763012836376,real
Strata,"a=0.94, t0=0.38, t1=0.54",5,0,0.9968256826195598,real
Strata,"a=0.94, t0=0.38, t1=0.54",6,0,0.9961044316607892,real
Strata,"a=0.94, t0=0.38, t1=0.54",7,0,0.9947375919797528,real
Strata,"a=0.94, t0=0.38, t1=0.54",8,0,0.9912279819794348,real
Strata,"a=0.94, t0=0.38, t1=0.54",9,0,0.9891562814981396,real
Strata,"a=0.94, t0=0.38, t1=0.54",10,0,0.988902498956111,real
Strata,"a=0.94, t0=0.38, t1=0.54",11,0,0.9913359289989588,real
Strata,"a=0.94, t0=0.38, t1=0.54",12,0,0.991223351234416,real
Strata,"a=0.94, t0=0.38, t1=0.54",13,0,0.9905135294231512,real
Strata,"a=0.94, t0=0.38, t1=0.54",14,0,0.9901805662181632,real
Strata,"a=0.94, t0=0.38, t1=0.54",15,0,0.9892573866378064,real
Strata,"a=0.94, t0=0.38, t1=0.54",16,0,0.98939394554771,real
Strata,"a=0.94, t0=0.38, t1=0.54",17,0,0.9892152195295032,real
Strata,"a=0.94, t0=0.38, t1=0.54",18,0,0.9890781280893236,real
Strata,"a=0.94, t0=0.38, t1=0.54",19,0,0.9898529261555712,real
Strata,"a=0.94, t0=0.38, t1=0.54",20,0,0.9898189857218804,real
Strata,"a=0.94, t0=0.38, t1=0.54",21,0,0.9899120813037412,real
Strata,"a=0.94, t0=0.38, t1=0.54",22,0,0.9897213447294668,real
Strata,"a=0.94, t0=0.38, t1=0.54",23,0,0.989500738931666,real
Strata,"a=0.94, t0=0.38, t1=0.54",24,0,0.9896029912258022,real
Strata,"a=0.94, t0=0.38, t1=0.54",25,0,0.9889612609176268,real
Strata,"a=0.94, t0=0.38, t1=0.54",26,0,0.9887933885793708,real
Strata,"a=0.94, t0=0.38, t1=0.54",27,0,0.9883445336080398,real
Strata,"a=0.94, t0=0.38, t1=0.54",0,1,0.9118635124619257,real
Strata,"a=0.94, t0=0.38, t1=0.54",1,1,0.9679972060846082,real
Strata,"a=0.94, t0=0.38, t1=0.54",2,1,0.9862226655430668,real
Strata,"a=0.94, t0=0.38, t1=0.54",3,1,0.9942844011845458,real
Strata,"a=0.94, t0=0.38, t1=0.54",4,1,0.9964635036458204,real
Strata,"a=0.94, t0=0.38, t1=0.54",5,1,0.9969620195072376,real
Strata,"a=0.94, t0=0.38, t1=0.54",6,1,0.9960242729294816,real
Strata,"a=0.94, t0=0.38, t1=0.54",7,1,0.9945766760666244,real
Strata,"a=0.94, t0=0.38, t1=0.54",8,1,0.9918727132764472,real
Strata,"a=0.94, t0=0.38, t1=0.54",9,1,0.9892713689776308,real
Strata,"a=0.94, t0=0.38, t1=0.54",10,1,0.9880752094835435,real
Strata,"a=0.94, t0=0.38, t1=0.54",11,1,0.9900196299085784,real
Strata,"a=0.94, t0=0.38, t1=0.54",12,1,0.9902544086716634,real
Strata,"a=0.94, t0=0.38, t1=0.54",13,1,0.9889406483988126,real
Strata,"a=0.94, t0=0.38, t1=0.54",14,1,0.9892099695799736,real
Strata,"a=0.94, t0=0.38, t1=0.54",15,1,0.9890224518338216,real
Strata,"a=0.94, t0=0.38, t1=0.54",16,1,0.9892285848716084,real
Strata,"a=0.94, t0=0.38, t1=0.54",17,1,0.988385637050606,real
Strata,"a=0.94, t0=0.38, t1=0.54",18,1,0.9880254016067213,real
Strata,"a=0.94, t0=0.38, t1=0.54",19,1,0.9877229847046474,real
Strata,"a=0.94, t0=0.38, t1=0.54",20,1,0.9875469429678514,real
Strata,"a=0.94, t0=0.38, t1=0.54",21,1,0.9878069424848116,real
Strata,"a=0.94, t0=0.38, t1=0.54",22,1,0.9880286000410692,real
Strata,"a=0.94, t0=0.38, t1=0.54",23,1,0.9876981228213862,real
Strata,"a=0.94, t0=0.38, t1=0.54",24,1,0.9875185708813964,real
Strata,"a=0.94, t0=0.38, t1=0.54",25,1,0.98727735263373,real
Strata,"a=0.94, t0=0.38, t1=0.54",26,1,0.98728893630427,real
Strata,"a=0.94, t0=0.38, t1=0.54",27,1,0.9868834293324188,real
Strata,"a=0.94, t0=0.38, t1=0.54",0,2,0.920347018342154,real
Strata,"a=0.94, t0=0.38, t1=0.54",1,2,0.970078124237145,real
Strata,"a=0.94, t0=0.38, t1=0.54",2,2,0.986986647943492,real
Strata,"a=0.94, t0=0.38, t1=0.54",3,2,0.9948296865133742,real
Strata,"a=0.94, t0=0.38, t1=0.54",4,2,0.996358971646764,real
Strata,"a=0.94, t0=0.38, t1=0.54",5,2,0.9966566517152168,real
Strata,"a=0.94, t0=0.38, t1=0.54",6,2,0.9961475013476258,real
Strata,"a=0.94, t0=0.38, t1=0.54",7,2,0.994704037934034,real
Strata,"a=0.94, t0=0.38, t1=0.54",8,2,0.9918960952087484,real
Strata,"a=0.94, t0=0.38, t1=0.54",9,2,0.989354339088854,real
Strata,"a=0.94, t0=0.38, t1=0.54",10,2,0.98830598981219,real
Strata,"a=0.94, t0=0.38, t1=0.54",11,2,0.9908995866987108,real
Strata,"a=0.94, t0=0.38, t1=0.54",12,2,0.9909888958314348,real
Strata,"a=0.94, t0=0.38, t1=0.54",13,2,0.9892358730014554,real
Strata,"a=0.94, t0=0.38, t1=0.54",14,2,0.9895775218613908,real
Strata,"a=0.94, t0=0.38, t1=0.54",15,2,0.9893446275206086,real
Strata,"a=0.94, t0=0.38, t1=0.54",16,2,0.9894128257001042,real
Strata,"a=0.94, t0=0.38, t1=0.54",17,2,0.9893433507979666,real
Strata,"a=0.94, t0=0.38, t1=0.54",18,2,0.988862011528672,real
Strata,"a=0.94, t0=0.38, t1=0.54",19,2,0.988472567682532,real
Strata,"a=0.94, t0=0.38, t1=0.54",20,2,0.9884214669912292,real
Strata,"a=0.94, t0=0.38, t1=0.54",21,2,0.9884427464082752,real
Strata,"a=0.94, t0=0.38, t1=0.54",22,2,0.988285791106426,real
Strata,"a=0.94, t0=0.38, t1=0.54",23,2,0.98836089842148,real
Strata,"a=0.94, t0=0.38, t1=0.54",24,2,0.9883651153145214,real
Strata,"a=0.94, t0=0.38, t1=0.54",25,2,0.988595617257191,real
Strata,"a=0.94, t0=0.38, t1=0.54",26,2,0.988564757652487,real
Strata,"a=0.94, t0=0.38, t1=0.54",27,2,0.9873649011302597,real
Strata,"a=0.94, t0=0.38, t1=0.54",0,3,0.9241860861709836,real
Strata,"a=0.94, t0=0.38, t1=0.54",1,3,0.971515143174978,real
Strata,"a=0.94, t0=0.38, t1=0.54",2,3,0.9876253952238224,real
Strata,"a=0.94, t0=0.38, t1=0.54",3,3,0.9957953222961216,real
Strata,"a=0.94, t0=0.38, t1=0.54",4,3,0.996798759240843,real
Strata,"a=0.94, t0=0.38, t1=0.54",5,3,0.9969100946555614,real
Strata,"a=0.94, t0=0.38, t1=0.54",6,3,0.9960759577896344,real
Strata,"a=0.94, t0=0.38, t1=0.54",7,3,0.994844869270396,real
Strata,"a=0.94, t0=0.38, t1=0.54",8,3,0.9919694870019822,real
Strata,"a=0.94, t0=0.38, t1=0.54",9,3,0.9897683934566832,real
Strata,"a=0.94, t0=0.38, t1=0.54",10,3,0.9893579520404272,real
Strata,"a=0.94, t0=0.38, t1=0.54",11,3,0.9903915927898844,real
Strata,"a=0.94, t0=0.38, t1=0.54",12,3,0.990905601795951,real
Strata,"a=0.94, t0=0.38, t1=0.54",13,3,0.9896713690231836,real
Strata,"a=0.94, t0=0.38, t1=0.54",14,3,0.9897906164617843,real
Strata,"a=0.94, t0=0.38, t1=0.54",15,3,0.989870629507026,real
Strata,"a=0.94, t0=0.38, t1=0.54",16,3,0.9898328054000924,real
Strata,"a=0.94, t0=0.38, t1=0.54",17,3,0.9896005397140584,real
Strata,"a=0.94, t0=0.38, t1=0.54",18,3,0.989682023384304,real
Strata,"a=0.94, t0=0.38, t1=0.54",19,3,0.989386395032506,real
Strata,"a=0.94, t0=0.38, t1=0.54",20,3,0.989374615714846,real
Strata,"a=0.94, t0=0.38, t1=0.54",21,3,0.989273847221444,real
Strata,"a=0.94, t0=0.38, t1=0.54",22,3,0.9890811902324907,real
Strata,"a=0.94, t0=0.38, t1=0.54",23,3,0.9889654424314168,real
Strata,"a=0.94, t0=0.38, t1=0.54",24,3,0.9888825085899228,real
Strata,"a=0.94, t0=0.38, t1=0.54",25,3,0.9886785007894824,real
Strata,"a=0.94, t0=0.38, t1=0.54",26,3,0.9888820606526822,real
Strata,"a=0.94, t0=0.38, t1=0.54",27,3,0.9875746433208704,real
Strata,"a=0.94, t0=0.38, t1=0.54",0,4,0.9241367951280696,real
Strata,"a=0.94, t0=0.38, t1=0.54",1,4,0.9668597300759372,real
Strata,"a=0.94, t0=0.38, t1=0.54",2,4,0.9860156451241028,real
Strata,"a=0.94, t0=0.38, t1=0.54",3,4,0.9946779145770152,real
Strata,"a=0.94, t0=0.38, t1=0.54",4,4,0.9963349314263624,real
Strata,"a=0.94, t0=0.38, t1=0.54",5,4,0.9956442906579934,real
Strata,"a=0.94, t0=0.38, t1=0.54",6,4,0.9952071292333192,real
Strata,"a=0.94, t0=0.38, t1=0.54",7,4,0.9939296956119886,real
Strata,"a=0.94, t0=0.38, t1=0.54",8,4,0.9913572610387008,real
Strata,"a=0.94, t0=0.38, t1=0.54",9,4,0.9900493326690308,real
Strata,"a=0.94, t0=0.38, t1=0.54",10,4,0.9883065644029302,real
Strata,"a=0.94, t0=0.38, t1=0.54",11,4,0.9903293914415964,real
Strata,"a=0.94, t0=0.38, t1=0.54",12,4,0.990321246445416,real
Strata,"a=0.94, t0=0.38, t1=0.54",13,4,0.989208799031934,real
Strata,"a=0.94, t0=0.38, t1=0.54",14,4,0.990222611620964,real
Strata,"a=0.94, t0=0.38, t1=0.54",15,4,0.9901718366389856,real
Strata,"a=0.94, t0=0.38, t1=0.54",16,4,0.9901297871662306,real
Strata,"a=0.94, t0=0.38, t1=0.54",17,4,0.98943520331017,real
Strata,"a=0.94, t0=0.38, t1=0.54",18,4,0.9892355602640776,real
Strata,"a=0.94, t0=0.38, t1=0.54",19,4,0.989095908106487,real
Strata,"a=0.94, t0=0.38, t1=0.54",20,4,0.989137414789068,real
Strata,"a=0.94, t0=0.38, t1=0.54",21,4,0.9889644879172476,real
Strata,"a=0.94, t0=0.38, t1=0.54",22,4,0.9887747314064648,real
Strata,"a=0.94, t0=0.38, t1=0.54",23,4,0.9887331241295656,real
Strata,"a=0.94, t0=0.38, t1=0.54",24,4,0.9886398606225488,real
Strata,"a=0.94, t0=0.38, t1=0.54",25,4,0.9885886822154408,real
Strata,"a=0.94, t0=0.38, t1=0.54",26,4,0.9889080639356024,real
Strata,"a=0.94, t0=0.38, t1=0.54",27,4,0.9877439781055796,real
Strata,"a=0.94, t0=0.38, t1=0.54",0,5,0.9234613427372976,real
Strata,"a=0.94, t0=0.38, t1=0.54",1,5,0.9703131518043324,real
Strata,"a=0.94, t0=0.38, t1=0.54",2,5,0.987632916730816,real
Strata,"a=0.94, t0=0.38, t1=0.54",3,5,0.9957431318323068,real
Strata,"a=0.94, t0=0.38, t1=0.54",4,5,0.9967668218954364,real
Strata,"a=0.94, t0=0.38, t1=0.54",5,5,0.9966944875571164,real
Strata,"a=0.94, t0=0.38, t1=0.54",6,5,0.9960261658146614,real
Strata,"a=0.94, t0=0.38, t1=0.54",7,5,0.9948935392430572,real
Strata,"a=0.94, t0=0.38, t1=0.54",8,5,0.992226250472616,real
Strata,"a=0.94, t0=0.38, t1=0.54",9,5,0.9907781094059444,real
Strata,"a=0.94, t0=0.38, t1=0.54",10,5,0.9896721677184436,real
Strata,"a=0.94, t0=0.38, t1=0.54",11,5,0.991384240080923,real
Strata,"a=0.94, t0=0.38, t1=0.54",12,5,0.991418732884296,real
Strata,"a=0.94, t0=0.38, t1=0.54",13,5,0.9902038965178688,real
Strata,"a=0.94, t0=0.38, t1=0.54",14,5,0.9907361388473462,real
Strata,"a=0.94, t0=0.38, t1=0.54",15,5,0.9906358889417348,real
Strata,"a=0.94, t0=0.38, t1=0.54",16,5,0.9906417019335536,real
Strata,"a=0.94, t0=0.38, t1=0.54",17,5,0.9909810979437516,real
Strata,"a=0.94, t0=0.38, t1=0.54",18,5,0.9909374310522766,real
Strata,"a=0.94, t0=0.38, t1=0.54",19,5,0.9909983401361754,real
Strata,"a=0.94, t0=0.38, t1=0.54",20,5,0.9908155381700658,real
Strata,"a=0.94, t0=0.38, t1=0.54",21,5,0.9906539740390186,real
Strata,"a=0.94, t0=0.38, t1=0.54",22,5,0.9903015682500632,real
Strata,"a=0.94, t0=0.38, t1=0.54",23,5,0.9905094932007276,real
Strata,"a=0.94, t0=0.38, t1=0.54",24,5,0.9904151783555536,real
Strata,"a=0.94, t0=0.38, t1=0.54",25,5,0.9901102677825186,real
Strata,"a=0.94, t0=0.38, t1=0.54",26,5,0.9899352582140226,real
Strata,"a=0.94, t0=0.38, t1=0.54",27,5,0.9890495409428588,real
Strata,"a=0.94, t0=0.38, t1=0.54",0,6,0.9242121303835448,real
Strata,"a=0.94, t0=0.38, t1=0.54",1,6,0.9739994460882132,real
Strata,"a=0.94, t0=0.38, t1=0.54",2,6,0.9881651459429174,real
Strata,"a=0.94, t0=0.38, t1=0.54",3,6,0.9959952275091652,real
Strata,"a=0.94, t0=0.38, t1=0.54",4,6,0.9971669415256884,real
Strata,"a=0.94, t0=0.38, t1=0.54",5,6,0.9965597170257764,real
Strata,"a=0.94, t0=0.38, t1=0.54",6,6,0.9963572212661738,real
Strata,"a=0.94, t0=0.38, t1=0.54",7,6,0.9952269946612492,real
Strata,"a=0.94, t0=0.38, t1=0.54",8,6,0.9925458379649412,real
Strata,"a=0.94, t0=0.38, t1=0.54",9,6,0.9910541723026292,real
Strata,"a=0.94, t0=0.38, t1=0.54",10,6,0.9903578554566622,real
Strata,"a=0.94, t0=0.38, t1=0.54",11,6,0.9918973137167536,real
Strata,"a=0.94, t0=0.38, t1=0.54",12,6,0.9915529155944618,real
Strata,"a=0.94, t0=0.38, t1=0.54",13,6,0.9911355975844938,real
Strata,"a=0.94, t0=0.38, t1=0.54",14,6,0.9901247690680968,real
Strata,"a=0.94, t0=0.38, t1=0.54",15,6,0.9900987182837228,real
Strata,"a=0.94, t0=0.38, t1=0.54",16,6,0.9904895745090538,real
Strata,"a=0.94, t0=0.38, t1=0.54",17,6,0.990328739755904,real
Strata,"a=0.94, t0=0.38, t1=0.54",18,6,0.9902018170464306,real
Strata,"a=0.94, t0=0.38, t1=0.54",19,6,0.990105428943268,real
Strata,"a=0.94, t0=0.38, t1=0.54",20,6,0.9903350102733586,real
Strata,"a=0.94, t0=0.38, t1=0.54",21,6,0.9903885488356904,real
Strata,"a=0.94, t0=0.38, t1=0.54",22,6,0.990248618822061,real
Strata,"a=0.94, t0=0.38, t1=0.54",23,6,0.9903921021289146,real
Strata,"a=0.94, t0=0.38, t1=0.54",24,6,0.9900794766381744,real
Strata,"a=0.94, t0=0.38, t1=0.54",25,6,0.989684735505715,real
Strata,"a=0.94, t0=0.38, t1=0.54",26,6,0.9896068605024028,real
Strata,"a=0.94, t0=0.38, t1=0.54",27,6,0.989033436754532,real
Strata,"a=0.94, t0=0.38, t1=0.54",0,7,0.9207470121806004,real
Strata,"a=0.94, t0=0.38, t1=0.54",1,7,0.9691143032764036,real
Strata,"a=0.94, t0=0.38, t1=0.54",2,7,0.986083045241044,real
Strata,"a=0.94, t0=0.38, t1=0.54",3,7,0.9951528746546814,real
Strata,"a=0.94, t0=0.38, t1=0.54",4,7,0.9965211937617074,real
Strata,"a=0.94, t0=0.38, t1=0.54",5,7,0.9963048153933968,real
Strata,"a=0.94, t0=0.38, t1=0.54",6,7,0.9956746927074156,real
Strata,"a=0.94, t0=0.38, t1=0.54",7,7,0.9949310697929518,real
Strata,"a=0.94, t0=0.38, t1=0.54",8,7,0.992264271457862,real
Strata,"a=0.94, t0=0.38, t1=0.54",9,7,0.9903208274497972,real
Strata,"a=0.94, t0=0.38, t1=0.54",10,7,0.9891826368651992,real
Strata,"a=0.94, t0=0.38, t1=0.54",11,7,0.9919832943676732,real
Strata,"a=0.94, t0=0.38, t1=0.54",12,7,0.9919095861075574,real
Strata,"a=0.94, t0=0.38, t1=0.54",13,7,0.9910936109771564,real
Strata,"a=0.94, t0=0.38, t1=0.54",14,7,0.9915630905639324,real
Strata,"a=0.94, t0=0.38, t1=0.54",15,7,0.9910507529795164,real
Strata,"a=0.94, t0=0.38, t1=0.54",16,7,0.9903684290279466,real
Strata,"a=0.94, t0=0.38, t1=0.54",17,7,0.9903298337659936,real
Strata,"a=0.94, t0=0.38, t1=0.54",18,7,0.990148192832357,real
Strata,"a=0.94, t0=0.38, t1=0.54",19,7,0.9897316792809596,real
Strata,"a=0.94, t0=0.38, t1=0.54",20,7,0.9897641677107004,real
Strata,"a=0.94, t0=0.38, t1=0.54",21,7,0.9898794407327024,real
Strata,"a=0.94, t0=0.38, t1=0.54",22,7,0.989852298226557,real
Strata,"a=0.94, t0=0.38, t1=0.54",23,7,0.9897622041752042,real
Strata,"a=0.94, t0=0.38, t1=0.54",24,7,0.989821963816878,real
Strata,"a=0.94, t0=0.38, t1=0.54",25,7,0.9900214938253512,real
Strata,"a=0.94, t0=0.38, t1=0.54",26,7,0.9894812507668804,real
Strata,"a=0.94, t0=0.38, t1=0.54",27,7,0.9883782349592234,real
Strata,"a=0.94, t0=0.38, t1=0.54",0,8,0.91305804481778,real
Strata,"a=0.94, t0=0.38, t1=0.54",1,8,0.9674462731516364,real
Strata,"a=0.94, t0=0.38, t1=0.54",2,8,0.9854356752770868,real
Strata,"a=0.94, t0=0.38, t1=0.54",3,8,0.9939145765187763,real
Strata,"a=0.94, t0=0.38, t1=0.54",4,8,0.995943722639525,real
Strata,"a=0.94, t0=0.38, t1=0.54",5,8,0.995988296279252,real
Strata,"a=0.94, t0=0.38, t1=0.54",6,8,0.9957294826247808,real
Strata,"a=0.94, t0=0.38, t1=0.54",7,8,0.9938415023842884,real
Strata,"a=0.94, t0=0.38, t1=0.54",8,8,0.9922433750107144,real
Strata,"a=0.94, t0=0.38, t1=0.54",9,8,0.9889565899473132,real
Strata,"a=0.94, t0=0.38, t1=0.54",10,8,0.9883298037182942,real
Strata,"a=0.94, t0=0.38, t1=0.54",11,8,0.9910453935035096,real
Strata,"a=0.94, t0=0.38, t1=0.54",12,8,0.9904317183121374,real
Strata,"a=0.94, t0=0.38, t1=0.54",13,8,0.98937121476707,real
Strata,"a=0.94, t0=0.38, t1=0.54",14,8,0.989168927408897,real
Strata,"a=0.94, t0=0.38, t1=0.54",15,8,0.9893431079598634,real
Strata,"a=0.94, t0=0.38, t1=0.54",16,8,0.989337824230053,real
Strata,"a=0.94, t0=0.38, t1=0.54",17,8,0.9887535249347116,real
Strata,"a=0.94, t0=0.38, t1=0.54",18,8,0.9888599080605092,real
Strata,"a=0.94, t0=0.38, t1=0.54",19,8,0.9887201073958046,real
Strata,"a=0.94, t0=0.38, t1=0.54",20,8,0.9886786238523548,real
Strata,"a=0.94, t0=0.38, t1=0.54",21,8,0.9886692898390635,real
Strata,"a=0.94, t0=0.38, t1=0.54",22,8,0.9885500084505114,real
Strata,"a=0.94, t0=0.38, t1=0.54",23,8,0.988547442190898,real
Strata,"a=0.94, t0=0.38, t1=0.54",24,8,0.9883348962747244,real
Strata,"a=0.94, t0=0.38, t1=0.54",25,8,0.988150348078122,real
Strata,"a=0.94, t0=0.38, t1=0.54",26,8,0.987822806513357,real
Strata,"a=0.94, t0=0.38, t1=0.54",27,8,0.9863315839420927,real
Strata,"a=0.94, t0=0.38, t1=0.54",0,9,0.9262133306117714,real
Strata,"a=0.94, t0=0.38, t1=0.54",1,9,0.970802022156238,real
Strata,"a=0.94, t0=0.38, t1=0.54",2,9,0.9880163884928826,real
Strata,"a=0.94, t0=0.38, t1=0.54",3,9,0.995419060037588,real
Strata,"a=0.94, t0=0.38, t1=0.54",4,9,0.9967275679991358,real
Strata,"a=0.94, t0=0.38, t1=0.54",5,9,0.9967177784981278,real
Strata,"a=0.94, t0=0.38, t1=0.54",6,9,0.9961834736252648,real
Strata,"a=0.94, t0=0.38, t1=0.54",7,9,0.9946532613139012,real
Strata,"a=0.94, t0=0.38, t1=0.54",8,9,0.9918745913007594,real
Strata,"a=0.94, t0=0.38, t1=0.54",9,9,0.9901362797646102,real
Strata,"a=0.94, t0=0.38, t1=0.54",10,9,0.9898344526632558,real
Strata,"a=0.94, t0=0.38, t1=0.54",11,9,0.9915184211894092,real
Strata,"a=0.94, t0=0.38, t1=0.54",12,9,0.9912324387797004,real
Strata,"a=0.94, t0=0.38, t1=0.54",13,9,0.9900060351757538,real
Strata,"a=0.94, t0=0.38, t1=0.54",14,9,0.9907527279950392,real
Strata,"a=0.94, t0=0.38, t1=0.54",15,9,0.9905427195562828,real
Strata,"a=0.94, t0=0.38, t1=0.54",16,9,0.9906782926109396,real
Strata,"a=0.94, t0=0.38, t1=0.54",17,9,0.9904220256255116,real
Strata,"a=0.94, t0=0.38, t1=0.54",18,9,0.9900579882271128,real
Strata,"a=0.94, t0=0.38, t1=0.54",19,9,0.9903175617978048,real
Strata,"a=0.94, t0=0.38, t1=0.54",20,9,0.9899355477096756,real
Strata,"a=0.94, t0=0.38, t1=0.54",21,9,0.9902693068607702,real
Strata,"a=0.94, t0=0.38, t1=0.54",22,9,0.9899595023548188,real
Strata,"a=0.94, t0=0.38, t1=0.54",23,9,0.989870766983568,real
Strata,"a=0.94, t0=0.38, t1=0.54",24,9,0.9898220807528032,real
Strata,"a=0.94, t0=0.38, t1=0.54",25,9,0.9895435037482057,real
Strata,"a=0.94, t0=0.38, t1=0.54",26,9,0.9894327183575512,real
Strata,"a=0.94, t0=0.38, t1=0.54",27,9,0.9884171857798212,real
Strata,"a=0.95, t0=0.38, t1=0.54",0,0,0.9085057290851578,real
Strata,"a=0.95, t0=0.38, t1=0.54",1,0,0.9650438083860228,real
Strata,"a=0.95, t0=0.38, t1=0.54",2,0,0.9839073938839236,real
Strata,"a=0.95, t0=0.38, t1=0.54",3,0,0.9934793600673184,real
Strata,"a=0.95, t0=0.38, t1=0.54",4,0,0.995139547484834,real
Strata,"a=0.95, t0=0.38, t1=0.54",5,0,0.9954494787039272,real
Strata,"a=0.95, t0=0.38, t1=0.54",6,0,0.9939107974247612,real
Strata,"a=0.95, t0=0.38, t1=0.54",7,0,0.992915597713141,real
Strata,"a=0.95, t0=0.38, t1=0.54",8,0,0.9903240281780912,real
Strata,"a=0.95, t0=0.38, t1=0.54",9,0,0.9887656755034092,real
Strata,"a=0.95, t0=0.38, t1=0.54",10,0,0.9879962186174164,real
Strata,"a=0.95, t0=0.38, t1=0.54",11,0,0.989746546822186,real
Strata,"a=0.95, t0=0.38, t1=0.54",12,0,0.990279716875925,real
Strata,"a=0.95, t0=0.38, t1=0.54",13,0,0.9889971651856956,real
Strata,"a=0.95, t0=0.38, t1=0.54",14,0,0.9887097655532786,real
Strata,"a=0.95, t0=0.38, t1=0.54",15,0,0.9889312681527312,real
Strata,"a=0.95, t0=0.38, t1=0.54",16,0,0.9885687093200144,real
Strata,"a=0.95, t0=0.38, t1=0.54",17,0,0.9882080999612454,real
Strata,"a=0.95, t0=0.38, t1=0.54",18,0,0.9880697633644766,real
Strata,"a=0.95, t0=0.38, t1=0.54",19,0,0.988165907568788,real
Strata,"a=0.95, t0=0.38, t1=0.54",20,0,0.988113646263726,real
Strata,"a=0.95, t0=0.38, t1=0.54",21,0,0.9881426159279472,real
Strata,"a=0.95, t0=0.38, t1=0.54",22,0,0.9880883849321702,real
Strata,"a=0.95, t0=0.38, t1=0.54",23,0,0.9879194497773922,real
Strata,"a=0.95, t0=0.38, t1=0.54",24,0,0.9879927230421544,real
Strata,"a=0.95, t0=0.38, t1=0.54",25,0,0.9878822836582598,real
Strata,"a=0.95, t0=0.38, t1=0.54",26,0,0.9880195189225858,real
Strata,"a=0.95, t0=0.38, t1=0.54",27,0,0.987189723651815,real
Strata,"a=0.95, t0=0.38, t1=0.54",0,1,0.8932830979101356,real
Strata,"a=0.95, t0=0.38, t1=0.54",1,1,0.9565314556340766,real
Strata,"a=0.95, t0=0.38, t1=0.54",2,1,0.9798628526454,real
Strata,"a=0.95, t0=0.38, t1=0.54",3,1,0.9907661276368004,real
Strata,"a=0.95, t0=0.38, t1=0.54",4,1,0.9939636124471452,real
Strata,"a=0.95, t0=0.38, t1=0.54",5,1,0.994397016523087,real
Strata,"a=0.95, t0=0.38, t1=0.54",6,1,0.9936271034889104,real
Strata,"a=0.95, t0=0.38, t1=0.54",7,1,0.9915349515444666,real
Strata,"a=0.95, t0=0.38, t1=0.54",8,1,0.9876513590900574,real
Strata,"a=0.95, t0=0.38, t1=0.54",9,1,0.9858934914236694,real
Strata,"a=0.95, t0=0.38, t1=0.54",10,1,0.9833923402486276,real
Strata,"a=0.95, t0=0.38, t1=0.54",11,1,0.9871579662099428,real
Strata,"a=0.95, t0=0.38, t1=0.54",12,1,0.9854215009172697,real
Strata,"a=0.95, t0=0.38, t1=0.54",13,1,0.98466360104682,real
Strata,"a=0.95, t0=0.38, t1=0.54",14,1,0.9853324569051102,real
Strata,"a=0.95, t0=0.38, t1=0.54",15,1,0.9851384328952998,real
Strata,"a=0.95, t0=0.38, t1=0.54",16,1,0.9844562060154566,real
Strata,"a=0.95, t0=0.38, t1=0.54",17,1,0.984298246622113,real
Strata,"a=0.95, t0=0.38, t1=0.54",18,1,0.98438395552571,real
Strata,"a=0.95, t0=0.38, t1=0.54",19,1,0.9845466603208206,real
Strata,"a=0.95, t0=0.38, t1=0.54",20,1,0.983856263353543,real
Strata,"a=0.95, t0=0.38, t1=0.54",21,1,0.9843376081130116,real
Strata,"a=0.95, t0=0.38, t1=0.54",22,1,0.984666614988688,real
Strata,"a=0.95, t0=0.38, t1=0.54",23,1,0.983966948975832,real
Strata,"a=0.95, t0=0.38, t1=0.54",24,1,0.9840259529780498,real
Strata,"a=0.95, t0=0.38, t1=0.54",25,1,0.9839082399226192,real
Strata,"a=0.95, t0=0.38, t1=0.54",26,1,0.9841120169128564,real
Strata,"a=0.95, t0=0.38, t1=0.54",27,1,0.9833797918070768,real
Strata,"a=0.95, t0=0.38, t1=0.54",0,2,0.9122099904310208,real
Strata,"a=0.95, t0=0.38, t1=0.54",1,2,0.965014441813256,real
Strata,"a=0.95, t0=0.38, t1=0.54",2,2,0.9826754053803368,real
Strata,"a=0.95, t0=0.38, t1=0.54",3,2,0.99226829665605,real
Strata,"a=0.95, t0=0.38, t1=0.54",4,2,0.9951415449257276,real
Strata,"a=0.95, t0=0.38, t1=0.54",5,2,0.995359182383902,real
Strata,"a=0.95, t0=0.38, t1=0.54",6,2,0.9942765397631906,real
Strata,"a=0.95, t0=0.38, t1=0.54",7,2,0.9925151462581072,real
Strata,"a=0.95, t0=0.38, t1=0.54",8,2,0.9889827519553626,real
Strata,"a=0.95, t0=0.38, t1=0.54",9,2,0.987468447030126,real
Strata,"a=0.95, t0=0.38, t1=0.54",10,2,0.985362421535112,real
Strata,"a=0.95, t0=0.38, t1=0.54",11,2,0.9894342792886244,real
Strata,"a=0.95, t0=0.38, t1=0.54",12,2,0.9889711094970944,real
Strata,"a=0.95, t0=0.38, t1=0.54",13,2,0.9874714303980118,real
Strata,"a=0.95, t0=0.38, t1=0.54",14,2,0.9887946070545256,real
Strata,"a=0.95, t0=0.38, t1=0.54",15,2,0.9889197504720352,real
Strata,"a=0.95, t0=0.38, t1=0.54",16,2,0.988048824827492,real
Strata,"a=0.95, t0=0.38, t1=0.54",17,2,0.9877373037884424,real
Strata,"a=0.95, t0=0.38, t1=0.54",18,2,0.987457850099686,real
Strata,"a=0.95, t0=0.38, t1=0.54",19,2,0.9868381546742576,real
Strata,"a=0.95, t0=0.38, t1=0.54",20,2,0.9870298813510736,real
Strata,"a=0.95, t0=0.38, t1=0.54",21,2,0.986963174748392,real
Strata,"a=0.95, t0=0.38, t1=0.54",22,2,0.9865487785891442,real
Strata,"a=0.95, t0=0.38, t1=0.54",23,2,0.9866609882974272,real
Strata,"a=0.95, t0=0.38, t1=0.54",24,2,0.986449106542219,real
Strata,"a=0.95, t0=0.38, t1=0.54",25,2,0.9867140722024984,real
Strata,"a=0.95, t0=0.38, t1=0.54",26,2,0.9863051021881362,real
Strata,"a=0.95, t0=0.38, t1=0.54",27,2,0.9850708667049112,real
Strata,"a=0.95, t0=0.38, t1=0.54",0,3,0.91038894925354,real
Strata,"a=0.95, t0=0.38, t1=0.54",1,3,0.9650304626440752,real
Strata,"a=0.95, t0=0.38, t1=0.54",2,3,0.9830111999481544,real
Strata,"a=0.95, t0=0.38, t1=0.54",3,3,0.993144021003241,real
Strata,"a=0.95, t0=0.38, t1=0.54",4,3,0.9952689916801762,real
Strata,"a=0.95, t0=0.38, t1=0.54",5,3,0.9954995053916246,real
Strata,"a=0.95, t0=0.38, t1=0.54",6,3,0.9948798249949182,real
Strata,"a=0.95, t0=0.38, t1=0.54",7,3,0.9927209527214138,real
Strata,"a=0.95, t0=0.38, t1=0.54",8,3,0.9896307851803572,real
Strata,"a=0.95, t0=0.38, t1=0.54",9,3,0.987894302957826,real
Strata,"a=0.95, t0=0.38, t1=0.54",10,3,0.9869093980880772,real
Strata,"a=0.95, t0=0.38, t1=0.54",11,3,0.9894128845735656,real
Strata,"a=0.95, t0=0.38, t1=0.54",12,3,0.9887872942853828,real
Strata,"a=0.95, t0=0.38, t1=0.54",13,3,0.9887776796999548,real
Strata,"a=0.95, t0=0.38, t1=0.54",14,3,0.9878651409256106,real
Strata,"a=0.95, t0=0.38, t1=0.54",15,3,0.9877276135167484,real
Strata,"a=0.95, t0=0.38, t1=0.54",16,3,0.987790742032144,real
Strata,"a=0.95, t0=0.38, t1=0.54",17,3,0.9876958768595876,real
Strata,"a=0.95, t0=0.38, t1=0.54",18,3,0.9875947389988834,real
Strata,"a=0.95, t0=0.38, t1=0.54",19,3,0.98808504686022,real
Strata,"a=0.95, t0=0.38, t1=0.54",20,3,0.9878559260795964,real
Strata,"a=0.95, t0=0.38, t1=0.54",21,3,0.9880175477342664,real
Strata,"a=0.95, t0=0.38, t1=0.54",22,3,0.9873585157392905,real
Strata,"a=0.95, t0=0.38, t1=0.54",23,3,0.9873896878355728,real
Strata,"a=0.95, t0=0.38, t1=0.54",24,3,0.9869447702899542,real
Strata,"a=0.95, t0=0.38, t1=0.54",25,3,0.9868534516206338,real
Strata,"a=0.95, t0=0.38, t1=0.54",26,3,0.987051121813535,real
Strata,"a=0.95, t0=0.38, t1=0.54",27,3,0.9853145477077736,real
Strata,"a=0.95, t0=0.38, t1=0.54",0,4,0.9147383265034356,real
Strata,"a=0.95, t0=0.38, t1=0.54",1,4,0.9629355190416834,real
Strata,"a=0.95, t0=0.38, t1=0.54",2,4,0.9826345492846832,real
Strata,"a=0.95, t0=0.38, t1=0.54",3,4,0.9923776627741572,real
Strata,"a=0.95, t0=0.38, t1=0.54",4,4,0.9946578149036868,real
Strata,"a=0.95, t0=0.38, t1=0.54",5,4,0.9954901962535128,real
Strata,"a=0.95, t0=0.38, t1=0.54",6,4,0.9932042478366608,real
Strata,"a=0.95, t0=0.38, t1=0.54",7,4,0.9917693582277096,real
Strata,"a=0.95, t0=0.38, t1=0.54",8,4,0.9888902033953052,real
Strata,"a=0.95, t0=0.38, t1=0.54",9,4,0.9878856109959016,real
Strata,"a=0.95, t0=0.38, t1=0.54",10,4,0.987001042940828,real
Strata,"a=0.95, t0=0.38, t1=0.54",11,4,0.9895516479207006,real
Strata,"a=0.95, t0=0.38, t1=0.54",12,4,0.9894094060717408,real
Strata,"a=0.95, t0=0.38, t1=0.54",13,4,0.9878156656159744,real
Strata,"a=0.95, t0=0.38, t1=0.54",14,4,0.988386610455952,real
Strata,"a=0.95, t0=0.38, t1=0.54",15,4,0.9873890147980884,real
Strata,"a=0.95, t0=0.38, t1=0.54",16,4,0.9877338076680194,real
Strata,"a=0.95, t0=0.38, t1=0.54",17,4,0.9876766831008116,real
Strata,"a=0.95, t0=0.38, t1=0.54",18,4,0.9873768397205188,real
Strata,"a=0.95, t0=0.38, t1=0.54",19,4,0.9878120345533375,real
Strata,"a=0.95, t0=0.38, t1=0.54",20,4,0.9881632244167322,real
Strata,"a=0.95, t0=0.38, t1=0.54",21,4,0.988131865065221,real
Strata,"a=0.95, t0=0.38, t1=0.54",22,4,0.9873677879316554,real
Strata,"a=0.95, t0=0.38, t1=0.54",23,4,0.9871528165687254,real
Strata,"a=0.95, t0=0.38, t1=0.54",24,4,0.9870615331869392,real
Strata,"a=0.95, t0=0.38, t1=0.54",25,4,0.9867129281802712,real
Strata,"a=0.95, t0=0.38, t1=0.54",26,4,0.9870100870651792,real
Strata,"a=0.95, t0=0.38, t1=0.54",27,4,0.98612185728942,real
Strata,"a=0.95, t0=0.38, t1=0.54",0,5,0.9107676075637332,real
Strata,"a=0.95, t0=0.38, t1=0.54",1,5,0.9655862318570494,real
Strata,"a=0.95, t0=0.38, t1=0.54",2,5,0.983958589512396,real
Strata,"a=0.95, t0=0.38, t1=0.54",3,5,0.993810958743398,real
Strata,"a=0.95, t0=0.38, t1=0.54",4,5,0.9955879756976976,real
Strata,"a=0.95, t0=0.38, t1=0.54",5,5,0.9960225276533076,real
Strata,"a=0.95, t0=0.38, t1=0.54",6,5,0.9952461093056784,real
Strata,"a=0.95, t0=0.38, t1=0.54",7,5,0.994189185591824,real
Strata,"a=0.95, t0=0.38, t1=0.54",8,5,0.9909734991338492,real
Strata,"a=0.95, t0=0.38, t1=0.54",9,5,0.989508316201843,real
Strata,"a=0.95, t0=0.38, t1=0.54",10,5,0.9883011744370732,real
Strata,"a=0.95, t0=0.38, t1=0.54",11,5,0.9904707570902168,real
Strata,"a=0.95, t0=0.38, t1=0.54",12,5,0.9897822509879044,real
Strata,"a=0.95, t0=0.38, t1=0.54",13,5,0.9894312115107368,real
Strata,"a=0.95, t0=0.38, t1=0.54",14,5,0.989686504579998,real
Strata,"a=0.95, t0=0.38, t1=0.54",15,5,0.9892867357830232,real
Strata,"a=0.95, t0=0.38, t1=0.54",16,5,0.9890096003736856,real
Strata,"a=0.95, t0=0.38, t1=0.54",17,5,0.9886197735672696,real
Strata,"a=0.95, t0=0.38, t1=0.54",18,5,0.9884872272592218,real
Strata,"a=0.95, t0=0.38, t1=0.54",19,5,0.9881742774277542,real
Strata,"a=0.95, t0=0.38, t1=0.54",20,5,0.9882219989824363,real
Strata,"a=0.95, t0=0.38, t1=0.54",21,5,0.9876858708430232,real
Strata,"a=0.95, t0=0.38, t1=0.54",22,5,0.9876137293951568,real
Strata,"a=0.95, t0=0.38, t1=0.54",23,5,0.9878610330187888,real
Strata,"a=0.95, t0=0.38, t1=0.54",24,5,0.9873459351933224,real
Strata,"a=0.95, t0=0.38, t1=0.54",25,5,0.9872639147402176,real
Strata,"a=0.95, t0=0.38, t1=0.54",26,5,0.9870245705230624,real
Strata,"a=0.95, t0=0.38, t1=0.54",27,5,0.9857476933496618,real
Strata,"a=0.95, t0=0.38, t1=0.54",0,6,0.9089103323981256,real
Strata,"a=0.95, t0=0.38, t1=0.54",1,6,0.965996356303274,real
Strata,"a=0.95, t0=0.38, t1=0.54",2,6,0.9827047719328956,real
Strata,"a=0.95, t0=0.38, t1=0.54",3,6,0.992533750608348,real
Strata,"a=0.95, t0=0.38, t1=0.54",4,6,0.9951570379599428,real
Strata,"a=0.95, t0=0.38, t1=0.54",5,6,0.9950987371258836,real
Strata,"a=0.95, t0=0.38, t1=0.54",6,6,0.994533429216423,real
Strata,"a=0.95, t0=0.38, t1=0.54",7,6,0.99283943922929,real
Strata,"a=0.95, t0=0.38, t1=0.54",8,6,0.9893104589296292,real
Strata,"a=0.95, t0=0.38, t1=0.54",9,6,0.9873771421723369,real
Strata,"a=0.95, t0=0.38, t1=0.54",10,6,0.9848990280320202,real
Strata,"a=0.95, t0=0.38, t1=0.54",11,6,0.989387282286954,real
Strata,"a=0.95, t0=0.38, t1=0.54",12,6,0.9887499889747458,real
Strata,"a=0.95, t0=0.38, t1=0.54",13,6,0.987814956173116,real
Strata,"a=0.95, t0=0.38, t1=0.54",14,6,0.9881596720814316,real
Strata,"a=0.95, t0=0.38, t1=0.54",15,6,0.9873301724761588,real
Strata,"a=0.95, t0=0.38, t1=0.54",16,6,0.9873128912543904,real
Strata,"a=0.95, t0=0.38, t1=0.54",17,6,0.986483312897301,real
Strata,"a=0.95, t0=0.38, t1=0.54",18,6,0.9857520446583804,real
Strata,"a=0.95, t0=0.38, t1=0.54",19,6,0.9861042784840018,real
Strata,"a=0.95, t0=0.38, t1=0.54",20,6,0.985822621652118,real
Strata,"a=0.95, t0=0.38, t1=0.54",21,6,0.986051625211608,real
Strata,"a=0.95, t0=0.38, t1=0.54",22,6,0.985807866250804,real
Strata,"a=0.95, t0=0.38, t1=0.54",23,6,0.9861453504374392,real
Strata,"a=0.95, t0=0.38, t1=0.54",24,6,0.9863996842305705,real
Strata,"a=0.95, t0=0.38, t1=0.54",25,6,0.9866100812328444,real
Strata,"a=0.95, t0=0.38, t1=0.54",26,6,0.9863269098690762,real
Strata,"a=0.95, t0=0.38, t1=0.54",27,6,0.9853035684299656,real
Strata,"a=0.95, t0=0.38, t1=0.54",0,7,0.9081645175280302,real
Strata,"a=0.95, t0=0.38, t1=0.54",1,7,0.9627657306452516,real
Strata,"a=0.95, t0=0.38, t1=0.54",2,7,0.9829100936398912,real
Strata,"a=0.95, t0=0.38, t1=0.54",3,7,0.992878351542809,real
Strata,"a=0.95, t0=0.38, t1=0.54",4,7,0.9951311826723284,real
Strata,"a=0.95, t0=0.38, t1=0.54",5,7,0.9952715047380314,real
Strata,"a=0.95, t0=0.38, t1=0.54",6,7,0.9947906702231606,real
Strata,"a=0.95, t0=0.38, t1=0.54",7,7,0.9925533465780932,real
Strata,"a=0.95, t0=0.38, t1=0.54",8,7,0.9886725172491768,real
Strata,"a=0.95, t0=0.38, t1=0.54",9,7,0.9868767607026212,real
Strata,"a=0.95, t0=0.38, t1=0.54",10,7,0.9864332432629628,real
Strata,"a=0.95, t0=0.38, t1=0.54",11,7,0.9889689420288296,real
Strata,"a=0.95, t0=0.38, t1=0.54",12,7,0.9883438755799232,real
Strata,"a=0.95, t0=0.38, t1=0.54",13,7,0.987549685448361,real
Strata,"a=0.95, t0=0.38, t1=0.54",14,7,0.98787443223703,real
Strata,"a=0.95, t0=0.38, t1=0.54",15,7,0.9878600468997772,real
Strata,"a=0.95, t0=0.38, t1=0.54",16,7,0.9870947879566672,real
Strata,"a=0.95, t0=0.38, t1=0.54",17,7,0.9867712527582098,real
Strata,"a=0.95, t0=0.38, t1=0.54",18,7,0.9875493760238856,real
Strata,"a=0.95, t0=0.38, t1=0.54",19,7,0.9867064186610932,real
Strata,"a=0.95, t0=0.38, t1=0.54",20,7,0.9862960579878794,real
Strata,"a=0.95, t0=0.38, t1=0.54",21,7,0.9862619333029974,real
Strata,"a=0.95, t0=0.38, t1=0.54",22,7,0.9861162746320448,real
Strata,"a=0.95, t0=0.38, t1=0.54",23,7,0.9859125669625508,real
Strata,"a=0.95, t0=0.38, t1=0.54",24,7,0.9860612899027617,real
Strata,"a=0.95, t0=0.38, t1=0.54",25,7,0.9861809636864386,real
Strata,"a=0.95, t0=0.38, t1=0.54",26,7,0.986227587186225,real
Strata,"a=0.95, t0=0.38, t1=0.54",27,7,0.985734678831628,real
Strata,"a=0.95, t0=0.38, t1=0.54",0,8,0.907797107651,real
Strata,"a=0.95, t0=0.38, t1=0.54",1,8,0.963645722958936,real
Strata,"a=0.95, t0=0.38, t1=0.54",2,8,0.9822153163771464,real
Strata,"a=0.95, t0=0.38, t1=0.54",3,8,0.9920533815803754,real
Strata,"a=0.95, t0=0.38, t1=0.54",4,8,0.9946194225404784,real
Strata,"a=0.95, t0=0.38, t1=0.54",5,8,0.9943546602241256,real
Strata,"a=0.95, t0=0.38, t1=0.54",6,8,0.9941113271919948,real
Strata,"a=0.95, t0=0.38, t1=0.54",7,8,0.992202228556667,real
Strata,"a=0.95, t0=0.38, t1=0.54",8,8,0.9897065848508636,real
Strata,"a=0.95, t0=0.38, t1=0.54",9,8,0.9880273429105974,real
Strata,"a=0.95, t0=0.38, t1=0.54",10,8,0.98608475223212,real
Strata,"a=0.95, t0=0.38, t1=0.54",11,8,0.9893871896234592,real
Strata,"a=0.95, t0=0.38, t1=0.54",12,8,0.9893388786821826,real
Strata,"a=0.95, t0=0.38, t1=0.54",13,8,0.9884118361651532,real
Strata,"a=0.95, t0=0.38, t1=0.54",14,8,0.9885536036561102,real
Strata,"a=0.95, t0=0.38, t1=0.54",15,8,0.9877129449669584,real
Strata,"a=0.95, t0=0.38, t1=0.54",16,8,0.9880915346244904,real
Strata,"a=0.95, t0=0.38, t1=0.54",17,8,0.987485645853128,real
Strata,"a=0.95, t0=0.38, t1=0.54",18,8,0.9876985618335216,real
Strata,"a=0.95, t0=0.38, t1=0.54",19,8,0.9874046728506732,real
Strata,"a=0.95, t0=0.38, t1=0.54",20,8,0.9873893138362226,real
Strata,"a=0.95, t0=0.38, t1=0.54",21,8,0.9872382870702606,real
Strata,"a=0.95, t0=0.38, t1=0.54",22,8,0.986897808948083,real
Strata,"a=0.95, t0=0.38, t1=0.54",23,8,0.9867061546129452,real
Strata,"a=0.95, t0=0.38, t1=0.54",24,8,0.986653029003261,real
Strata,"a=0.95, t0=0.38, t1=0.54",25,8,0.9866371318049246,real
Strata,"a=0.95, t0=0.38, t1=0.54",26,8,0.9865497972177226,real
Strata,"a=0.95, t0=0.38, t1=0.54",27,8,0.9851292642328672,real
Strata,"a=0.95, t0=0.38, t1=0.54",0,9,0.9156063731082056,real
Strata,"a=0.95, t0=0.38, t1=0.54",1,9,0.9651519871651666,real
Strata,"a=0.95, t0=0.38, t1=0.54",2,9,0.9844925267503752,real
Strata,"a=0.95, t0=0.38, t1=0.54",3,9,0.9933166250133294,real
Strata,"a=0.95, t0=0.38, t1=0.54",4,9,0.9950464673338554,real
Strata,"a=0.95, t0=0.38, t1=0.54",5,9,0.99524544283364,real
Strata,"a=0.95, t0=0.38, t1=0.54",6,9,0.9946013304936624,real
Strata,"a=0.95, t0=0.38, t1=0.54",7,9,0.9927116720227558,real
Strata,"a=0.95, t0=0.38, t1=0.54",8,9,0.9897593210996296,real
Strata,"a=0.95, t0=0.38, t1=0.54",9,9,0.9883360752901286,real
Strata,"a=0.95, t0=0.38, t1=0.54",10,9,0.986165555655424,real
Strata,"a=0.95, t0=0.38, t1=0.54",11,9,0.9895033125563408,real
Strata,"a=0.95, t0=0.38, t1=0.54",12,9,0.9886583281419324,real
Strata,"a=0.95, t0=0.38, t1=0.54",13,9,0.9877259195972532,real
Strata,"a=0.95, t0=0.38, t1=0.54",14,9,0.9879185113672648,real
Strata,"a=0.95, t0=0.38, t1=0.54",15,9,0.9875856611119428,real
Strata,"a=0.95, t0=0.38, t1=0.54",16,9,0.9875811280643926,real
Strata,"a=0.95, t0=0.38, t1=0.54",17,9,0.9871394181706844,real
Strata,"a=0.95, t0=0.38, t1=0.54",18,9,0.986812291356184,real
Strata,"a=0.95, t0=0.38, t1=0.54",19,9,0.987176089026836,real
Strata,"a=0.95, t0=0.38, t1=0.54",20,9,0.986599000229994,real
Strata,"a=0.95, t0=0.38, t1=0.54",21,9,0.9867824125787168,real
Strata,"a=0.95, t0=0.38, t1=0.54",22,9,0.9862147720016444,real
Strata,"a=0.95, t0=0.38, t1=0.54",23,9,0.9861681228214024,real
Strata,"a=0.95, t0=0.38, t1=0.54",24,9,0.9861075729197268,real
Strata,"a=0.95, t0=0.38, t1=0.54",25,9,0.9865201720316272,real
Strata,"a=0.95, t0=0.38, t1=0.54",26,9,0.9863190789242988,real
Strata,"a=0.95, t0=0.38, t1=0.54",27,9,0.9853261935311898,real
Strata,"a=0.96, t0=0.38, t1=0.54",0,0,0.906328741324814,real
Strata,"a=0.96, t0=0.38, t1=0.54",1,0,0.9640742154415556,real
Strata,"a=0.96, t0=0.38, t1=0.54",2,0,0.981610382096722,real
Strata,"a=0.96, t0=0.38, t1=0.54",3,0,0.9915485792502292,real
Strata,"a=0.96, t0=0.38, t1=0.54",4,0,0.9936166429896164,real
Strata,"a=0.96, t0=0.38, t1=0.54",5,0,0.993969290714542,real
Strata,"a=0.96, t0=0.38, t1=0.54",6,0,0.9929556567574854,real
Strata,"a=0.96, t0=0.38, t1=0.54",7,0,0.9906216395434608,real
Strata,"a=0.96, t0=0.38, t1=0.54",8,0,0.988488336928659,real
Strata,"a=0.96, t0=0.38, t1=0.54",9,0,0.9858427007494576,real
Strata,"a=0.96, t0=0.38, t1=0.54",10,0,0.9860368260155936,real
Strata,"a=0.96, t0=0.38, t1=0.54",11,0,0.9887222341417314,real
Strata,"a=0.96, t0=0.38, t1=0.54",12,0,0.98874661691308,real
Strata,"a=0.96, t0=0.38, t1=0.54",13,0,0.98797497001354,real
Strata,"a=0.96, t0=0.38, t1=0.54",14,0,0.9881101632881516,real
Strata,"a=0.96, t0=0.38, t1=0.54",15,0,0.9877377712449192,real
Strata,"a=0.96, t0=0.38, t1=0.54",16,0,0.987411489033035,real
Strata,"a=0.96, t0=0.38, t1=0.54",17,0,0.9869232747355504,real
Strata,"a=0.96, t0=0.38, t1=0.54",18,0,0.9871683433310244,real
Strata,"a=0.96, t0=0.38, t1=0.54",19,0,0.9865034251994064,real
Strata,"a=0.96, t0=0.38, t1=0.54",20,0,0.9866053747202512,real
Strata,"a=0.96, t0=0.38, t1=0.54",21,0,0.9872993463684694,real
Strata,"a=0.96, t0=0.38, t1=0.54",22,0,0.9869212381735076,real
Strata,"a=0.96, t0=0.38, t1=0.54",23,0,0.9866124023662683,real
Strata,"a=0.96, t0=0.38, t1=0.54",24,0,0.9861612603869658,real
Strata,"a=0.96, t0=0.38, t1=0.54",25,0,0.9860754096092028,real
Strata,"a=0.96, t0=0.38, t1=0.54",26,0,0.9859219673608872,real
Strata,"a=0.96, t0=0.38, t1=0.54",27,0,0.9847675079372358,real
Strata,"a=0.96, t0=0.38, t1=0.54",0,1,0.8810759183503497,real
Strata,"a=0.96, t0=0.38, t1=0.54",1,1,0.9494316173942297,real
Strata,"a=0.96, t0=0.38, t1=0.54",2,1,0.974633552703974,real
Strata,"a=0.96, t0=0.38, t1=0.54",3,1,0.9882473321482644,real
Strata,"a=0.96, t0=0.38, t1=0.54",4,1,0.99224444687622,real
Strata,"a=0.96, t0=0.38, t1=0.54",5,1,0.9924132014338602,real
Strata,"a=0.96, t0=0.38, t1=0.54",6,1,0.9916628751761696,real
Strata,"a=0.96, t0=0.38, t1=0.54",7,1,0.990167732505524,real
Strata,"a=0.96, t0=0.38, t1=0.54",8,1,0.9857841007607688,real
Strata,"a=0.96, t0=0.38, t1=0.54",9,1,0.9827330571810904,real
Strata,"a=0.96, t0=0.38, t1=0.54",10,1,0.98241063084547,real
Strata,"a=0.96, t0=0.38, t1=0.54",11,1,0.985452652202068,real
Strata,"a=0.96, t0=0.38, t1=0.54",12,1,0.9860745085643798,real
Strata,"a=0.96, t0=0.38, t1=0.54",13,1,0.9843590311740564,real
Strata,"a=0.96, t0=0.38, t1=0.54",14,1,0.9852135596553752,real
Strata,"a=0.96, t0=0.38, t1=0.54",15,1,0.9846222986984268,real
Strata,"a=0.96, t0=0.38, t1=0.54",16,1,0.9842035468634478,real
Strata,"a=0.96, t0=0.38, t1=0.54",17,1,0.9845940088309316,real
Strata,"a=0.96, t0=0.38, t1=0.54",18,1,0.9838317382149556,real
Strata,"a=0.96, t0=0.38, t1=0.54",19,1,0.983282538556663,real
Strata,"a=0.96, t0=0.38, t1=0.54",20,1,0.9831385810266298,real
Strata,"a=0.96, t0=0.38, t1=0.54",21,1,0.9829527657613948,real
Strata,"a=0.96, t0=0.38, t1=0.54",22,1,0.9832748958394888,real
Strata,"a=0.96, t0=0.38, t1=0.54",23,1,0.983332769656436,real
Strata,"a=0.96, t0=0.38, t1=0.54",24,1,0.9832757936997228,real
Strata,"a=0.96, t0=0.38, t1=0.54",25,1,0.9824935066166264,real
Strata,"a=0.96, t0=0.38, t1=0.54",26,1,0.982678633037674,real
Strata,"a=0.96, t0=0.38, t1=0.54",27,1,0.9806308246774276,real
Strata,"a=0.96, t0=0.38, t1=0.54",0,2,0.908431312886936,real
Strata,"a=0.96, t0=0.38, t1=0.54",1,2,0.9599066960479994,real
Strata,"a=0.96, t0=0.38, t1=0.54",2,2,0.9791433924291424,real
Strata,"a=0.96, t0=0.38, t1=0.54",3,2,0.9901130117529104,real
Strata,"a=0.96, t0=0.38, t1=0.54",4,2,0.9918850401987994,real
Strata,"a=0.96, t0=0.38, t1=0.54",5,2,0.9924353236296878,real
Strata,"a=0.96, t0=0.38, t1=0.54",6,2,0.9914556022154378,real
Strata,"a=0.96, t0=0.38, t1=0.54",7,2,0.9900891100071728,real
Strata,"a=0.96, t0=0.38, t1=0.54",8,2,0.9868658285757936,real
Strata,"a=0.96, t0=0.38, t1=0.54",9,2,0.9853385510750784,real
Strata,"a=0.96, t0=0.38, t1=0.54",10,2,0.9845692479049412,real
Strata,"a=0.96, t0=0.38, t1=0.54",11,2,0.9879004624336286,real
Strata,"a=0.96, t0=0.38, t1=0.54",12,2,0.9880236578783576,real
Strata,"a=0.96, t0=0.38, t1=0.54",13,2,0.9871120013113894,real
Strata,"a=0.96, t0=0.38, t1=0.54",14,2,0.9867918617821332,real
Strata,"a=0.96, t0=0.38, t1=0.54",15,2,0.9864338721366488,real
Strata,"a=0.96, t0=0.38, t1=0.54",16,2,0.9860064497602066,real
Strata,"a=0.96, t0=0.38, t1=0.54",17,2,0.9858887747031706,real
Strata,"a=0.96, t0=0.38, t1=0.54",18,2,0.9861291052951842,real
Strata,"a=0.96, t0=0.38, t1=0.54",19,2,0.9858045900542916,real
Strata,"a=0.96, t0=0.38, t1=0.54",20,2,0.985401392864062,real
Strata,"a=0.96, t0=0.38, t1=0.54",21,2,0.9853103140477636,real
Strata,"a=0.96, t0=0.38, t1=0.54",22,2,0.9852359244230656,real
Strata,"a=0.96, t0=0.38, t1=0.54",23,2,0.9851308921825191,real
Strata,"a=0.96, t0=0.38, t1=0.54",24,2,0.9853597431645438,real
Strata,"a=0.96, t0=0.38, t1=0.54",25,2,0.9849696301522854,real
Strata,"a=0.96, t0=0.38, t1=0.54",26,2,0.9851201967472238,real
Strata,"a=0.96, t0=0.38, t1=0.54",27,2,0.984020726550808,real
Strata,"a=0.96, t0=0.38, t1=0.54",0,3,0.899658901467639,real
Strata,"a=0.96, t0=0.38, t1=0.54",1,3,0.9593171568121348,real
Strata,"a=0.96, t0=0.38, t1=0.54",2,3,0.9778196815372636,real
Strata,"a=0.96, t0=0.38, t1=0.54",3,3,0.9888567332659864,real
Strata,"a=0.96, t0=0.38, t1=0.54",4,3,0.9919209785919082,real
Strata,"a=0.96, t0=0.38, t1=0.54",5,3,0.992050185666666,real
Strata,"a=0.96, t0=0.38, t1=0.54",6,3,0.992673881536404,real
Strata,"a=0.96, t0=0.38, t1=0.54",7,3,0.9899189535344072,real
Strata,"a=0.96, t0=0.38, t1=0.54",8,3,0.9872154360138956,real
Strata,"a=0.96, t0=0.38, t1=0.54",9,3,0.9852997804248588,real
Strata,"a=0.96, t0=0.38, t1=0.54",10,3,0.9847995809145026,real
Strata,"a=0.96, t0=0.38, t1=0.54",11,3,0.9880919362525724,real
Strata,"a=0.96, t0=0.38, t1=0.54",12,3,0.9877518412754192,real
Strata,"a=0.96, t0=0.38, t1=0.54",13,3,0.9864567530162056,real
Strata,"a=0.96, t0=0.38, t1=0.54",14,3,0.9865048216781576,real
Strata,"a=0.96, t0=0.38, t1=0.54",15,3,0.9866468878462792,real
Strata,"a=0.96, t0=0.38, t1=0.54",16,3,0.986316395718112,real
Strata,"a=0.96, t0=0.38, t1=0.54",17,3,0.985873539461174,real
Strata,"a=0.96, t0=0.38, t1=0.54",18,3,0.985523004315052,real
Strata,"a=0.96, t0=0.38, t1=0.54",19,3,0.9850808572347872,real
Strata,"a=0.96, t0=0.38, t1=0.54",20,3,0.9848538539946504,real
Strata,"a=0.96, t0=0.38, t1=0.54",21,3,0.9847407034521428,real
Strata,"a=0.96, t0=0.38, t1=0.54",22,3,0.9844210806852628,real
Strata,"a=0.96, t0=0.38, t1=0.54",23,3,0.9845188750952544,real
Strata,"a=0.96, t0=0.38, t1=0.54",24,3,0.9837796953337692,real
Strata,"a=0.96, t0=0.38, t1=0.54",25,3,0.9836711017780028,real
Strata,"a=0.96, t0=0.38, t1=0.54",26,3,0.983691625772216,real
Strata,"a=0.96, t0=0.38, t1=0.54",27,3,0.9828589593224124,real
Strata,"a=0.96, t0=0.38, t1=0.54",0,4,0.9026543360446512,real
Strata,"a=0.96, t0=0.38, t1=0.54",1,4,0.9562089160721836,real
Strata,"a=0.96, t0=0.38, t1=0.54",2,4,0.9769027435071576,real
Strata,"a=0.96, t0=0.38, t1=0.54",3,4,0.9882397214343408,real
Strata,"a=0.96, t0=0.38, t1=0.54",4,4,0.9913511969346298,real
Strata,"a=0.96, t0=0.38, t1=0.54",5,4,0.992273714753428,real
Strata,"a=0.96, t0=0.38, t1=0.54",6,4,0.9901363986538808,real
Strata,"a=0.96, t0=0.38, t1=0.54",7,4,0.987891479858112,real
Strata,"a=0.96, t0=0.38, t1=0.54",8,4,0.985212938534347,real
Strata,"a=0.96, t0=0.38, t1=0.54",9,4,0.9845775884342556,real
Strata,"a=0.96, t0=0.38, t1=0.54",10,4,0.9831157886734057,real
Strata,"a=0.96, t0=0.38, t1=0.54",11,4,0.9871451546469698,real
Strata,"a=0.96, t0=0.38, t1=0.54",12,4,0.9873101653485856,real
Strata,"a=0.96, t0=0.38, t1=0.54",13,4,0.986287976942668,real
Strata,"a=0.96, t0=0.38, t1=0.54",14,4,0.9871340091034768,real
Strata,"a=0.96, t0=0.38, t1=0.54",15,4,0.9871964359860056,real
Strata,"a=0.96, t0=0.38, t1=0.54",16,4,0.9870736980138026,real
Strata,"a=0.96, t0=0.38, t1=0.54",17,4,0.9869374872950952,real
Strata,"a=0.96, t0=0.38, t1=0.54",18,4,0.9866789445116868,real
Strata,"a=0.96, t0=0.38, t1=0.54",19,4,0.9860117442029372,real
Strata,"a=0.96, t0=0.38, t1=0.54",20,4,0.9857475829831884,real
Strata,"a=0.96, t0=0.38, t1=0.54",21,4,0.985233602608762,real
Strata,"a=0.96, t0=0.38, t1=0.54",22,4,0.9849946364059196,real
Strata,"a=0.96, t0=0.38, t1=0.54",23,4,0.9848714400964956,real
Strata,"a=0.96, t0=0.38, t1=0.54",24,4,0.9846379468798052,real
Strata,"a=0.96, t0=0.38, t1=0.54",25,4,0.9848714045795892,real
Strata,"a=0.96, t0=0.38, t1=0.54",26,4,0.9851528033379237,real
Strata,"a=0.96, t0=0.38, t1=0.54",27,4,0.9848765426920522,real
Strata,"a=0.96, t0=0.38, t1=0.54",0,5,0.9001173395767316,real
Strata,"a=0.96, t0=0.38, t1=0.54",1,5,0.9578035946695336,real
Strata,"a=0.96, t0=0.38, t1=0.54",2,5,0.9783358526199638,real
Strata,"a=0.96, t0=0.38, t1=0.54",3,5,0.9910318264769128,real
Strata,"a=0.96, t0=0.38, t1=0.54",4,5,0.993449729356468,real
Strata,"a=0.96, t0=0.38, t1=0.54",5,5,0.994172588080721,real
Strata,"a=0.96, t0=0.38, t1=0.54",6,5,0.9935345824255885,real
Strata,"a=0.96, t0=0.38, t1=0.54",7,5,0.9907519071483136,real
Strata,"a=0.96, t0=0.38, t1=0.54",8,5,0.9880726431643276,real
Strata,"a=0.96, t0=0.38, t1=0.54",9,5,0.9860283216387504,real
Strata,"a=0.96, t0=0.38, t1=0.54",10,5,0.9853129774502036,real
Strata,"a=0.96, t0=0.38, t1=0.54",11,5,0.9885952955239928,real
Strata,"a=0.96, t0=0.38, t1=0.54",12,5,0.9883894119228156,real
Strata,"a=0.96, t0=0.38, t1=0.54",13,5,0.987306721084201,real
Strata,"a=0.96, t0=0.38, t1=0.54",14,5,0.9879017876089292,real
Strata,"a=0.96, t0=0.38, t1=0.54",15,5,0.9872626904495811,real
Strata,"a=0.96, t0=0.38, t1=0.54",16,5,0.9875755839039158,real
Strata,"a=0.96, t0=0.38, t1=0.54",17,5,0.9868075999462428,real
Strata,"a=0.96, t0=0.38, t1=0.54",18,5,0.986524240323676,real
Strata,"a=0.96, t0=0.38, t1=0.54",19,5,0.9861102821553872,real
Strata,"a=0.96, t0=0.38, t1=0.54",20,5,0.985696199319545,real
Strata,"a=0.96, t0=0.38, t1=0.54",21,5,0.985738303354176,real
Strata,"a=0.96, t0=0.38, t1=0.54",22,5,0.9858714916251696,real
Strata,"a=0.96, t0=0.38, t1=0.54",23,5,0.9860189247114078,real
Strata,"a=0.96, t0=0.38, t1=0.54",24,5,0.985835776581598,real
Strata,"a=0.96, t0=0.38, t1=0.54",25,5,0.9858541354260978,real
Strata,"a=0.96, t0=0.38, t1=0.54",26,5,0.9857991402359664,real
Strata,"a=0.96, t0=0.38, t1=0.54",27,5,0.9842329762477364,real
Strata,"a=0.96, t0=0.38, t1=0.54",0,6,0.8919186654703714,real
Strata,"a=0.96, t0=0.38, t1=0.54",1,6,0.9587544581944606,real
Strata,"a=0.96, t0=0.38, t1=0.54",2,6,0.9771725986156335,real
Strata,"a=0.96, t0=0.38, t1=0.54",3,6,0.9886668817631576,real
Strata,"a=0.96, t0=0.38, t1=0.54",4,6,0.9927477154526788,real
Strata,"a=0.96, t0=0.38, t1=0.54",5,6,0.9924128628393424,real
Strata,"a=0.96, t0=0.38, t1=0.54",6,6,0.9907941281449272,real
Strata,"a=0.96, t0=0.38, t1=0.54",7,6,0.989666803105978,real
Strata,"a=0.96, t0=0.38, t1=0.54",8,6,0.9840843602902486,real
Strata,"a=0.96, t0=0.38, t1=0.54",9,6,0.9827393976706597,real
Strata,"a=0.96, t0=0.38, t1=0.54",10,6,0.980955167984252,real
Strata,"a=0.96, t0=0.38, t1=0.54",11,6,0.9848156573449915,real
Strata,"a=0.96, t0=0.38, t1=0.54",12,6,0.9834557362626918,real
Strata,"a=0.96, t0=0.38, t1=0.54",13,6,0.983192721398131,real
Strata,"a=0.96, t0=0.38, t1=0.54",14,6,0.9836739759393484,real
Strata,"a=0.96, t0=0.38, t1=0.54",15,6,0.983439120917628,real
Strata,"a=0.96, t0=0.38, t1=0.54",16,6,0.9823885877235824,real
Strata,"a=0.96, t0=0.38, t1=0.54",17,6,0.9819876347192076,real
Strata,"a=0.96, t0=0.38, t1=0.54",18,6,0.9820200817004036,real
Strata,"a=0.96, t0=0.38, t1=0.54",19,6,0.9809931385030544,real
Strata,"a=0.96, t0=0.38, t1=0.54",20,6,0.98161070293037,real
Strata,"a=0.96, t0=0.38, t1=0.54",21,6,0.9820849685056366,real
Strata,"a=0.96, t0=0.38, t1=0.54",22,6,0.9815015651991436,real
Strata,"a=0.96, t0=0.38, t1=0.54",23,6,0.9810537363806416,real
Strata,"a=0.96, t0=0.38, t1=0.54",24,6,0.9808680331496712,real
Strata,"a=0.96, t0=0.38, t1=0.54",25,6,0.9808495998861726,real
Strata,"a=0.96, t0=0.38, t1=0.54",26,6,0.980591895633732,real
Strata,"a=0.96, t0=0.38, t1=0.54",27,6,0.9798089704111588,real
Strata,"a=0.96, t0=0.38, t1=0.54",0,7,0.8881588183338426,real
Strata,"a=0.96, t0=0.38, t1=0.54",1,7,0.9500785072713196,real
Strata,"a=0.96, t0=0.38, t1=0.54",2,7,0.9731680165655168,real
Strata,"a=0.96, t0=0.38, t1=0.54",3,7,0.9882716709097964,real
Strata,"a=0.96, t0=0.38, t1=0.54",4,7,0.9912707700998126,real
Strata,"a=0.96, t0=0.38, t1=0.54",5,7,0.9923374495685904,real
Strata,"a=0.96, t0=0.38, t1=0.54",6,7,0.9917609553636184,real
Strata,"a=0.96, t0=0.38, t1=0.54",7,7,0.9886284125504202,real
Strata,"a=0.96, t0=0.38, t1=0.54",8,7,0.9861219524179357,real
Strata,"a=0.96, t0=0.38, t1=0.54",9,7,0.9826332823420124,real
Strata,"a=0.96, t0=0.38, t1=0.54",10,7,0.9809293977218324,real
Strata,"a=0.96, t0=0.38, t1=0.54",11,7,0.9854538977814372,real
Strata,"a=0.96, t0=0.38, t1=0.54",12,7,0.984849425215922,real
Strata,"a=0.96, t0=0.38, t1=0.54",13,7,0.9847366622406176,real
Strata,"a=0.96, t0=0.38, t1=0.54",14,7,0.9853578020141216,real
Strata,"a=0.96, t0=0.38, t1=0.54",15,7,0.98351728941572,real
Strata,"a=0.96, t0=0.38, t1=0.54",16,7,0.9840146603913792,real
Strata,"a=0.96, t0=0.38, t1=0.54",17,7,0.9834187640208286,real
Strata,"a=0.96, t0=0.38, t1=0.54",18,7,0.9833534745183784,real
Strata,"a=0.96, t0=0.38, t1=0.54",19,7,0.982953998758767,real
Strata,"a=0.96, t0=0.38, t1=0.54",20,7,0.982936047026942,real
Strata,"a=0.96, t0=0.38, t1=0.54",21,7,0.9829070550822856,real
Strata,"a=0.96, t0=0.38, t1=0.54",22,7,0.9832809388886984,real
Strata,"a=0.96, t0=0.38, t1=0.54",23,7,0.983384336551283,real
Strata,"a=0.96, t0=0.38, t1=0.54",24,7,0.9832404661637014,real
Strata,"a=0.96, t0=0.38, t1=0.54",25,7,0.983031116662336,real
Strata,"a=0.96, t0=0.38, t1=0.54",26,7,0.9830730263438104,real
Strata,"a=0.96, t0=0.38, t1=0.54",27,7,0.982301655837852,real
Strata,"a=0.96, t0=0.38, t1=0.54",0,8,0.8940036375306389,real
Strata,"a=0.96, t0=0.38, t1=0.54",1,8,0.954578614495554,real
Strata,"a=0.96, t0=0.38, t1=0.54",2,8,0.97725585885084,real
Strata,"a=0.96, t0=0.38, t1=0.54",3,8,0.9886802842736344,real
Strata,"a=0.96, t0=0.38, t1=0.54",4,8,0.9929621508255728,real
Strata,"a=0.96, t0=0.38, t1=0.54",5,8,0.992169428710326,real
Strata,"a=0.96, t0=0.38, t1=0.54",6,8,0.9907766875366212,real
Strata,"a=0.96, t0=0.38, t1=0.54",7,8,0.9892391192071236,real
Strata,"a=0.96, t0=0.38, t1=0.54",8,8,0.9864508736629028,real
Strata,"a=0.96, t0=0.38, t1=0.54",9,8,0.9839757508207648,real
Strata,"a=0.96, t0=0.38, t1=0.54",10,8,0.9839513214702648,real
Strata,"a=0.96, t0=0.38, t1=0.54",11,8,0.9867185735327992,real
Strata,"a=0.96, t0=0.38, t1=0.54",12,8,0.9865240830904026,real
Strata,"a=0.96, t0=0.38, t1=0.54",13,8,0.9862655804813438,real
Strata,"a=0.96, t0=0.38, t1=0.54",14,8,0.9851975310945692,real
Strata,"a=0.96, t0=0.38, t1=0.54",15,8,0.9851156241054336,real
Strata,"a=0.96, t0=0.38, t1=0.54",16,8,0.9841845167608196,real
Strata,"a=0.96, t0=0.38, t1=0.54",17,8,0.9844209426241882,real
Strata,"a=0.96, t0=0.38, t1=0.54",18,8,0.9841262371573812,real
Strata,"a=0.96, t0=0.38, t1=0.54",19,8,0.9838441377386256,real
Strata,"a=0.96, t0=0.38, t1=0.54",20,8,0.9833366355413468,real
Strata,"a=0.96, t0=0.38, t1=0.54",21,8,0.983062253505023,real
Strata,"a=0.96, t0=0.38, t1=0.54",22,8,0.9823227982763942,real
Strata,"a=0.96, t0=0.38, t1=0.54",23,8,0.9825433857716978,real
Strata,"a=0.96, t0=0.38, t1=0.54",24,8,0.9822087148519268,real
Strata,"a=0.96, t0=0.38, t1=0.54",25,8,0.9821566255781136,real
Strata,"a=0.96, t0=0.38, t1=0.54",26,8,0.9830096837512076,real
Strata,"a=0.96, t0=0.38, t1=0.54",27,8,0.9823380024108564,real
Strata,"a=0.96, t0=0.38, t1=0.54",0,9,0.8882304163885019,real
Strata,"a=0.96, t0=0.38, t1=0.54",1,9,0.9542418901969176,real
Strata,"a=0.96, t0=0.38, t1=0.54",2,9,0.9756123247446192,real
Strata,"a=0.96, t0=0.38, t1=0.54",3,9,0.9880313777711448,real
Strata,"a=0.96, t0=0.38, t1=0.54",4,9,0.991223913355178,real
Strata,"a=0.96, t0=0.38, t1=0.54",5,9,0.9910370709596156,real
Strata,"a=0.96, t0=0.38, t1=0.54",6,9,0.990160907673748,real
Strata,"a=0.96, t0=0.38, t1=0.54",7,9,0.9885194214160136,real
Strata,"a=0.96, t0=0.38, t1=0.54",8,9,0.9828830309416235,real
Strata,"a=0.96, t0=0.38, t1=0.54",9,9,0.981451416291779,real
Strata,"a=0.96, t0=0.38, t1=0.54",10,9,0.9795131788087345,real
Strata,"a=0.96, t0=0.38, t1=0.54",11,9,0.9852026945442643,real
Strata,"a=0.96, t0=0.38, t1=0.54",12,9,0.9841269294221974,real
Strata,"a=0.96, t0=0.38, t1=0.54",13,9,0.9832498121088956,real
Strata,"a=0.96, t0=0.38, t1=0.54",14,9,0.9837604187731016,real
Strata,"a=0.96, t0=0.38, t1=0.54",15,9,0.9835314828476184,real
Strata,"a=0.96, t0=0.38, t1=0.54",16,9,0.9839149766278068,real
Strata,"a=0.96, t0=0.38, t1=0.54",17,9,0.9836486911594832,real
Strata,"a=0.96, t0=0.38, t1=0.54",18,9,0.9837767905331162,real
Strata,"a=0.96, t0=0.38, t1=0.54",19,9,0.9833598192269142,real
Strata,"a=0.96, t0=0.38, t1=0.54",20,9,0.9826567695391744,real
Strata,"a=0.96, t0=0.38, t1=0.54",21,9,0.9828227017814553,real
Strata,"a=0.96, t0=0.38, t1=0.54",22,9,0.9823482129006612,real
Strata,"a=0.96, t0=0.38, t1=0.54",23,9,0.983029500302865,real
Strata,"a=0.96, t0=0.38, t1=0.54",24,9,0.9827165179869916,real
Strata,"a=0.96, t0=0.38, t1=0.54",25,9,0.9827926508190048,real
Strata,"a=0.96, t0=0.38, t1=0.54",26,9,0.9827713502178228,real
Strata,"a=0.96, t0=0.38, t1=0.54",27,9,0.9807963583319252,real
Strata,"a=0.97, t0=0.38, t1=0.54",0,0,0.8875719833902163,real
Strata,"a=0.97, t0=0.38, t1=0.54",1,0,0.955635230531211,real
Strata,"a=0.97, t0=0.38, t1=0.54",2,0,0.975056397827656,real
Strata,"a=0.97, t0=0.38, t1=0.54",3,0,0.9890261744638466,real
Strata,"a=0.97, t0=0.38, t1=0.54",4,0,0.9915719941867778,real
Strata,"a=0.97, t0=0.38, t1=0.54",5,0,0.9903282334628248,real
Strata,"a=0.97, t0=0.38, t1=0.54",6,0,0.9904059734407114,real
Strata,"a=0.97, t0=0.38, t1=0.54",7,0,0.9873559045763278,real
Strata,"a=0.97, t0=0.38, t1=0.54",8,0,0.9822498247295052,real
Strata,"a=0.97, t0=0.38, t1=0.54",9,0,0.9791601582131906,real
Strata,"a=0.97, t0=0.38, t1=0.54",10,0,0.9798112113893496,real
Strata,"a=0.97, t0=0.38, t1=0.54",11,0,0.9836097321467808,real
Strata,"a=0.97, t0=0.38, t1=0.54",12,0,0.9825578834597688,real
Strata,"a=0.97, t0=0.38, t1=0.54",13,0,0.982847597506209,real
Strata,"a=0.97, t0=0.38, t1=0.54",14,0,0.9834383746161854,real
Strata,"a=0.97, t0=0.38, t1=0.54",15,0,0.9841217717018462,real
Strata,"a=0.97, t0=0.38, t1=0.54",16,0,0.9828805775289082,real
Strata,"a=0.97, t0=0.38, t1=0.54",17,0,0.982655920657522,real
Strata,"a=0.97, t0=0.38, t1=0.54",18,0,0.983079559419476,real
Strata,"a=0.97, t0=0.38, t1=0.54",19,0,0.9823142931447012,real
Strata,"a=0.97, t0=0.38, t1=0.54",20,0,0.9823206242862274,real
Strata,"a=0.97, t0=0.38, t1=0.54",21,0,0.9826126554894264,real
Strata,"a=0.97, t0=0.38, t1=0.54",22,0,0.9818962720672876,real
Strata,"a=0.97, t0=0.38, t1=0.54",23,0,0.9821697628595256,real
Strata,"a=0.97, t0=0.38, t1=0.54",24,0,0.9815464982015834,real
Strata,"a=0.97, t0=0.38, t1=0.54",25,0,0.9816602661788052,real
Strata,"a=0.97, t0=0.38, t1=0.54",26,0,0.9817977329241332,real
Strata,"a=0.97, t0=0.38, t1=0.54",27,0,0.9805191138283368,real
Strata,"a=0.97, t0=0.38, t1=0.54",0,1,0.8508852846516703,real
Strata,"a=0.97, t0=0.38, t1=0.54",1,1,0.9379519377823036,real
Strata,"a=0.97, t0=0.38, t1=0.54",2,1,0.9644952108502514,real
Strata,"a=0.97, t0=0.38, t1=0.54",3,1,0.9806042463522854,real
Strata,"a=0.97, t0=0.38, t1=0.54",4,1,0.9868448020079912,real
Strata,"a=0.97, t0=0.38, t1=0.54",5,1,0.9871570508040468,real
Strata,"a=0.97, t0=0.38, t1=0.54",6,1,0.9864132254367932,real
Strata,"a=0.97, t0=0.38, t1=0.54",7,1,0.9838330432555588,real
Strata,"a=0.97, t0=0.38, t1=0.54",8,1,0.9802923828435252,real
Strata,"a=0.97, t0=0.38, t1=0.54",9,1,0.9773840336836804,real
Strata,"a=0.97, t0=0.38, t1=0.54",10,1,0.9759864912777296,real
Strata,"a=0.97, t0=0.38, t1=0.54",11,1,0.9810483131451108,real
Strata,"a=0.97, t0=0.38, t1=0.54",12,1,0.9818406914562412,real
Strata,"a=0.97, t0=0.38, t1=0.54",13,1,0.9792703126025184,real
Strata,"a=0.97, t0=0.38, t1=0.54",14,1,0.9789948734970794,real
Strata,"a=0.97, t0=0.38, t1=0.54",15,1,0.9787074744669688,real
Strata,"a=0.97, t0=0.38, t1=0.54",16,1,0.9778666831631456,real
Strata,"a=0.97, t0=0.38, t1=0.54",17,1,0.9772071944027296,real
Strata,"a=0.97, t0=0.38, t1=0.54",18,1,0.9764148531870938,real
Strata,"a=0.97, t0=0.38, t1=0.54",19,1,0.9765020815563468,real
Strata,"a=0.97, t0=0.38, t1=0.54",20,1,0.9761846318033408,real
Strata,"a=0.97, t0=0.38, t1=0.54",21,1,0.975446952485069,real
Strata,"a=0.97, t0=0.38, t1=0.54",22,1,0.9746293290037452,real
Strata,"a=0.97, t0=0.38, t1=0.54",23,1,0.9745172702593738,real
Strata,"a=0.97, t0=0.38, t1=0.54",24,1,0.9735940966068116,real
Strata,"a=0.97, t0=0.38, t1=0.54",25,1,0.9736802542651994,real
Strata,"a=0.97, t0=0.38, t1=0.54",26,1,0.9744865029189704,real
Strata,"a=0.97, t0=0.38, t1=0.54",27,1,0.972472349085816,real
Strata,"a=0.97, t0=0.38, t1=0.54",0,2,0.890883815985788,real
Strata,"a=0.97, t0=0.38, t1=0.54",1,2,0.9506038341009594,real
Strata,"a=0.97, t0=0.38, t1=0.54",2,2,0.972428639485534,real
Strata,"a=0.97, t0=0.38, t1=0.54",3,2,0.9844167634113306,real
Strata,"a=0.97, t0=0.38, t1=0.54",4,2,0.989625012761343,real
Strata,"a=0.97, t0=0.38, t1=0.54",5,2,0.9898971882779845,real
Strata,"a=0.97, t0=0.38, t1=0.54",6,2,0.9877944610318544,real
Strata,"a=0.97, t0=0.38, t1=0.54",7,2,0.98588767202587,real
Strata,"a=0.97, t0=0.38, t1=0.54",8,2,0.9808957317660688,real
Strata,"a=0.97, t0=0.38, t1=0.54",9,2,0.979765274016699,real
Strata,"a=0.97, t0=0.38, t1=0.54",10,2,0.9791874801036816,real
Strata,"a=0.97, t0=0.38, t1=0.54",11,2,0.9819980824103782,real
Strata,"a=0.97, t0=0.38, t1=0.54",12,2,0.982982868255754,real
Strata,"a=0.97, t0=0.38, t1=0.54",13,2,0.982903315441403,real
Strata,"a=0.97, t0=0.38, t1=0.54",14,2,0.9839158513339163,real
Strata,"a=0.97, t0=0.38, t1=0.54",15,2,0.9828897626973878,real
Strata,"a=0.97, t0=0.38, t1=0.54",16,2,0.9825286782122524,real
Strata,"a=0.97, t0=0.38, t1=0.54",17,2,0.9817520354960216,real
Strata,"a=0.97, t0=0.38, t1=0.54",18,2,0.98149506971947,real
Strata,"a=0.97, t0=0.38, t1=0.54",19,2,0.9807072731938395,real
Strata,"a=0.97, t0=0.38, t1=0.54",20,2,0.98080634826605,real
Strata,"a=0.97, t0=0.38, t1=0.54",21,2,0.9806868791581944,real
Strata,"a=0.97, t0=0.38, t1=0.54",22,2,0.9803329621085064,real
Strata,"a=0.97, t0=0.38, t1=0.54",23,2,0.9805062634946256,real
Strata,"a=0.97, t0=0.38, t1=0.54",24,2,0.9802504307200544,real
Strata,"a=0.97, t0=0.38, t1=0.54",25,2,0.979544913632913,real
Strata,"a=0.97, t0=0.38, t1=0.54",26,2,0.979725518476545,real
Strata,"a=0.97, t0=0.38, t1=0.54",27,2,0.9792515557709266,real
Strata,"a=0.97, t0=0.38, t1=0.54",0,3,0.8892374470549727,real
Strata,"a=0.97, t0=0.38, t1=0.54",1,3,0.9505240112191518,real
Strata,"a=0.97, t0=0.38, t1=0.54",2,3,0.9687911910352628,real
Strata,"a=0.97, t0=0.38, t1=0.54",3,3,0.9820839209308524,real
Strata,"a=0.97, t0=0.38, t1=0.54",4,3,0.985660028611385,real
Strata,"a=0.97, t0=0.38, t1=0.54",5,3,0.9860043734160592,real
Strata,"a=0.97, t0=0.38, t1=0.54",6,3,0.9853681204539796,real
Strata,"a=0.97, t0=0.38, t1=0.54",7,3,0.9847919298401212,real
Strata,"a=0.97, t0=0.38, t1=0.54",8,3,0.9801905007286372,real
Strata,"a=0.97, t0=0.38, t1=0.54",9,3,0.979516534234681,real
Strata,"a=0.97, t0=0.38, t1=0.54",10,3,0.9794920661472288,real
Strata,"a=0.97, t0=0.38, t1=0.54",11,3,0.9829754679669108,real
Strata,"a=0.97, t0=0.38, t1=0.54",12,3,0.983272801397102,real
Strata,"a=0.97, t0=0.38, t1=0.54",13,3,0.9821943527182532,real
Strata,"a=0.97, t0=0.38, t1=0.54",14,3,0.9824368898214226,real
Strata,"a=0.97, t0=0.38, t1=0.54",15,3,0.9818394513709356,real
Strata,"a=0.97, t0=0.38, t1=0.54",16,3,0.9817596908265206,real
Strata,"a=0.97, t0=0.38, t1=0.54",17,3,0.981587423485738,real
Strata,"a=0.97, t0=0.38, t1=0.54",18,3,0.9819595362544812,real
Strata,"a=0.97, t0=0.38, t1=0.54",19,3,0.9814957221348924,real
Strata,"a=0.97, t0=0.38, t1=0.54",20,3,0.9810964140952844,real
Strata,"a=0.97, t0=0.38, t1=0.54",21,3,0.9810841394730292,real
Strata,"a=0.97, t0=0.38, t1=0.54",22,3,0.9808448302770096,real
Strata,"a=0.97, t0=0.38, t1=0.54",23,3,0.9807799689434906,real
Strata,"a=0.97, t0=0.38, t1=0.54",24,3,0.9799453482244184,real
Strata,"a=0.97, t0=0.38, t1=0.54",25,3,0.9796898474296304,real
Strata,"a=0.97, t0=0.38, t1=0.54",26,3,0.9802344342599651,real
Strata,"a=0.97, t0=0.38, t1=0.54",27,3,0.9794101511126052,real
Strata,"a=0.97, t0=0.38, t1=0.54",0,4,0.8907977982150713,real
Strata,"a=0.97, t0=0.38, t1=0.54",1,4,0.9409726126045096,real
Strata,"a=0.97, t0=0.38, t1=0.54",2,4,0.966806878170745,real
Strata,"a=0.97, t0=0.38, t1=0.54",3,4,0.9789859947411542,real
Strata,"a=0.97, t0=0.38, t1=0.54",4,4,0.9828439957426468,real
Strata,"a=0.97, t0=0.38, t1=0.54",5,4,0.9855168471698268,real
Strata,"a=0.97, t0=0.38, t1=0.54",6,4,0.9849536921924312,real
Strata,"a=0.97, t0=0.38, t1=0.54",7,4,0.982421148663725,real
Strata,"a=0.97, t0=0.38, t1=0.54",8,4,0.9785136156573232,real
Strata,"a=0.97, t0=0.38, t1=0.54",9,4,0.9779410059212224,real
Strata,"a=0.97, t0=0.38, t1=0.54",10,4,0.9768658135240148,real
Strata,"a=0.97, t0=0.38, t1=0.54",11,4,0.982608126764648,real
Strata,"a=0.97, t0=0.38, t1=0.54",12,4,0.9835573352903858,real
Strata,"a=0.97, t0=0.38, t1=0.54",13,4,0.9835168751692456,real
Strata,"a=0.97, t0=0.38, t1=0.54",14,4,0.9836050189853116,real
Strata,"a=0.97, t0=0.38, t1=0.54",15,4,0.9829898605828338,real
Strata,"a=0.97, t0=0.38, t1=0.54",16,4,0.9828671604269884,real
Strata,"a=0.97, t0=0.38, t1=0.54",17,4,0.9817942457602802,real
Strata,"a=0.97, t0=0.38, t1=0.54",18,4,0.9817803331361482,real
Strata,"a=0.97, t0=0.38, t1=0.54",19,4,0.9818370016295638,real
Strata,"a=0.97, t0=0.38, t1=0.54",20,4,0.9814991587922356,real
Strata,"a=0.97, t0=0.38, t1=0.54",21,4,0.9817583591177832,real
Strata,"a=0.97, t0=0.38, t1=0.54",22,4,0.9816087210826424,real
Strata,"a=0.97, t0=0.38, t1=0.54",23,4,0.9809613110973504,real
Strata,"a=0.97, t0=0.38, t1=0.54",24,4,0.9805608209117294,real
Strata,"a=0.97, t0=0.38, t1=0.54",25,4,0.97963507586293,real
Strata,"a=0.97, t0=0.38, t1=0.54",26,4,0.9803833381092102,real
Strata,"a=0.97, t0=0.38, t1=0.54",27,4,0.9808821445724226,real
Strata,"a=0.97, t0=0.38, t1=0.54",0,5,0.8779757347158519,real
Strata,"a=0.97, t0=0.38, t1=0.54",1,5,0.9480201836847032,real
Strata,"a=0.97, t0=0.38, t1=0.54",2,5,0.9706595077662844,real
Strata,"a=0.97, t0=0.38, t1=0.54",3,5,0.9853976584597766,real
Strata,"a=0.97, t0=0.38, t1=0.54",4,5,0.9901764473298824,real
Strata,"a=0.97, t0=0.38, t1=0.54",5,5,0.9893600856380688,real
Strata,"a=0.97, t0=0.38, t1=0.54",6,5,0.9884416533879375,real
Strata,"a=0.97, t0=0.38, t1=0.54",7,5,0.986592818939564,real
Strata,"a=0.97, t0=0.38, t1=0.54",8,5,0.982325704016382,real
Strata,"a=0.97, t0=0.38, t1=0.54",9,5,0.9786034463442848,real
Strata,"a=0.97, t0=0.38, t1=0.54",10,5,0.97859668614685,real
Strata,"a=0.97, t0=0.38, t1=0.54",11,5,0.9831228754199997,real
Strata,"a=0.97, t0=0.38, t1=0.54",12,5,0.983158557532718,real
Strata,"a=0.97, t0=0.38, t1=0.54",13,5,0.9825123737505832,real
Strata,"a=0.97, t0=0.38, t1=0.54",14,5,0.9831546502197104,real
Strata,"a=0.97, t0=0.38, t1=0.54",15,5,0.9824212093529636,real
Strata,"a=0.97, t0=0.38, t1=0.54",16,5,0.9818198980580944,real
Strata,"a=0.97, t0=0.38, t1=0.54",17,5,0.9812055015541156,real
Strata,"a=0.97, t0=0.38, t1=0.54",18,5,0.980893663660393,real
Strata,"a=0.97, t0=0.38, t1=0.54",19,5,0.9807503300049496,real
Strata,"a=0.97, t0=0.38, t1=0.54",20,5,0.9812491573930192,real
Strata,"a=0.97, t0=0.38, t1=0.54",21,5,0.9810933640105084,real
Strata,"a=0.97, t0=0.38, t1=0.54",22,5,0.9804653316860455,real
Strata,"a=0.97, t0=0.38, t1=0.54",23,5,0.9804058531792182,real
Strata,"a=0.97, t0=0.38, t1=0.54",24,5,0.9808886972393888,real
Strata,"a=0.97, t0=0.38, t1=0.54",25,5,0.9811824772637744,real
Strata,"a=0.97, t0=0.38, t1=0.54",26,5,0.9805079408953972,real
Strata,"a=0.97, t0=0.38, t1=0.54",27,5,0.9797126396986844,real
Strata,"a=0.97, t0=0.38, t1=0.54",0,6,0.8871057094415066,real
Strata,"a=0.97, t0=0.38, t1=0.54",1,6,0.9487147357071573,real
Strata,"a=0.97, t0=0.38, t1=0.54",2,6,0.968398072842748,real
Strata,"a=0.97, t0=0.38, t1=0.54",3,6,0.9834862602817904,real
Strata,"a=0.97, t0=0.38, t1=0.54",4,6,0.9866900862439084,real
Strata,"a=0.97, t0=0.38, t1=0.54",5,6,0.9875624347388826,real
Strata,"a=0.97, t0=0.38, t1=0.54",6,6,0.9863212773924552,real
Strata,"a=0.97, t0=0.38, t1=0.54",7,6,0.984836416098404,real
Strata,"a=0.97, t0=0.38, t1=0.54",8,6,0.977529232512552,real
Strata,"a=0.97, t0=0.38, t1=0.54",9,6,0.9779582253158052,real
Strata,"a=0.97, t0=0.38, t1=0.54",10,6,0.9765062572197326,real
Strata,"a=0.97, t0=0.38, t1=0.54",11,6,0.9822644179984188,real
Strata,"a=0.97, t0=0.38, t1=0.54",12,6,0.9823168841522516,real
Strata,"a=0.97, t0=0.38, t1=0.54",13,6,0.9803466622836916,real
Strata,"a=0.97, t0=0.38, t1=0.54",14,6,0.9802888025314024,real
Strata,"a=0.97, t0=0.38, t1=0.54",15,6,0.979804028939888,real
Strata,"a=0.97, t0=0.38, t1=0.54",16,6,0.9793160641227692,real
Strata,"a=0.97, t0=0.38, t1=0.54",17,6,0.979254915050682,real
Strata,"a=0.97, t0=0.38, t1=0.54",18,6,0.9788067875511152,real
Strata,"a=0.97, t0=0.38, t1=0.54",19,6,0.9775507452019662,real
Strata,"a=0.97, t0=0.38, t1=0.54",20,6,0.9781280263640738,real
Strata,"a=0.97, t0=0.38, t1=0.54",21,6,0.9787221354267924,real
Strata,"a=0.97, t0=0.38, t1=0.54",22,6,0.9784616969262572,real
Strata,"a=0.97, t0=0.38, t1=0.54",23,6,0.9777932150613544,real
Strata,"a=0.97, t0=0.38, t1=0.54",24,6,0.9784152556544784,real
Strata,"a=0.97, t0=0.38, t1=0.54",25,6,0.9772786081778204,real
Strata,"a=0.97, t0=0.38, t1=0.54",26,6,0.9777749837809162,real
Strata,"a=0.97, t0=0.38, t1=0.54",27,6,0.9763326257514396,real
Strata,"a=0.97, t0=0.38, t1=0.54",0,7,0.8696384834370819,real
Strata,"a=0.97, t0=0.38, t1=0.54",1,7,0.9404565033799166,real
Strata,"a=0.97, t0=0.38, t1=0.54",2,7,0.9649227245077904,real
Strata,"a=0.97, t0=0.38, t1=0.54",3,7,0.982606422101652,real
Strata,"a=0.97, t0=0.38, t1=0.54",4,7,0.9870980007342102,real
Strata,"a=0.97, t0=0.38, t1=0.54",5,7,0.9868538325927922,real
Strata,"a=0.97, t0=0.38, t1=0.54",6,7,0.985685919347193,real
Strata,"a=0.97, t0=0.38, t1=0.54",7,7,0.9832770507151396,real
Strata,"a=0.97, t0=0.38, t1=0.54",8,7,0.9794965316894172,real
Strata,"a=0.97, t0=0.38, t1=0.54",9,7,0.977076072318923,real
Strata,"a=0.97, t0=0.38, t1=0.54",10,7,0.9744844397913824,real
Strata,"a=0.97, t0=0.38, t1=0.54",11,7,0.982679960198627,real
Strata,"a=0.97, t0=0.38, t1=0.54",12,7,0.981562166164618,real
Strata,"a=0.97, t0=0.38, t1=0.54",13,7,0.9812869349092228,real
Strata,"a=0.97, t0=0.38, t1=0.54",14,7,0.9807465703902554,real
Strata,"a=0.97, t0=0.38, t1=0.54",15,7,0.98067780973289,real
Strata,"a=0.97, t0=0.38, t1=0.54",16,7,0.980811875615636,real
Strata,"a=0.97, t0=0.38, t1=0.54",17,7,0.9798785918930916,real
Strata,"a=0.97, t0=0.38, t1=0.54",18,7,0.9800075957712407,real
Strata,"a=0.97, t0=0.38, t1=0.54",19,7,0.9784800753124816,real
Strata,"a=0.97, t0=0.38, t1=0.54",20,7,0.9786432611368654,real
Strata,"a=0.97, t0=0.38, t1=0.54",21,7,0.9786764170230612,real
Strata,"a=0.97, t0=0.38, t1=0.54",22,7,0.9791872810963512,real
Strata,"a=0.97, t0=0.38, t1=0.54",23,7,0.9794975317320856,real
Strata,"a=0.97, t0=0.38, t1=0.54",24,7,0.9791202701071344,real
Strata,"a=0.97, t0=0.38, t1=0.54",25,7,0.9791879965740328,real
Strata,"a=0.97, t0=0.38, t1=0.54",26,7,0.9796203971369444,real
Strata,"a=0.97, t0=0.38, t1=0.54",27,7,0.9775578863722576,real
Strata,"a=0.97, t0=0.38, t1=0.54",0,8,0.8732674053834648,real
Strata,"a=0.97, t0=0.38, t1=0.54",1,8,0.942425713603392,real
Strata,"a=0.97, t0=0.38, t1=0.54",2,8,0.967609021683077,real
Strata,"a=0.97, t0=0.38, t1=0.54",3,8,0.9825406795605524,real
Strata,"a=0.97, t0=0.38, t1=0.54",4,8,0.9872953858761984,real
Strata,"a=0.97, t0=0.38, t1=0.54",5,8,0.9868870238132088,real
Strata,"a=0.97, t0=0.38, t1=0.54",6,8,0.9886144305567744,real
Strata,"a=0.97, t0=0.38, t1=0.54",7,8,0.9864262422420912,real
Strata,"a=0.97, t0=0.38, t1=0.54",8,8,0.9822810057403216,real
Strata,"a=0.97, t0=0.38, t1=0.54",9,8,0.9817028376846542,real
Strata,"a=0.97, t0=0.38, t1=0.54",10,8,0.9810212721668132,real
Strata,"a=0.97, t0=0.38, t1=0.54",11,8,0.9838486840655388,real
Strata,"a=0.97, t0=0.38, t1=0.54",12,8,0.9844974600975326,real
Strata,"a=0.97, t0=0.38, t1=0.54",13,8,0.982977343665792,real
Strata,"a=0.97, t0=0.38, t1=0.54",14,8,0.983424275517805,real
Strata,"a=0.97, t0=0.38, t1=0.54",15,8,0.9829428512365772,real
Strata,"a=0.97, t0=0.38, t1=0.54",16,8,0.982816615863859,real
Strata,"a=0.97, t0=0.38, t1=0.54",17,8,0.9822921155675468,real
Strata,"a=0.97, t0=0.38, t1=0.54",18,8,0.9813875474244684,real
Strata,"a=0.97, t0=0.38, t1=0.54",19,8,0.9807304163265788,real
Strata,"a=0.97, t0=0.38, t1=0.54",20,8,0.9803993534925766,real
Strata,"a=0.97, t0=0.38, t1=0.54",21,8,0.9812487434531844,real
Strata,"a=0.97, t0=0.38, t1=0.54",22,8,0.9814074990964384,real
Strata,"a=0.97, t0=0.38, t1=0.54",23,8,0.981293614758749,real
Strata,"a=0.97, t0=0.38, t1=0.54",24,8,0.9815405399818046,real
Strata,"a=0.97, t0=0.38, t1=0.54",25,8,0.9808622629603004,real
Strata,"a=0.97, t0=0.38, t1=0.54",26,8,0.9811449421680432,real
Strata,"a=0.97, t0=0.38, t1=0.54",27,8,0.9802374001348932,real
Strata,"a=0.97, t0=0.38, t1=0.54",0,9,0.8672351509529841,real
Strata,"a=0.97, t0=0.38, t1=0.54",1,9,0.9436321572285332,real
Strata,"a=0.97, t0=0.38, t1=0.54",2,9,0.9679701499360504,real
Strata,"a=0.97, t0=0.38, t1=0.54",3,9,0.982439404975574,real
Strata,"a=0.97, t0=0.38, t1=0.54",4,9,0.9871606897101852,real
Strata,"a=0.97, t0=0.38, t1=0.54",5,9,0.9865132358891888,real
Strata,"a=0.97, t0=0.38, t1=0.54",6,9,0.9848270855616552,real
Strata,"a=0.97, t0=0.38, t1=0.54",7,9,0.9835790303438108,real
Strata,"a=0.97, t0=0.38, t1=0.54",8,9,0.9768692533135352,real
Strata,"a=0.97, t0=0.38, t1=0.54",9,9,0.9743998555300982,real
Strata,"a=0.97, t0=0.38, t1=0.54",10,9,0.971471784727044,real
Strata,"a=0.97, t0=0.38, t1=0.54",11,9,0.9790120252676422,real
Strata,"a=0.97, t0=0.38, t1=0.54",12,9,0.9781821659180818,real
Strata,"a=0.97, t0=0.38, t1=0.54",13,9,0.9769586334721934,real
Strata,"a=0.97, t0=0.38, t1=0.54",14,9,0.9777666879633604,real
Strata,"a=0.97, t0=0.38, t1=0.54",15,9,0.976986248316254,real
Strata,"a=0.97, t0=0.38, t1=0.54",16,9,0.9767696153797912,real
Strata,"a=0.97, t0=0.38, t1=0.54",17,9,0.9766969346781256,real
Strata,"a=0.97, t0=0.38, t1=0.54",18,9,0.9759477591356622,real
Strata,"a=0.97, t0=0.38, t1=0.54",19,9,0.9767174988203152,real
Strata,"a=0.97, t0=0.38, t1=0.54",20,9,0.9765762369636036,real
Strata,"a=0.97, t0=0.38, t1=0.54",21,9,0.9772020827238814,real
Strata,"a=0.97, t0=0.38, t1=0.54",22,9,0.9766443500155392,real
Strata,"a=0.97, t0=0.38, t1=0.54",23,9,0.9763363867607456,real
Strata,"a=0.97, t0=0.38, t1=0.54",24,9,0.9764304414715748,real
Strata,"a=0.97, t0=0.38, t1=0.54",25,9,0.9757453895763356,real
Strata,"a=0.97, t0=0.38, t1=0.54",26,9,0.9753522428935404,real
Strata,"a=0.97, t0=0.38, t1=0.54",27,9,0.9729695008762632,real
Strata,"a=0.98, t0=0.38, t1=0.54",0,0,0.8635854397722963,real
Strata,"a=0.98, t0=0.38, t1=0.54",1,0,0.9359226115502128,real
Strata,"a=0.98, t0=0.38, t1=0.54",2,0,0.9629923121744972,real
Strata,"a=0.98, t0=0.38, t1=0.54",3,0,0.9780643960401916,real
Strata,"a=0.98, t0=0.38, t1=0.54",4,0,0.98205701520729,real
Strata,"a=0.98, t0=0.38, t1=0.54",5,0,0.9844416367530628,real
Strata,"a=0.98, t0=0.38, t1=0.54",6,0,0.984911176416264,real
Strata,"a=0.98, t0=0.38, t1=0.54",7,0,0.9834489782821956,real
Strata,"a=0.98, t0=0.38, t1=0.54",8,0,0.9790078828987376,real
Strata,"a=0.98, t0=0.38, t1=0.54",9,0,0.9761930490279734,real
Strata,"a=0.98, t0=0.38, t1=0.54",10,0,0.9745453207648428,real
Strata,"a=0.98, t0=0.38, t1=0.54",11,0,0.9800348064620424,real
Strata,"a=0.98, t0=0.38, t1=0.54",12,0,0.9814246089819754,real
Strata,"a=0.98, t0=0.38, t1=0.54",13,0,0.97928874587918,real
Strata,"a=0.98, t0=0.38, t1=0.54",14,0,0.9793982061412264,real
Strata,"a=0.98, t0=0.38, t1=0.54",15,0,0.9791540267653636,real
Strata,"a=0.98, t0=0.38, t1=0.54",16,0,0.9778695218382296,real
Strata,"a=0.98, t0=0.38, t1=0.54",17,0,0.9776901800623798,real
Strata,"a=0.98, t0=0.38, t1=0.54",18,0,0.977767294852346,real
Strata,"a=0.98, t0=0.38, t1=0.54",19,0,0.9780262079036944,real
Strata,"a=0.98, t0=0.38, t1=0.54",20,0,0.977334777935384,real
Strata,"a=0.98, t0=0.38, t1=0.54",21,0,0.9772435868024146,real
Strata,"a=0.98, t0=0.38, t1=0.54",22,0,0.9767763491123298,real
Strata,"a=0.98, t0=0.38, t1=0.54",23,0,0.976069625033668,real
Strata,"a=0.98, t0=0.38, t1=0.54",24,0,0.9764492568026109,real
Strata,"a=0.98, t0=0.38, t1=0.54",25,0,0.9759347226000356,real
Strata,"a=0.98, t0=0.38, t1=0.54",26,0,0.975699271866262,real
Strata,"a=0.98, t0=0.38, t1=0.54",27,0,0.976080883489216,real
Strata,"a=0.98, t0=0.38, t1=0.54",0,1,0.8281941637520439,real
Strata,"a=0.98, t0=0.38, t1=0.54",1,1,0.918801814030884,real
Strata,"a=0.98, t0=0.38, t1=0.54",2,1,0.9448978253994684,real
Strata,"a=0.98, t0=0.38, t1=0.54",3,1,0.966546380334646,real
Strata,"a=0.98, t0=0.38, t1=0.54",4,1,0.976390710298916,real
Strata,"a=0.98, t0=0.38, t1=0.54",5,1,0.976298934923595,real
Strata,"a=0.98, t0=0.38, t1=0.54",6,1,0.97338211507698,real
Strata,"a=0.98, t0=0.38, t1=0.54",7,1,0.9708253309676912,real
Strata,"a=0.98, t0=0.38, t1=0.54",8,1,0.9636867701932108,real
Strata,"a=0.98, t0=0.38, t1=0.54",9,1,0.9646918648034956,real
Strata,"a=0.98, t0=0.38, t1=0.54",10,1,0.965660381267916,real
Strata,"a=0.98, t0=0.38, t1=0.54",11,1,0.9739506026371813,real
Strata,"a=0.98, t0=0.38, t1=0.54",12,1,0.9713761835832332,real
Strata,"a=0.98, t0=0.38, t1=0.54",13,1,0.9711918019128928,real
Strata,"a=0.98, t0=0.38, t1=0.54",14,1,0.9721978570899208,real
Strata,"a=0.98, t0=0.38, t1=0.54",15,1,0.97275710140511,real
Strata,"a=0.98, t0=0.38, t1=0.54",16,1,0.971536816272128,real
Strata,"a=0.98, t0=0.38, t1=0.54",17,1,0.9695415128895564,real
Strata,"a=0.98, t0=0.38, t1=0.54",18,1,0.9701228914911748,real
Strata,"a=0.98, t0=0.38, t1=0.54",19,1,0.9694262183616422,real
Strata,"a=0.98, t0=0.38, t1=0.54",20,1,0.9688398218300732,real
Strata,"a=0.98, t0=0.38, t1=0.54",21,1,0.9688289079060936,real
Strata,"a=0.98, t0=0.38, t1=0.54",22,1,0.9690079858336796,real
Strata,"a=0.98, t0=0.38, t1=0.54",23,1,0.968492603471071,real
Strata,"a=0.98, t0=0.38, t1=0.54",24,1,0.969132349761704,real
Strata,"a=0.98, t0=0.38, t1=0.54",25,1,0.9683590257632724,real
Strata,"a=0.98, t0=0.38, t1=0.54",26,1,0.96921970829792,real
Strata,"a=0.98, t0=0.38, t1=0.54",27,1,0.965968245855679,real
Strata,"a=0.98, t0=0.38, t1=0.54",0,2,0.8703138618900446,real
Strata,"a=0.98, t0=0.38, t1=0.54",1,2,0.9347728470435288,real
Strata,"a=0.98, t0=0.38, t1=0.54",2,2,0.9597536520669016,real
Strata,"a=0.98, t0=0.38, t1=0.54",3,2,0.9768572829031767,real
Strata,"a=0.98, t0=0.38, t1=0.54",4,2,0.982723490738432,real
Strata,"a=0.98, t0=0.38, t1=0.54",5,2,0.982955292666402,real
Strata,"a=0.98, t0=0.38, t1=0.54",6,2,0.9805085404794393,real
Strata,"a=0.98, t0=0.38, t1=0.54",7,2,0.977548976906336,real
Strata,"a=0.98, t0=0.38, t1=0.54",8,2,0.9740018742296632,real
Strata,"a=0.98, t0=0.38, t1=0.54",9,2,0.973331313517272,real
Strata,"a=0.98, t0=0.38, t1=0.54",10,2,0.9694692232696692,real
Strata,"a=0.98, t0=0.38, t1=0.54",11,2,0.9771310436792164,real
Strata,"a=0.98, t0=0.38, t1=0.54",12,2,0.9786381473172104,real
Strata,"a=0.98, t0=0.38, t1=0.54",13,2,0.9780762504097328,real
Strata,"a=0.98, t0=0.38, t1=0.54",14,2,0.979028097133718,real
Strata,"a=0.98, t0=0.38, t1=0.54",15,2,0.9778266080746484,real
Strata,"a=0.98, t0=0.38, t1=0.54",16,2,0.9763414809442328,real
Strata,"a=0.98, t0=0.38, t1=0.54",17,2,0.975842418601326,real
Strata,"a=0.98, t0=0.38, t1=0.54",18,2,0.9747692069497635,real
Strata,"a=0.98, t0=0.38, t1=0.54",19,2,0.9739135615031388,real
Strata,"a=0.98, t0=0.38, t1=0.54",20,2,0.9740248796786548,real
Strata,"a=0.98, t0=0.38, t1=0.54",21,2,0.9740796643695596,real
Strata,"a=0.98, t0=0.38, t1=0.54",22,2,0.972684118857846,real
Strata,"a=0.98, t0=0.38, t1=0.54",23,2,0.9730215709718074,real
Strata,"a=0.98, t0=0.38, t1=0.54",24,2,0.9726624717741984,real
Strata,"a=0.98, t0=0.38, t1=0.54",25,2,0.97144409126584,real
Strata,"a=0.98, t0=0.38, t1=0.54",26,2,0.9724602000580956,real
Strata,"a=0.98, t0=0.38, t1=0.54",27,2,0.970437236168034,real
Strata,"a=0.98, t0=0.38, t1=0.54",0,3,0.8680912054153895,real
Strata,"a=0.98, t0=0.38, t1=0.54",1,3,0.9417792641857416,real
Strata,"a=0.98, t0=0.38, t1=0.54",2,3,0.9624016759785704,real
Strata,"a=0.98, t0=0.38, t1=0.54",3,3,0.9749398886293676,real
Strata,"a=0.98, t0=0.38, t1=0.54",4,3,0.9799687624250352,real
Strata,"a=0.98, t0=0.38, t1=0.54",5,3,0.9768788661182696,real
Strata,"a=0.98, t0=0.38, t1=0.54",6,3,0.9759909051980388,real
Strata,"a=0.98, t0=0.38, t1=0.54",7,3,0.9724317802953232,real
Strata,"a=0.98, t0=0.38, t1=0.54",8,3,0.9665435792944808,real
Strata,"a=0.98, t0=0.38, t1=0.54",9,3,0.9683677871320936,real
Strata,"a=0.98, t0=0.38, t1=0.54",10,3,0.967295102316657,real
Strata,"a=0.98, t0=0.38, t1=0.54",11,3,0.97463241218663,real
Strata,"a=0.98, t0=0.38, t1=0.54",12,3,0.9739494292644794,real
Strata,"a=0.98, t0=0.38, t1=0.54",13,3,0.9745721275563836,real
Strata,"a=0.98, t0=0.38, t1=0.54",14,3,0.9751825087629424,real
Strata,"a=0.98, t0=0.38, t1=0.54",15,3,0.9735065161591524,real
Strata,"a=0.98, t0=0.38, t1=0.54",16,3,0.9733878845996404,real
Strata,"a=0.98, t0=0.38, t1=0.54",17,3,0.9722101591190389,real
Strata,"a=0.98, t0=0.38, t1=0.54",18,3,0.972725595676269,real
Strata,"a=0.98, t0=0.38, t1=0.54",19,3,0.9720556854888714,real
Strata,"a=0.98, t0=0.38, t1=0.54",20,3,0.9722427464997456,real
Strata,"a=0.98, t0=0.38, t1=0.54",21,3,0.9723883223581374,real
Strata,"a=0.98, t0=0.38, t1=0.54",22,3,0.9722801484466784,real
Strata,"a=0.98, t0=0.38, t1=0.54",23,3,0.972633886825654,real
Strata,"a=0.98, t0=0.38, t1=0.54",24,3,0.972073472936179,real
Strata,"a=0.98, t0=0.38, t1=0.54",25,3,0.9719088790014444,real
Strata,"a=0.98, t0=0.38, t1=0.54",26,3,0.9723847114334678,real
Strata,"a=0.98, t0=0.38, t1=0.54",27,3,0.9721070939373256,real
Strata,"a=0.98, t0=0.38, t1=0.54",0,4,0.8820054801728667,real
Strata,"a=0.98, t0=0.38, t1=0.54",1,4,0.9337465662708768,real
Strata,"a=0.98, t0=0.38, t1=0.54",2,4,0.953733866518834,real
Strata,"a=0.98, t0=0.38, t1=0.54",3,4,0.9712944539980366,real
Strata,"a=0.98, t0=0.38, t1=0.54",4,4,0.975909054424559,real
Strata,"a=0.98, t0=0.38, t1=0.54",5,4,0.9763087499723914,real
Strata,"a=0.98, t0=0.38, t1=0.54",6,4,0.9765036710362892,real
Strata,"a=0.98, t0=0.38, t1=0.54",7,4,0.9718641884763454,real
Strata,"a=0.98, t0=0.38, t1=0.54",8,4,0.9646897589084438,real
Strata,"a=0.98, t0=0.38, t1=0.54",9,4,0.9663539925613712,real
Strata,"a=0.98, t0=0.38, t1=0.54",10,4,0.9658013680207004,real
Strata,"a=0.98, t0=0.38, t1=0.54",11,4,0.9742447520145404,real
Strata,"a=0.98, t0=0.38, t1=0.54",12,4,0.974792058458675,real
Strata,"a=0.98, t0=0.38, t1=0.54",13,4,0.9754174042010624,real
Strata,"a=0.98, t0=0.38, t1=0.54",14,4,0.9733857114979544,real
Strata,"a=0.98, t0=0.38, t1=0.54",15,4,0.9727169588751357,real
Strata,"a=0.98, t0=0.38, t1=0.54",16,4,0.9721763747588952,real
Strata,"a=0.98, t0=0.38, t1=0.54",17,4,0.9710588763373466,real
Strata,"a=0.98, t0=0.38, t1=0.54",18,4,0.9702346427758132,real
Strata,"a=0.98, t0=0.38, t1=0.54",19,4,0.9712048000404164,real
Strata,"a=0.98, t0=0.38, t1=0.54",20,4,0.971567816324719,real
Strata,"a=0.98, t0=0.38, t1=0.54",21,4,0.9720144280091256,real
Strata,"a=0.98, t0=0.38, t1=0.54",22,4,0.9700473140814608,real
Strata,"a=0.98, t0=0.38, t1=0.54",23,4,0.9705874909441622,real
Strata,"a=0.98, t0=0.38, t1=0.54",24,4,0.9713364645806204,real
Strata,"a=0.98, t0=0.38, t1=0.54",25,4,0.9703593046707516,real
Strata,"a=0.98, t0=0.38, t1=0.54",26,4,0.9697848867767462,real
Strata,"a=0.98, t0=0.38, t1=0.54",27,4,0.9705716477237002,real
Strata,"a=0.98, t0=0.38, t1=0.54",0,5,0.8526718612000125,real
Strata,"a=0.98, t0=0.38, t1=0.54",1,5,0.927587839072292,real
Strata,"a=0.98, t0=0.38, t1=0.54",2,5,0.9521372823905504,real
Strata,"a=0.98, t0=0.38, t1=0.54",3,5,0.9716316812596514,real
Strata,"a=0.98, t0=0.38, t1=0.54",4,5,0.9771487111328084,real
Strata,"a=0.98, t0=0.38, t1=0.54",5,5,0.9778494076505984,real
Strata,"a=0.98, t0=0.38, t1=0.54",6,5,0.9767645048484148,real
Strata,"a=0.98, t0=0.38, t1=0.54",7,5,0.9725370838084432,real
Strata,"a=0.98, t0=0.38, t1=0.54",8,5,0.9658118392072508,real
Strata,"a=0.98, t0=0.38, t1=0.54",9,5,0.9654770446245118,real
Strata,"a=0.98, t0=0.38, t1=0.54",10,5,0.9632823875665384,real
Strata,"a=0.98, t0=0.38, t1=0.54",11,5,0.9717027468918182,real
Strata,"a=0.98, t0=0.38, t1=0.54",12,5,0.9703054709003308,real
Strata,"a=0.98, t0=0.38, t1=0.54",13,5,0.969601708834379,real
Strata,"a=0.98, t0=0.38, t1=0.54",14,5,0.9705344560153945,real
Strata,"a=0.98, t0=0.38, t1=0.54",15,5,0.9697578552627472,real
Strata,"a=0.98, t0=0.38, t1=0.54",16,5,0.969055232197844,real
Strata,"a=0.98, t0=0.38, t1=0.54",17,5,0.9682289141928826,real
Strata,"a=0.98, t0=0.38, t1=0.54",18,5,0.9679529287877036,real
Strata,"a=0.98, t0=0.38, t1=0.54",19,5,0.969367229545492,real
Strata,"a=0.98, t0=0.38, t1=0.54",20,5,0.9674433391448208,real
Strata,"a=0.98, t0=0.38, t1=0.54",21,5,0.9673994660868032,real
Strata,"a=0.98, t0=0.38, t1=0.54",22,5,0.967902921764342,real
Strata,"a=0.98, t0=0.38, t1=0.54",23,5,0.9681053483587369,real
Strata,"a=0.98, t0=0.38, t1=0.54",24,5,0.9673721013714376,real
Strata,"a=0.98, t0=0.38, t1=0.54",25,5,0.9664612849813904,real
Strata,"a=0.98, t0=0.38, t1=0.54",26,5,0.9681405598445496,real
Strata,"a=0.98, t0=0.38, t1=0.54",27,5,0.9657527201755014,real
Strata,"a=0.98, t0=0.38, t1=0.54",0,6,0.8602419951412751,real
Strata,"a=0.98, t0=0.38, t1=0.54",1,6,0.9255991551946772,real
Strata,"a=0.98, t0=0.38, t1=0.54",2,6,0.9544255706813158,real
Strata,"a=0.98, t0=0.38, t1=0.54",3,6,0.9705578396183056,real
Strata,"a=0.98, t0=0.38, t1=0.54",4,6,0.978938800857937,real
Strata,"a=0.98, t0=0.38, t1=0.54",5,6,0.9778302961743012,real
Strata,"a=0.98, t0=0.38, t1=0.54",6,6,0.9770242389091944,real
Strata,"a=0.98, t0=0.38, t1=0.54",7,6,0.9749222330437066,real
Strata,"a=0.98, t0=0.38, t1=0.54",8,6,0.9670220585016744,real
Strata,"a=0.98, t0=0.38, t1=0.54",9,6,0.9657701790286928,real
Strata,"a=0.98, t0=0.38, t1=0.54",10,6,0.9662629401851568,real
Strata,"a=0.98, t0=0.38, t1=0.54",11,6,0.9745759887067476,real
Strata,"a=0.98, t0=0.38, t1=0.54",12,6,0.9751776060931036,real
Strata,"a=0.98, t0=0.38, t1=0.54",13,6,0.9726346189621587,real
Strata,"a=0.98, t0=0.38, t1=0.54",14,6,0.972879139217789,real
Strata,"a=0.98, t0=0.38, t1=0.54",15,6,0.972458148212996,real
Strata,"a=0.98, t0=0.38, t1=0.54",16,6,0.9729002374647086,real
Strata,"a=0.98, t0=0.38, t1=0.54",17,6,0.9713691317764986,real
Strata,"a=0.98, t0=0.38, t1=0.54",18,6,0.9698331564203015,real
Strata,"a=0.98, t0=0.38, t1=0.54",19,6,0.9693222024030992,real
Strata,"a=0.98, t0=0.38, t1=0.54",20,6,0.9691866286577224,real
Strata,"a=0.98, t0=0.38, t1=0.54",21,6,0.9696888911382986,real
Strata,"a=0.98, t0=0.38, t1=0.54",22,6,0.9704246897638484,real
Strata,"a=0.98, t0=0.38, t1=0.54",23,6,0.9705530793810596,real
Strata,"a=0.98, t0=0.38, t1=0.54",24,6,0.9705444206736557,real
Strata,"a=0.98, t0=0.38, t1=0.54",25,6,0.970093286971176,real
Strata,"a=0.98, t0=0.38, t1=0.54",26,6,0.9709644678383051,real
Strata,"a=0.98, t0=0.38, t1=0.54",27,6,0.9685816818410627,real
Strata,"a=0.98, t0=0.38, t1=0.54",0,7,0.8661492419726613,real
Strata,"a=0.98, t0=0.38, t1=0.54",1,7,0.9342396847595212,real
Strata,"a=0.98, t0=0.38, t1=0.54",2,7,0.9562756364506644,real
Strata,"a=0.98, t0=0.38, t1=0.54",3,7,0.9732466923174392,real
Strata,"a=0.98, t0=0.38, t1=0.54",4,7,0.9791311775335778,real
Strata,"a=0.98, t0=0.38, t1=0.54",5,7,0.976347793828263,real
Strata,"a=0.98, t0=0.38, t1=0.54",6,7,0.97623222242673,real
Strata,"a=0.98, t0=0.38, t1=0.54",7,7,0.9735762643788562,real
Strata,"a=0.98, t0=0.38, t1=0.54",8,7,0.9666583188921086,real
Strata,"a=0.98, t0=0.38, t1=0.54",9,7,0.96859051290176,real
Strata,"a=0.98, t0=0.38, t1=0.54",10,7,0.966849872953745,real
Strata,"a=0.98, t0=0.38, t1=0.54",11,7,0.9763573009801596,real
Strata,"a=0.98, t0=0.38, t1=0.54",12,7,0.9752890317764084,real
Strata,"a=0.98, t0=0.38, t1=0.54",13,7,0.9726524608076706,real
Strata,"a=0.98, t0=0.38, t1=0.54",14,7,0.9749426268372798,real
Strata,"a=0.98, t0=0.38, t1=0.54",15,7,0.9744286386717208,real
Strata,"a=0.98, t0=0.38, t1=0.54",16,7,0.973277908800794,real
Strata,"a=0.98, t0=0.38, t1=0.54",17,7,0.9743558839699578,real
Strata,"a=0.98, t0=0.38, t1=0.54",18,7,0.9737419367864916,real
Strata,"a=0.98, t0=0.38, t1=0.54",19,7,0.9725039471110098,real
Strata,"a=0.98, t0=0.38, t1=0.54",20,7,0.9733540626614255,real
Strata,"a=0.98, t0=0.38, t1=0.54",21,7,0.9729582470409038,real
Strata,"a=0.98, t0=0.38, t1=0.54",22,7,0.9728888307494352,real
Strata,"a=0.98, t0=0.38, t1=0.54",23,7,0.973368556719022,real
Strata,"a=0.98, t0=0.38, t1=0.54",24,7,0.9726934384824149,real
Strata,"a=0.98, t0=0.38, t1=0.54",25,7,0.973079904345074,real
Strata,"a=0.98, t0=0.38, t1=0.54",26,7,0.9734797928813804,real
Strata,"a=0.98, t0=0.38, t1=0.54",27,7,0.9732349512747834,real
Strata,"a=0.98, t0=0.38, t1=0.54",0,8,0.8682565423455609,real
Strata,"a=0.98, t0=0.38, t1=0.54",1,8,0.9379446467874604,real
Strata,"a=0.98, t0=0.38, t1=0.54",2,8,0.9561453907540534,real
Strata,"a=0.98, t0=0.38, t1=0.54",3,8,0.9730094800636554,real
Strata,"a=0.98, t0=0.38, t1=0.54",4,8,0.9787804407864082,real
Strata,"a=0.98, t0=0.38, t1=0.54",5,8,0.976149191982688,real
Strata,"a=0.98, t0=0.38, t1=0.54",6,8,0.9756508867418064,real
Strata,"a=0.98, t0=0.38, t1=0.54",7,8,0.9704856006836794,real
Strata,"a=0.98, t0=0.38, t1=0.54",8,8,0.9685655716970032,real
Strata,"a=0.98, t0=0.38, t1=0.54",9,8,0.9670556112640109,real
Strata,"a=0.98, t0=0.38, t1=0.54",10,8,0.9693715955780192,real
Strata,"a=0.98, t0=0.38, t1=0.54",11,8,0.9771114757589942,real
Strata,"a=0.98, t0=0.38, t1=0.54",12,8,0.9763568908012854,real
Strata,"a=0.98, t0=0.38, t1=0.54",13,8,0.9754219793870166,real
Strata,"a=0.98, t0=0.38, t1=0.54",14,8,0.9770358956451348,real
Strata,"a=0.98, t0=0.38, t1=0.54",15,8,0.976532866647137,real
Strata,"a=0.98, t0=0.38, t1=0.54",16,8,0.9760872192744946,real
Strata,"a=0.98, t0=0.38, t1=0.54",17,8,0.9752234599700474,real
Strata,"a=0.98, t0=0.38, t1=0.54",18,8,0.9755352998049512,real
Strata,"a=0.98, t0=0.38, t1=0.54",19,8,0.975779918005527,real
Strata,"a=0.98, t0=0.38, t1=0.54",20,8,0.975783688166268,real
Strata,"a=0.98, t0=0.38, t1=0.54",21,8,0.9759646614099348,real
Strata,"a=0.98, t0=0.38, t1=0.54",22,8,0.9753837028577332,real
Strata,"a=0.98, t0=0.38, t1=0.54",23,8,0.9749553971188808,real
Strata,"a=0.98, t0=0.38, t1=0.54",24,8,0.9754116750180702,real
Strata,"a=0.98, t0=0.38, t1=0.54",25,8,0.975902840724352,real
Strata,"a=0.98, t0=0.38, t1=0.54",26,8,0.9765807786458804,real
Strata,"a=0.98, t0=0.38, t1=0.54",27,8,0.9740778700940148,real
Strata,"a=0.98, t0=0.38, t1=0.54",0,9,0.8734177023156464,real
Strata,"a=0.98, t0=0.38, t1=0.54",1,9,0.9375766340384885,real
Strata,"a=0.98, t0=0.38, t1=0.54",2,9,0.9611392834469764,real
Strata,"a=0.98, t0=0.38, t1=0.54",3,9,0.9770922341854116,real
Strata,"a=0.98, t0=0.38, t1=0.54",4,9,0.9810601860201488,real
Strata,"a=0.98, t0=0.38, t1=0.54",5,9,0.9796164947149062,real
Strata,"a=0.98, t0=0.38, t1=0.54",6,9,0.9783388563756308,real
Strata,"a=0.98, t0=0.38, t1=0.54",7,9,0.973523062405942,real
Strata,"a=0.98, t0=0.38, t1=0.54",8,9,0.9706816295426248,real
Strata,"a=0.98, t0=0.38, t1=0.54",9,9,0.9669033260377432,real
Strata,"a=0.98, t0=0.38, t1=0.54",10,9,0.9673964666331604,real
Strata,"a=0.98, t0=0.38, t1=0.54",11,9,0.9751656103960288,real
Strata,"a=0.98, t0=0.38, t1=0.54",12,9,0.977036356593374,real
Strata,"a=0.98, t0=0.38, t1=0.54",13,9,0.9766418823225108,real
Strata,"a=0.98, t0=0.38, t1=0.54",14,9,0.9766730365132302,real
Strata,"a=0.98, t0=0.38, t1=0.54",15,9,0.9773721617630104,real
Strata,"a=0.98, t0=0.38, t1=0.54",16,9,0.9764588962458556,real
Strata,"a=0.98, t0=0.38, t1=0.54",17,9,0.9753404938453608,real
Strata,"a=0.98, t0=0.38, t1=0.54",18,9,0.9731123842747936,real
Strata,"a=0.98, t0=0.38, t1=0.54",19,9,0.9739228059641316,real
Strata,"a=0.98, t0=0.38, t1=0.54",20,9,0.9731762125088882,real
Strata,"a=0.98, t0=0.38, t1=0.54",21,9,0.9731912799655824,real
Strata,"a=0.98, t0=0.38, t1=0.54",22,9,0.9728524448511564,real
Strata,"a=0.98, t0=0.38, t1=0.54",23,9,0.9730658014880792,real
Strata,"a=0.98, t0=0.38, t1=0.54",24,9,0.9731051280241332,real
Strata,"a=0.98, t0=0.38, t1=0.54",25,9,0.9732074935863892,real
Strata,"a=0.98, t0=0.38, t1=0.54",26,9,0.973798448552257,real
Strata,"a=0.98, t0=0.38, t1=0.54",27,9,0.9700282156044124,real
Strata,"a=0.99, t0=0.38, t1=0.54",0,0,0.8712111458438969,real
Strata,"a=0.99, t0=0.38, t1=0.54",1,0,0.9368822715117268,real
Strata,"a=0.99, t0=0.38, t1=0.54",2,0,0.957101030814456,real
Strata,"a=0.99, t0=0.38, t1=0.54",3,0,0.9692682900518376,real
Strata,"a=0.99, t0=0.38, t1=0.54",4,0,0.9747176838273836,real
Strata,"a=0.99, t0=0.38, t1=0.54",5,0,0.9660956139291192,real
Strata,"a=0.99, t0=0.38, t1=0.54",6,0,0.964397899902282,real
Strata,"a=0.99, t0=0.38, t1=0.54",7,0,0.9672173035399868,real
Strata,"a=0.99, t0=0.38, t1=0.54",8,0,0.9612286070327738,real
Strata,"a=0.99, t0=0.38, t1=0.54",9,0,0.9608396181034404,real
Strata,"a=0.99, t0=0.38, t1=0.54",10,0,0.959333729665626,real
Strata,"a=0.99, t0=0.38, t1=0.54",11,0,0.9697500945168984,real
Strata,"a=0.99, t0=0.38, t1=0.54",12,0,0.9699474866527495,real
Strata,"a=0.99, t0=0.38, t1=0.54",13,0,0.9703772376982772,real
Strata,"a=0.99, t0=0.38, t1=0.54",14,0,0.9721887069208178,real
Strata,"a=0.99, t0=0.38, t1=0.54",15,0,0.972851169805313,real
Strata,"a=0.99, t0=0.38, t1=0.54",16,0,0.971903739640722,real
Strata,"a=0.99, t0=0.38, t1=0.54",17,0,0.9715844505955072,real
Strata,"a=0.99, t0=0.38, t1=0.54",18,0,0.970575145841093,real
Strata,"a=0.99, t0=0.38, t1=0.54",19,0,0.9692451330223116,real
Strata,"a=0.99, t0=0.38, t1=0.54",20,0,0.968712935122386,real
Strata,"a=0.99, t0=0.38, t1=0.54",21,0,0.9697118759255996,real
Strata,"a=0.99, t0=0.38, t1=0.54",22,0,0.9691094864745424,real
Strata,"a=0.99, t0=0.38, t1=0.54",23,0,0.968708351909584,real
Strata,"a=0.99, t0=0.38, t1=0.54",24,0,0.9700983359340084,real
Strata,"a=0.99, t0=0.38, t1=0.54",25,0,0.9684882773732544,real
Strata,"a=0.99, t0=0.38, t1=0.54",26,0,0.9697137062899264,real
Strata,"a=0.99, t0=0.38, t1=0.54",27,0,0.9693894153847497,real
Strata,"a=0.99, t0=0.38, t1=0.54",0,1,0.7714917125772484,real
Strata,"a=0.99, t0=0.38, t1=0.54",1,1,0.8875284610329528,real
Strata,"a=0.99, t0=0.38, t1=0.54",2,1,0.9197165790115568,real
Strata,"a=0.99, t0=0.38, t1=0.54",3,1,0.9440639648381725,real
Strata,"a=0.99, t0=0.38, t1=0.54",4,1,0.9471595116377362,real
Strata,"a=0.99, t0=0.38, t1=0.54",5,1,0.939156835704288,real
Strata,"a=0.99, t0=0.38, t1=0.54",6,1,0.9388630911344366,real
Strata,"a=0.99, t0=0.38, t1=0.54",7,1,0.932096456401914,real
Strata,"a=0.99, t0=0.38, t1=0.54",8,1,0.923646328682136,real
Strata,"a=0.99, t0=0.38, t1=0.54",9,1,0.92840994000211,real
Strata,"a=0.99, t0=0.38, t1=0.54",10,1,0.9233428724199866,real
Strata,"a=0.99, t0=0.38, t1=0.54",11,1,0.9408454102689188,real
Strata,"a=0.99, t0=0.38, t1=0.54",12,1,0.9407198774592316,real
Strata,"a=0.99, t0=0.38, t1=0.54",13,1,0.9426259571843928,real
Strata,"a=0.99, t0=0.38, t1=0.54",14,1,0.9468112661006208,real
Strata,"a=0.99, t0=0.38, t1=0.54",15,1,0.9446008166892776,real
Strata,"a=0.99, t0=0.38, t1=0.54",16,1,0.9429924607030282,real
Strata,"a=0.99, t0=0.38, t1=0.54",17,1,0.9422173731655086,real
Strata,"a=0.99, t0=0.38, t1=0.54",18,1,0.9412361195244114,real
Strata,"a=0.99, t0=0.38, t1=0.54",19,1,0.9429457605869837,real
Strata,"a=0.99, t0=0.38, t1=0.54",20,1,0.943579046917826,real
Strata,"a=0.99, t0=0.38, t1=0.54",21,1,0.9454196383395186,real
Strata,"a=0.99, t0=0.38, t1=0.54",22,1,0.9453062897664928,real
Strata,"a=0.99, t0=0.38, t1=0.54",23,1,0.9444220480571072,real
Strata,"a=0.99, t0=0.38, t1=0.54",24,1,0.9439786594328524,real
Strata,"a=0.99, t0=0.38, t1=0.54",25,1,0.9458276186586114,real
Strata,"a=0.99, t0=0.38, t1=0.54",26,1,0.9458171720274368,real
Strata,"a=0.99, t0=0.38, t1=0.54",27,1,0.9463739774690418,real
Strata,"a=0.99, t0=0.38, t1=0.54",0,2,0.8595369843276477,real
Strata,"a=0.99, t0=0.38, t1=0.54",1,2,0.9270658140862909,real
Strata,"a=0.99, t0=0.38, t1=0.54",2,2,0.9431503181767298,real
Strata,"a=0.99, t0=0.38, t1=0.54",3,2,0.9639900284973542,real
Strata,"a=0.99, t0=0.38, t1=0.54",4,2,0.9669506368453586,real
Strata,"a=0.99, t0=0.38, t1=0.54",5,2,0.9622196086666956,real
Strata,"a=0.99, t0=0.38, t1=0.54",6,2,0.9631643250965576,real
Strata,"a=0.99, t0=0.38, t1=0.54",7,2,0.9574153219934196,real
Strata,"a=0.99, t0=0.38, t1=0.54",8,2,0.9516170101985588,real
Strata,"a=0.99, t0=0.38, t1=0.54",9,2,0.9535763337210392,real
Strata,"a=0.99, t0=0.38, t1=0.54",10,2,0.9529840052302287,real
Strata,"a=0.99, t0=0.38, t1=0.54",11,2,0.9667455670948126,real
Strata,"a=0.99, t0=0.38, t1=0.54",12,2,0.9656139965526818,real
Strata,"a=0.99, t0=0.38, t1=0.54",13,2,0.9600565266587696,real
Strata,"a=0.99, t0=0.38, t1=0.54",14,2,0.9617505880057412,real
Strata,"a=0.99, t0=0.38, t1=0.54",15,2,0.9601789145068944,real
Strata,"a=0.99, t0=0.38, t1=0.54",16,2,0.9584048450271908,real
Strata,"a=0.99, t0=0.38, t1=0.54",17,2,0.9592782360886092,real
Strata,"a=0.99, t0=0.38, t1=0.54",18,2,0.9566140714741308,real
Strata,"a=0.99, t0=0.38, t1=0.54",19,2,0.9577587849451452,real
Strata,"a=0.99, t0=0.38, t1=0.54",20,2,0.957334955184266,real
Strata,"a=0.99, t0=0.38, t1=0.54",21,2,0.9589962046258488,real
Strata,"a=0.99, t0=0.38, t1=0.54",22,2,0.9571873388750984,real
Strata,"a=0.99, t0=0.38, t1=0.54",23,2,0.9590000196386986,real
Strata,"a=0.99, t0=0.38, t1=0.54",24,2,0.9597283051259016,real
Strata,"a=0.99, t0=0.38, t1=0.54",25,2,0.9601122193249862,real
Strata,"a=0.99, t0=0.38, t1=0.54",26,2,0.9612124266418212,real
Strata,"a=0.99, t0=0.38, t1=0.54",27,2,0.9602916320660372,real
Strata,"a=0.99, t0=0.38, t1=0.54",0,3,0.8804631543044816,real
Strata,"a=0.99, t0=0.38, t1=0.54",1,3,0.9341398039704706,real
Strata,"a=0.99, t0=0.38, t1=0.54",2,3,0.9566172174444048,real
Strata,"a=0.99, t0=0.38, t1=0.54",3,3,0.9692232839925908,real
Strata,"a=0.99, t0=0.38, t1=0.54",4,3,0.9663083501614764,real
Strata,"a=0.99, t0=0.38, t1=0.54",5,3,0.968327809129012,real
Strata,"a=0.99, t0=0.38, t1=0.54",6,3,0.9728539304777456,real
Strata,"a=0.99, t0=0.38, t1=0.54",7,3,0.9666747363579428,real
Strata,"a=0.99, t0=0.38, t1=0.54",8,3,0.955925723334651,real
Strata,"a=0.99, t0=0.38, t1=0.54",9,3,0.9609247175719976,real
Strata,"a=0.99, t0=0.38, t1=0.54",10,3,0.9602586172042892,real
Strata,"a=0.99, t0=0.38, t1=0.54",11,3,0.9685500786289092,real
Strata,"a=0.99, t0=0.38, t1=0.54",12,3,0.9686189030309804,real
Strata,"a=0.99, t0=0.38, t1=0.54",13,3,0.9630733578931584,real
Strata,"a=0.99, t0=0.38, t1=0.54",14,3,0.9660576628300636,real
Strata,"a=0.99, t0=0.38, t1=0.54",15,3,0.9628760581170676,real
Strata,"a=0.99, t0=0.38, t1=0.54",16,3,0.962416142537076,real
Strata,"a=0.99, t0=0.38, t1=0.54",17,3,0.9611429728890744,real
Strata,"a=0.99, t0=0.38, t1=0.54",18,3,0.9624461811083576,real
Strata,"a=0.99, t0=0.38, t1=0.54",19,3,0.9632276660941,real
Strata,"a=0.99, t0=0.38, t1=0.54",20,3,0.964027601254178,real
Strata,"a=0.99, t0=0.38, t1=0.54",21,3,0.9627970744962766,real
Strata,"a=0.99, t0=0.38, t1=0.54",22,3,0.9612279099842254,real
Strata,"a=0.99, t0=0.38, t1=0.54",23,3,0.9608147655531268,real
Strata,"a=0.99, t0=0.38, t1=0.54",24,3,0.961756925470525,real
Strata,"a=0.99, t0=0.38, t1=0.54",25,3,0.9623754884431828,real
Strata,"a=0.99, t0=0.38, t1=0.54",26,3,0.9632423711327212,real
Strata,"a=0.99, t0=0.38, t1=0.54",27,3,0.961703042868528,real
Strata,"a=0.99, t0=0.38, t1=0.54",0,4,0.8745923273880609,real
Strata,"a=0.99, t0=0.38, t1=0.54",1,4,0.9181310849945454,real
Strata,"a=0.99, t0=0.38, t1=0.54",2,4,0.940482527354004,real
Strata,"a=0.99, t0=0.38, t1=0.54",3,4,0.9551560697173512,real
Strata,"a=0.99, t0=0.38, t1=0.54",4,4,0.9617378889367284,real
Strata,"a=0.99, t0=0.38, t1=0.54",5,4,0.9602285772534688,real
Strata,"a=0.99, t0=0.38, t1=0.54",6,4,0.9592987144906135,real
Strata,"a=0.99, t0=0.38, t1=0.54",7,4,0.9561141451025308,real
Strata,"a=0.99, t0=0.38, t1=0.54",8,4,0.9559887654188056,real
Strata,"a=0.99, t0=0.38, t1=0.54",9,4,0.9538475102981556,real
Strata,"a=0.99, t0=0.38, t1=0.54",10,4,0.9572614130783452,real
Strata,"a=0.99, t0=0.38, t1=0.54",11,4,0.9657593567462448,real
Strata,"a=0.99, t0=0.38, t1=0.54",12,4,0.966977044410063,real
Strata,"a=0.99, t0=0.38, t1=0.54",13,4,0.9638023676457314,real
Strata,"a=0.99, t0=0.38, t1=0.54",14,4,0.9644448113026108,real
Strata,"a=0.99, t0=0.38, t1=0.54",15,4,0.9639216933069394,real
Strata,"a=0.99, t0=0.38, t1=0.54",16,4,0.9631028385047904,real
Strata,"a=0.99, t0=0.38, t1=0.54",17,4,0.9628673721246552,real
Strata,"a=0.99, t0=0.38, t1=0.54",18,4,0.961926778826237,real
Strata,"a=0.99, t0=0.38, t1=0.54",19,4,0.9611050637177974,real
Strata,"a=0.99, t0=0.38, t1=0.54",20,4,0.9597468481530425,real
Strata,"a=0.99, t0=0.38, t1=0.54",21,4,0.9591057798121476,real
Strata,"a=0.99, t0=0.38, t1=0.54",22,4,0.9582678592260424,real
Strata,"a=0.99, t0=0.38, t1=0.54",23,4,0.9588394949478216,real
Strata,"a=0.99, t0=0.38, t1=0.54",24,4,0.9593628037768116,real
Strata,"a=0.99, t0=0.38, t1=0.54",25,4,0.9597515816967352,real
Strata,"a=0.99, t0=0.38, t1=0.54",26,4,0.9602661604497764,real
Strata,"a=0.99, t0=0.38, t1=0.54",27,4,0.9616090303835422,real
Strata,"a=0.99, t0=0.38, t1=0.54",0,5,0.8280003075910751,real
Strata,"a=0.99, t0=0.38, t1=0.54",1,5,0.905011417858582,real
Strata,"a=0.99, t0=0.38, t1=0.54",2,5,0.939186762292449,real
Strata,"a=0.99, t0=0.38, t1=0.54",3,5,0.9573122039679248,real
Strata,"a=0.99, t0=0.38, t1=0.54",4,5,0.9622265116251906,real
Strata,"a=0.99, t0=0.38, t1=0.54",5,5,0.9573188181494308,real
Strata,"a=0.99, t0=0.38, t1=0.54",6,5,0.9565202153526882,real
Strata,"a=0.99, t0=0.38, t1=0.54",7,5,0.9512993192113988,real
Strata,"a=0.99, t0=0.38, t1=0.54",8,5,0.9448398336282704,real
Strata,"a=0.99, t0=0.38, t1=0.54",9,5,0.9473846192781732,real
Strata,"a=0.99, t0=0.38, t1=0.54",10,5,0.9409414477027036,real
Strata,"a=0.99, t0=0.38, t1=0.54",11,5,0.953413978651622,real
Strata,"a=0.99, t0=0.38, t1=0.54",12,5,0.9533445565140196,real
Strata,"a=0.99, t0=0.38, t1=0.54",13,5,0.9533508446100504,real
Strata,"a=0.99, t0=0.38, t1=0.54",14,5,0.959719108998207,real
Strata,"a=0.99, t0=0.38, t1=0.54",15,5,0.9603147016853264,real
Strata,"a=0.99, t0=0.38, t1=0.54",16,5,0.958660260790509,real
Strata,"a=0.99, t0=0.38, t1=0.54",17,5,0.9570150816965788,real
Strata,"a=0.99, t0=0.38, t1=0.54",18,5,0.954537060831002,real
Strata,"a=0.99, t0=0.38, t1=0.54",19,5,0.9522586042762946,real
Strata,"a=0.99, t0=0.38, t1=0.54",20,5,0.954677735078426,real
Strata,"a=0.99, t0=0.38, t1=0.54",21,5,0.9566010018124512,real
Strata,"a=0.99, t0=0.38, t1=0.54",22,5,0.9553886646848456,real
Strata,"a=0.99, t0=0.38, t1=0.54",23,5,0.9556470071193708,real
Strata,"a=0.99, t0=0.38, t1=0.54",24,5,0.9544157424333568,real
Strata,"a=0.99, t0=0.38, t1=0.54",25,5,0.955752989765783,real
Strata,"a=0.99, t0=0.38, t1=0.54",26,5,0.9580787968516692,real
Strata,"a=0.99, t0=0.38, t1=0.54",27,5,0.9580594945383116,real
Strata,"a=0.99, t0=0.38, t1=0.54",0,6,0.8458045343213483,real
Strata,"a=0.99, t0=0.38, t1=0.54",1,6,0.9038057688522084,real
Strata,"a=0.99, t0=0.38, t1=0.54",2,6,0.9376713762274874,real
Strata,"a=0.99, t0=0.38, t1=0.54",3,6,0.956356695079659,real
Strata,"a=0.99, t0=0.38, t1=0.54",4,6,0.9594790629200936,real
Strata,"a=0.99, t0=0.38, t1=0.54",5,6,0.9577283818059276,real
Strata,"a=0.99, t0=0.38, t1=0.54",6,6,0.9595160686595278,real
Strata,"a=0.99, t0=0.38, t1=0.54",7,6,0.9529119780228626,real
Strata,"a=0.99, t0=0.38, t1=0.54",8,6,0.9423236988213048,real
Strata,"a=0.99, t0=0.38, t1=0.54",9,6,0.9432404998935244,real
Strata,"a=0.99, t0=0.38, t1=0.54",10,6,0.94411329747803,real
Strata,"a=0.99, t0=0.38, t1=0.54",11,6,0.9573278270354209,real
Strata,"a=0.99, t0=0.38, t1=0.54",12,6,0.9574871470116232,real
Strata,"a=0.99, t0=0.38, t1=0.54",13,6,0.9535466143338766,real
Strata,"a=0.99, t0=0.38, t1=0.54",14,6,0.9582613403770625,real
Strata,"a=0.99, t0=0.38, t1=0.54",15,6,0.958256007452556,real
Strata,"a=0.99, t0=0.38, t1=0.54",16,6,0.9551676495835012,real
Strata,"a=0.99, t0=0.38, t1=0.54",17,6,0.9521794281202274,real
Strata,"a=0.99, t0=0.38, t1=0.54",18,6,0.9508329378614588,real
Strata,"a=0.99, t0=0.38, t1=0.54",19,6,0.9507064432704896,real
Strata,"a=0.99, t0=0.38, t1=0.54",20,6,0.9516016062073412,real
Strata,"a=0.99, t0=0.38, t1=0.54",21,6,0.9511809134723396,real
Strata,"a=0.99, t0=0.38, t1=0.54",22,6,0.9495590000739108,real
Strata,"a=0.99, t0=0.38, t1=0.54",23,6,0.9516159904676948,real
Strata,"a=0.99, t0=0.38, t1=0.54",24,6,0.9533321264885536,real
Strata,"a=0.99, t0=0.38, t1=0.54",25,6,0.9542707212016588,real
Strata,"a=0.99, t0=0.38, t1=0.54",26,6,0.954219431823088,real
Strata,"a=0.99, t0=0.38, t1=0.54",27,6,0.953443468438966,real
Strata,"a=0.99, t0=0.38, t1=0.54",0,7,0.8329580921436525,real
Strata,"a=0.99, t0=0.38, t1=0.54",1,7,0.9110964666113284,real
Strata,"a=0.99, t0=0.38, t1=0.54",2,7,0.9399472423445452,real
Strata,"a=0.99, t0=0.38, t1=0.54",3,7,0.9561858984685782,real
Strata,"a=0.99, t0=0.38, t1=0.54",4,7,0.9552800893771276,real
Strata,"a=0.99, t0=0.38, t1=0.54",5,7,0.9530795854489136,real
Strata,"a=0.99, t0=0.38, t1=0.54",6,7,0.9521000321178142,real
Strata,"a=0.99, t0=0.38, t1=0.54",7,7,0.9473737322972914,real
Strata,"a=0.99, t0=0.38, t1=0.54",8,7,0.9408439919359268,real
Strata,"a=0.99, t0=0.38, t1=0.54",9,7,0.941257446972696,real
Strata,"a=0.99, t0=0.38, t1=0.54",10,7,0.9421932574191167,real
Strata,"a=0.99, t0=0.38, t1=0.54",11,7,0.9558921170185214,real
Strata,"a=0.99, t0=0.38, t1=0.54",12,7,0.9522980274236386,real
Strata,"a=0.99, t0=0.38, t1=0.54",13,7,0.9521161646646004,real
Strata,"a=0.99, t0=0.38, t1=0.54",14,7,0.9589249630837872,real
Strata,"a=0.99, t0=0.38, t1=0.54",15,7,0.9598962887705692,real
Strata,"a=0.99, t0=0.38, t1=0.54",16,7,0.9556763890936456,real
Strata,"a=0.99, t0=0.38, t1=0.54",17,7,0.9554702934219792,real
Strata,"a=0.99, t0=0.38, t1=0.54",18,7,0.9570581151337816,real
Strata,"a=0.99, t0=0.38, t1=0.54",19,7,0.9589751926250633,real
Strata,"a=0.99, t0=0.38, t1=0.54",20,7,0.9572136403396836,real
Strata,"a=0.99, t0=0.38, t1=0.54",21,7,0.9566611790248856,real
Strata,"a=0.99, t0=0.38, t1=0.54",22,7,0.957104253581198,real
Strata,"a=0.99, t0=0.38, t1=0.54",23,7,0.956255387970613,real
Strata,"a=0.99, t0=0.38, t1=0.54",24,7,0.956302271906244,real
Strata,"a=0.99, t0=0.38, t1=0.54",25,7,0.955598062828874,real
Strata,"a=0.99, t0=0.38, t1=0.54",26,7,0.9550076361630588,real
Strata,"a=0.99, t0=0.38, t1=0.54",27,7,0.9572935712223803,real
Strata,"a=0.99, t0=0.38, t1=0.54",0,8,0.8247696081106629,real
Strata,"a=0.99, t0=0.38, t1=0.54",1,8,0.9095868719288244,real
Strata,"a=0.99, t0=0.38, t1=0.54",2,8,0.9321020133510306,real
Strata,"a=0.99, t0=0.38, t1=0.54",3,8,0.9565159524749264,real
Strata,"a=0.99, t0=0.38, t1=0.54",4,8,0.9643276751171332,real
Strata,"a=0.99, t0=0.38, t1=0.54",5,8,0.9634899943593034,real
Strata,"a=0.99, t0=0.38, t1=0.54",6,8,0.9593146902267828,real
Strata,"a=0.99, t0=0.38, t1=0.54",7,8,0.9563268001232011,real
Strata,"a=0.99, t0=0.38, t1=0.54",8,8,0.9522922896207866,real
Strata,"a=0.99, t0=0.38, t1=0.54",9,8,0.9510570162637196,real
Strata,"a=0.99, t0=0.38, t1=0.54",10,8,0.9522157410788348,real
Strata,"a=0.99, t0=0.38, t1=0.54",11,8,0.9638433081875204,real
Strata,"a=0.99, t0=0.38, t1=0.54",12,8,0.9627237857614735,real
Strata,"a=0.99, t0=0.38, t1=0.54",13,8,0.961413714095304,real
Strata,"a=0.99, t0=0.38, t1=0.54",14,8,0.963162085997142,real
Strata,"a=0.99, t0=0.38, t1=0.54",15,8,0.9625570024691522,real
Strata,"a=0.99, t0=0.38, t1=0.54",16,8,0.9626173537014516,real
Strata,"a=0.99, t0=0.38, t1=0.54",17,8,0.9609486845297016,real
Strata,"a=0.99, t0=0.38, t1=0.54",18,8,0.9602359251692208,real
Strata,"a=0.99, t0=0.38, t1=0.54",19,8,0.9622302083198278,real
Strata,"a=0.99, t0=0.38, t1=0.54",20,8,0.961291388601858,real
Strata,"a=0.99, t0=0.38, t1=0.54",21,8,0.9608128895457684,real
Strata,"a=0.99, t0=0.38, t1=0.54",22,8,0.9595634682768672,real
Strata,"a=0.99, t0=0.38, t1=0.54",23,8,0.9591261644725516,real
Strata,"a=0.99, t0=0.38, t1=0.54",24,8,0.9598069791389958,real
Strata,"a=0.99, t0=0.38, t1=0.54",25,8,0.9596074525941776,real
Strata,"a=0.99, t0=0.38, t1=0.54",26,8,0.9602292540259784,real
Strata,"a=0.99, t0=0.38, t1=0.54",27,8,0.9574450128191484,real
Strata,"a=0.99, t0=0.38, t1=0.54",0,9,0.8886943275989279,real
Strata,"a=0.99, t0=0.38, t1=0.54",1,9,0.9340668842958664,real
Strata,"a=0.99, t0=0.38, t1=0.54",2,9,0.9582915573891284,real
Strata,"a=0.99, t0=0.38, t1=0.54",3,9,0.9589484283713768,real
Strata,"a=0.99, t0=0.38, t1=0.54",4,9,0.9648651408272948,real
Strata,"a=0.99, t0=0.38, t1=0.54",5,9,0.9612543680798178,real
Strata,"a=0.99, t0=0.38, t1=0.54",6,9,0.9571654551290802,real
Strata,"a=0.99, t0=0.38, t1=0.54",7,9,0.9580055564587452,real
Strata,"a=0.99, t0=0.38, t1=0.54",8,9,0.9500130731715284,real
Strata,"a=0.99, t0=0.38, t1=0.54",9,9,0.9502042333207136,real
Strata,"a=0.99, t0=0.38, t1=0.54",10,9,0.948312544344402,real
Strata,"a=0.99, t0=0.38, t1=0.54",11,9,0.9622043556913727,real
Strata,"a=0.99, t0=0.38, t1=0.54",12,9,0.9656289387175766,real
Strata,"a=0.99, t0=0.38, t1=0.54",13,9,0.959607908883286,real
Strata,"a=0.99, t0=0.38, t1=0.54",14,9,0.9636664271942808,real
Strata,"a=0.99, t0=0.38, t1=0.54",15,9,0.9659636934070026,real
Strata,"a=0.99, t0=0.38, t1=0.54",16,9,0.962747032247485,real
Strata,"a=0.99, t0=0.38, t1=0.54",17,9,0.96318919350554,real
Strata,"a=0.99, t0=0.38, t1=0.54",18,9,0.9602428474948268,real
Strata,"a=0.99, t0=0.38, t1=0.54",19,9,0.9600829488949008,real
Strata,"a=0.99, t0=0.38, t1=0.54",20,9,0.959940014438048,real
Strata,"a=0.99, t0=0.38, t1=0.54",21,9,0.9595523166603428,real
Strata,"a=0.99, t0=0.38, t1=0.54",22,9,0.9589706335765514,real
Strata,"a=0.99, t0=0.38, t1=0.54",23,9,0.9588163148815324,real
Strata,"a=0.99, t0=0.38, t1=0.54",24,9,0.9586082521970568,real
Strata,"a=0.99, t0=0.38, t1=0.54",25,9,0.9588652402622564,real
Strata,"a=0.99, t0=0.38, t1=0.54",26,9,0.9577919842782572,real
Strata,"a=0.99, t0=0.38, t1=0.54",27,9,0.9599964735705075,real
Arch,a=0.9,0,0,0.8587250059325011,real
Arch,a=0.9,1,0,0.9304276410950012,real
Arch,a=0.9,2,0,0.9430954242283346,real
Arch,a=0.9,3,0,0.9507080495131156,real
Arch,a=0.9,4,0,0.9516968171712158,real
Arch,a=0.9,5,0,0.9355091270376988,real
Arch,a=0.9,6,0,0.9319532424577576,real
Arch,a=0.9,7,0,0.9127975002578436,real
Arch,a=0.9,8,0,0.8921618689223307,real
Arch,a=0.9,9,0,0.8949516184093685,real
Arch,a=0.9,10,0,0.8913710631146847,real
Arch,a=0.9,11,0,0.9008895764487672,real
Arch,a=0.9,12,0,0.901574205160144,real
Arch,a=0.9,13,0,0.9044971869882432,real
Arch,a=0.9,14,0,0.9058092418934364,real
Arch,a=0.9,15,0,0.9002561692771069,real
Arch,a=0.9,16,0,0.8993024882754492,real
Arch,a=0.9,17,0,0.900156955794691,real
Arch,a=0.9,18,0,0.901925183089982,real
Arch,a=0.9,19,0,0.903735185517486,real
Arch,a=0.9,20,0,0.906520185597145,real
Arch,a=0.9,21,0,0.9069367446542504,real
Arch,a=0.9,22,0,0.9068960766252748,real
Arch,a=0.9,23,0,0.9096742375583085,real
Arch,a=0.9,24,0,0.909698836213077,real
Arch,a=0.9,25,0,0.9094698034120056,real
Arch,a=0.9,26,0,0.9125067513644752,real
Arch,a=0.9,27,0,0.9141447269812668,real
Arch,a=0.9,0,1,0.8148989504172045,real
Arch,a=0.9,1,1,0.9003422247227024,real
Arch,a=0.9,2,1,0.9250570669725872,real
Arch,a=0.9,3,1,0.9376763982629752,real
Arch,a=0.9,4,1,0.9343315126949584,real
Arch,a=0.9,5,1,0.9220059199655252,real
Arch,a=0.9,6,1,0.9188675723768492,real
Arch,a=0.9,7,1,0.8930104684670775,real
Arch,a=0.9,8,1,0.8730493771003138,real
Arch,a=0.9,9,1,0.874490599095723,real
Arch,a=0.9,10,1,0.8726348598097051,real
Arch,a=0.9,11,1,0.8854928231441752,real
Arch,a=0.9,12,1,0.8774778328035421,real
Arch,a=0.9,13,1,0.8784120968301447,real
Arch,a=0.9,14,1,0.884253082251683,real
Arch,a=0.9,15,1,0.881269916031422,real
Arch,a=0.9,16,1,0.8835477701373614,real
Arch,a=0.9,17,1,0.878940332766898,real
Arch,a=0.9,18,1,0.8819834608382786,real
Arch,a=0.9,19,1,0.8825082155919868,real
Arch,a=0.9,20,1,0.8857514689370983,real
Arch,a=0.9,21,1,0.8883567252547737,real
Arch,a=0.9,22,1,0.8875051912378745,real
Arch,a=0.9,23,1,0.886953271041736,real
Arch,a=0.9,24,1,0.8892963881687658,real
Arch,a=0.9,25,1,0.8900761365268689,real
Arch,a=0.9,26,1,0.8915442430271293,real
Arch,a=0.9,27,1,0.8901477878242142,real
Arch,a=0.9,0,2,0.8307388077989983,real
Arch,a=0.9,1,2,0.9151568049368336,real
Arch,a=0.9,2,2,0.9293053074636708,real
Arch,a=0.9,3,2,0.9377531947052492,real
Arch,a=0.9,4,2,0.9382017159298428,real
Arch,a=0.9,5,2,0.9239417798620864,real
Arch,a=0.9,6,2,0.9129501250070166,real
Arch,a=0.9,7,2,0.9045938562811454,real
Arch,a=0.9,8,2,0.8915633074531094,real
Arch,a=0.9,9,2,0.8824595440994204,real
Arch,a=0.9,10,2,0.875297848799696,real
Arch,a=0.9,11,2,0.887946484714291,real
Arch,a=0.9,12,2,0.8975510511326908,real
Arch,a=0.9,13,2,0.8968233470821819,real
Arch,a=0.9,14,2,0.8932508483911227,real
Arch,a=0.9,15,2,0.8928405025667364,real
Arch,a=0.9,16,2,0.894321568741733,real
Arch,a=0.9,17,2,0.8912921313153578,real
Arch,a=0.9,18,2,0.8934601591108631,real
Arch,a=0.9,19,2,0.8953820820929282,real
Arch,a=0.9,20,2,0.8947548711468394,real
Arch,a=0.9,21,2,0.8971785139899701,real
Arch,a=0.9,22,2,0.8970308119852617,real
Arch,a=0.9,23,2,0.8990353566548072,real
Arch,a=0.9,24,2,0.9012454898508933,real
Arch,a=0.9,25,2,0.9011327544591508,real
Arch,a=0.9,26,2,0.90397061811926,real
Arch,a=0.9,27,2,0.9046557828189136,real
Arch,a=0.9,0,3,0.8139944044545535,real
Arch,a=0.9,1,3,0.8980181132312918,real
Arch,a=0.9,2,3,0.9143927561703448,real
Arch,a=0.9,3,3,0.924990974845896,real
Arch,a=0.9,4,3,0.9194228330036384,real
Arch,a=0.9,5,3,0.904553296703682,real
Arch,a=0.9,6,3,0.8966970791565381,real
Arch,a=0.9,7,3,0.8849618989705763,real
Arch,a=0.9,8,3,0.8603678280083672,real
Arch,a=0.9,9,3,0.8534219286346021,real
Arch,a=0.9,10,3,0.8543966728317262,real
Arch,a=0.9,11,3,0.8749894418471973,real
Arch,a=0.9,12,3,0.8628951967944496,real
Arch,a=0.9,13,3,0.8663663867891984,real
Arch,a=0.9,14,3,0.870647523620955,real
Arch,a=0.9,15,3,0.8689382300718436,real
Arch,a=0.9,16,3,0.8730923810064868,real
Arch,a=0.9,17,3,0.8723203583529743,real
Arch,a=0.9,18,3,0.874414830349647,real
Arch,a=0.9,19,3,0.8743772443276293,real
Arch,a=0.9,20,3,0.8740051414572044,real
Arch,a=0.9,21,3,0.8754570064503174,real
Arch,a=0.9,22,3,0.875913724837154,real
Arch,a=0.9,23,3,0.8761929585462123,real
Arch,a=0.9,24,3,0.8765111058742006,real
Arch,a=0.9,25,3,0.8778233853240324,real
Arch,a=0.9,26,3,0.8792770538450263,real
Arch,a=0.9,27,3,0.8828455591983478,real
Arch,a=0.9,0,4,0.8475352008733921,real
Arch,a=0.9,1,4,0.9291992551390662,real
Arch,a=0.9,2,4,0.9441043315850652,real
Arch,a=0.9,3,4,0.953886982887362,real
Arch,a=0.9,4,4,0.9505534525552816,real
Arch,a=0.9,5,4,0.9381621093617676,real
Arch,a=0.9,6,4,0.9281652657777244,real
Arch,a=0.9,7,4,0.9217465929096904,real
Arch,a=0.9,8,4,0.9084061986734584,real
Arch,a=0.9,9,4,0.9002693660455299,real
Arch,a=0.9,10,4,0.899827431517025,real
Arch,a=0.9,11,4,0.9077549897746156,real
Arch,a=0.9,12,4,0.906277583857346,real
Arch,a=0.9,13,4,0.9027078153294624,real
Arch,a=0.9,14,4,0.9041791237624768,real
Arch,a=0.9,15,4,0.9003548336596616,real
Arch,a=0.9,16,4,0.9022194358762424,real
Arch,a=0.9,17,4,0.9013983926837932,real
Arch,a=0.9,18,4,0.9024116941521254,real
Arch,a=0.9,19,4,0.903753836333844,real
Arch,a=0.9,20,4,0.9025844380587544,real
Arch,a=0.9,21,4,0.9046705277614586,real
Arch,a=0.9,22,4,0.905480126072746,real
Arch,a=0.9,23,4,0.905773821564382,real
Arch,a=0.9,24,4,0.9092356803485824,real
Arch,a=0.9,25,4,0.9094471807846012,real
Arch,a=0.9,26,4,0.9120063094444224,real
Arch,a=0.9,27,4,0.9107899339245636,real
Arch,a=0.9,0,5,0.8237241081126395,real
Arch,a=0.9,1,5,0.9087165861161532,real
Arch,a=0.9,2,5,0.9163421752101238,real
Arch,a=0.9,3,5,0.9254146324017174,real
Arch,a=0.9,4,5,0.922691678785692,real
Arch,a=0.9,5,5,0.9043285649980682,real
Arch,a=0.9,6,5,0.8945045004410231,real
Arch,a=0.9,7,5,0.8833799186840743,real
Arch,a=0.9,8,5,0.8643491992331299,real
Arch,a=0.9,9,5,0.8707736494120906,real
Arch,a=0.9,10,5,0.874968870962451,real
Arch,a=0.9,11,5,0.8868222116218718,real
Arch,a=0.9,12,5,0.8853973719028145,real
Arch,a=0.9,13,5,0.8794820005139196,real
Arch,a=0.9,14,5,0.8848696020221459,real
Arch,a=0.9,15,5,0.8852297899308214,real
Arch,a=0.9,16,5,0.882044377045655,real
Arch,a=0.9,17,5,0.8811682990902531,real
Arch,a=0.9,18,5,0.88201049161327,real
Arch,a=0.9,19,5,0.8815158668110015,real
Arch,a=0.9,20,5,0.8795662072371538,real
Arch,a=0.9,21,5,0.8782618629766513,real
Arch,a=0.9,22,5,0.8785405322165606,real
Arch,a=0.9,23,5,0.8776320153665595,real
Arch,a=0.9,24,5,0.8843974839810178,real
Arch,a=0.9,25,5,0.8865046908828482,real
Arch,a=0.9,26,5,0.8881528441438683,real
Arch,a=0.9,27,5,0.8891298836026855,real
Arch,a=0.9,0,6,0.8119995697579546,real
Arch,a=0.9,1,6,0.8922118703368919,real
Arch,a=0.9,2,6,0.9118317375693822,real
Arch,a=0.9,3,6,0.9240277230580652,real
Arch,a=0.9,4,6,0.9223737200849272,real
Arch,a=0.9,5,6,0.9056196217352502,real
Arch,a=0.9,6,6,0.9015593619214838,real
Arch,a=0.9,7,6,0.8854797471474101,real
Arch,a=0.9,8,6,0.8677192990680672,real
Arch,a=0.9,9,6,0.8634982964443274,real
Arch,a=0.9,10,6,0.8630823216538133,real
Arch,a=0.9,11,6,0.8787478511816014,real
Arch,a=0.9,12,6,0.8776509587977944,real
Arch,a=0.9,13,6,0.8776039354566134,real
Arch,a=0.9,14,6,0.8802326263344488,real
Arch,a=0.9,15,6,0.8778081258247024,real
Arch,a=0.9,16,6,0.8747936091500247,real
Arch,a=0.9,17,6,0.8756846488451872,real
Arch,a=0.9,18,6,0.8751197827531205,real
Arch,a=0.9,19,6,0.8772667953215076,real
Arch,a=0.9,20,6,0.8802563532695716,real
Arch,a=0.9,21,6,0.8820453211249323,real
Arch,a=0.9,22,6,0.882103932873439,real
Arch,a=0.9,23,6,0.8841115736162605,real
Arch,a=0.9,24,6,0.8860191163515322,real
Arch,a=0.9,25,6,0.8891972221116666,real
Arch,a=0.9,26,6,0.8907487053512658,real
Arch,a=0.9,27,6,0.8893213340737157,real
Arch,a=0.9,0,7,0.8490782037232947,real
Arch,a=0.9,1,7,0.9134301701275392,real
Arch,a=0.9,2,7,0.9341243661918964,real
Arch,a=0.9,3,7,0.9445384753788676,real
Arch,a=0.9,4,7,0.9461411174365312,real
Arch,a=0.9,5,7,0.9299609249021183,real
Arch,a=0.9,6,7,0.9238261395618824,real
Arch,a=0.9,7,7,0.9120246056198738,real
Arch,a=0.9,8,7,0.8945440842789545,real
Arch,a=0.9,9,7,0.8931913650420598,real
Arch,a=0.9,10,7,0.887210465369698,real
Arch,a=0.9,11,7,0.9004726832920562,real
Arch,a=0.9,12,7,0.9013399023136917,real
Arch,a=0.9,13,7,0.90213100738814,real
Arch,a=0.9,14,7,0.9019434036845326,real
Arch,a=0.9,15,7,0.9024933775240288,real
Arch,a=0.9,16,7,0.9031746925087502,real
Arch,a=0.9,17,7,0.9033343414830516,real
Arch,a=0.9,18,7,0.9023906374602326,real
Arch,a=0.9,19,7,0.903259215018274,real
Arch,a=0.9,20,7,0.9061396473445366,real
Arch,a=0.9,21,7,0.9075519147631038,real
Arch,a=0.9,22,7,0.9054674291674678,real
Arch,a=0.9,23,7,0.9070483585816028,real
Arch,a=0.9,24,7,0.907519196179264,real
Arch,a=0.9,25,7,0.9069928620701806,real
Arch,a=0.9,26,7,0.9109796517339857,real
Arch,a=0.9,27,7,0.9103412593180036,real
Arch,a=0.9,0,8,0.8343109972407597,real
Arch,a=0.9,1,8,0.906796272023598,real
Arch,a=0.9,2,8,0.9307424846883144,real
Arch,a=0.9,3,8,0.944869344067518,real
Arch,a=0.9,4,8,0.9402701613322254,real
Arch,a=0.9,5,8,0.9249623967401784,real
Arch,a=0.9,6,8,0.9235462666833194,real
Arch,a=0.9,7,8,0.9043711961339076,real
Arch,a=0.9,8,8,0.8799958547890657,real
Arch,a=0.9,9,8,0.8868482502552749,real
Arch,a=0.9,10,8,0.8823935918195013,real
Arch,a=0.9,11,8,0.8912946577198877,real
Arch,a=0.9,12,8,0.8887841854814468,real
Arch,a=0.9,13,8,0.8853418706909724,real
Arch,a=0.9,14,8,0.8906117274829795,real
Arch,a=0.9,15,8,0.8884223815988044,real
Arch,a=0.9,16,8,0.8872393895878613,real
Arch,a=0.9,17,8,0.8893502429971145,real
Arch,a=0.9,18,8,0.8885980454964804,real
Arch,a=0.9,19,8,0.8923971847205292,real
Arch,a=0.9,20,8,0.8944519652033213,real
Arch,a=0.9,21,8,0.8936588255659059,real
Arch,a=0.9,22,8,0.8943496579719873,real
Arch,a=0.9,23,8,0.8963760531895608,real
Arch,a=0.9,24,8,0.8963224940429432,real
Arch,a=0.9,25,8,0.8981345083421889,real
Arch,a=0.9,26,8,0.9021490327937376,real
Arch,a=0.9,27,8,0.9027440829711888,real
Arch,a=0.9,0,9,0.8511440593130809,real
Arch,a=0.9,1,9,0.917376456998794,real
Arch,a=0.9,2,9,0.9300692879281338,real
Arch,a=0.9,3,9,0.9415089456057024,real
Arch,a=0.9,4,9,0.9418546380986536,real
Arch,a=0.9,5,9,0.9232493053348534,real
Arch,a=0.9,6,9,0.9220606965797886,real
Arch,a=0.9,7,9,0.9039349536841308,real
Arch,a=0.9,8,9,0.8934209330623678,real
Arch,a=0.9,9,9,0.8797632307104682,real
Arch,a=0.9,10,9,0.876169085724449,real
Arch,a=0.9,11,9,0.8891500301774786,real
Arch,a=0.9,12,9,0.8861110949127866,real
Arch,a=0.9,13,9,0.8880920811574934,real
Arch,a=0.9,14,9,0.8919945126555889,real
Arch,a=0.9,15,9,0.8878276516090282,real
Arch,a=0.9,16,9,0.8918211986824931,real
Arch,a=0.9,17,9,0.8894920901961585,real
Arch,a=0.9,18,9,0.8878491548848153,real
Arch,a=0.9,19,9,0.887317853890465,real
Arch,a=0.9,20,9,0.8879412788058855,real
Arch,a=0.9,21,9,0.8903728740913954,real
Arch,a=0.9,22,9,0.8884557537906509,real
Arch,a=0.9,23,9,0.8882927541006869,real
Arch,a=0.9,24,9,0.8921971051002369,real
Arch,a=0.9,25,9,0.8936612716527054,real
Arch,a=0.9,26,9,0.8967996929769573,real
Arch,a=0.9,27,9,0.8973689587943782,real
Arch,a=0.91,0,0,0.845201686899063,real
Arch,a=0.91,1,0,0.9249934166170508,real
Arch,a=0.91,2,0,0.9371581215019256,real
Arch,a=0.91,3,0,0.9419865038950914,real
Arch,a=0.91,4,0,0.943864442394016,real
Arch,a=0.91,5,0,0.930295951818858,real
Arch,a=0.91,6,0,0.9243518825708904,real
Arch,a=0.91,7,0,0.90901676192876,real
Arch,a=0.91,8,0,0.8931621291393294,real
Arch,a=0.91,9,0,0.8939992112558813,real
Arch,a=0.91,10,0,0.8925315512207092,real
Arch,a=0.91,11,0,0.9017833396781,real
Arch,a=0.91,12,0,0.904237142189618,real
Arch,a=0.91,13,0,0.9035633949445444,real
Arch,a=0.91,14,0,0.9050012501875768,real
Arch,a=0.91,15,0,0.9038624620405972,real
Arch,a=0.91,16,0,0.903354931262008,real
Arch,a=0.91,17,0,0.9024948085184364,real
Arch,a=0.91,18,0,0.902628550925828,real
Arch,a=0.91,19,0,0.9044818290380136,real
Arch,a=0.91,20,0,0.9059514910234008,real
Arch,a=0.91,21,0,0.9080524285767256,real
Arch,a=0.91,22,0,0.9086584189067964,real
Arch,a=0.91,23,0,0.9102574311421338,real
Arch,a=0.91,24,0,0.9102993871654268,real
Arch,a=0.91,25,0,0.9119466342679132,real
Arch,a=0.91,26,0,0.912246453611926,real
Arch,a=0.91,27,0,0.9110400662793544,real
Arch,a=0.91,0,1,0.8000636365430336,real
Arch,a=0.91,1,1,0.8870754051999936,real
Arch,a=0.91,2,1,0.9129995966581086,real
Arch,a=0.91,3,1,0.9282736118685426,real
Arch,a=0.91,4,1,0.9287657323163536,real
Arch,a=0.91,5,1,0.9140927935787676,real
Arch,a=0.91,6,1,0.9077065123854732,real
Arch,a=0.91,7,1,0.8883287712236309,real
Arch,a=0.91,8,1,0.8681860325487869,real
Arch,a=0.91,9,1,0.8703964249560003,real
Arch,a=0.91,10,1,0.8645439331902056,real
Arch,a=0.91,11,1,0.8879288988655709,real
Arch,a=0.91,12,1,0.8891525145056461,real
Arch,a=0.91,13,1,0.8812769736042517,real
Arch,a=0.91,14,1,0.8843831280445443,real
Arch,a=0.91,15,1,0.8849280291999612,real
Arch,a=0.91,16,1,0.8844382832500246,real
Arch,a=0.91,17,1,0.8808450916316425,real
Arch,a=0.91,18,1,0.8805721396429751,real
Arch,a=0.91,19,1,0.8823920193633616,real
Arch,a=0.91,20,1,0.8857103916695053,real
Arch,a=0.91,21,1,0.8849255163818222,real
Arch,a=0.91,22,1,0.8847817209401573,real
Arch,a=0.91,23,1,0.8841724432282917,real
Arch,a=0.91,24,1,0.8840956639547903,real
Arch,a=0.91,25,1,0.8850827634692124,real
Arch,a=0.91,26,1,0.8885192843346399,real
Arch,a=0.91,27,1,0.8877436995580575,real
Arch,a=0.91,0,2,0.8210492482768599,real
Arch,a=0.91,1,2,0.9088699685209258,real
Arch,a=0.91,2,2,0.923137525985792,real
Arch,a=0.91,3,2,0.9380835558009508,real
Arch,a=0.91,4,2,0.937170023547457,real
Arch,a=0.91,5,2,0.9252800536040128,real
Arch,a=0.91,6,2,0.9144715501494862,real
Arch,a=0.91,7,2,0.9026010660359608,real
Arch,a=0.91,8,2,0.8877597688960658,real
Arch,a=0.91,9,2,0.8798645697922336,real
Arch,a=0.91,10,2,0.8776879082946123,real
Arch,a=0.91,11,2,0.8941637953912657,real
Arch,a=0.91,12,2,0.8968932406578595,real
Arch,a=0.91,13,2,0.8972371799052704,real
Arch,a=0.91,14,2,0.9005046378969369,real
Arch,a=0.91,15,2,0.8963964134921456,real
Arch,a=0.91,16,2,0.8981345003231122,real
Arch,a=0.91,17,2,0.8972809893455441,real
Arch,a=0.91,18,2,0.8976127462887079,real
Arch,a=0.91,19,2,0.8982622270976428,real
Arch,a=0.91,20,2,0.8971570461135826,real
Arch,a=0.91,21,2,0.8991503990735451,real
Arch,a=0.91,22,2,0.901114479362052,real
Arch,a=0.91,23,2,0.9023546027931588,real
Arch,a=0.91,24,2,0.9021747498129548,real
Arch,a=0.91,25,2,0.9005152037031207,real
Arch,a=0.91,26,2,0.902477808058613,real
Arch,a=0.91,27,2,0.9020015853863328,real
Arch,a=0.91,0,3,0.7992379518763848,real
Arch,a=0.91,1,3,0.8878126829604289,real
Arch,a=0.91,2,3,0.9069838387346122,real
Arch,a=0.91,3,3,0.9175920577954058,real
Arch,a=0.91,4,3,0.911754340586698,real
Arch,a=0.91,5,3,0.895823431945417,real
Arch,a=0.91,6,3,0.8970219064620188,real
Arch,a=0.91,7,3,0.8752394868306758,real
Arch,a=0.91,8,3,0.8594405309248566,real
Arch,a=0.91,9,3,0.8603121041836473,real
Arch,a=0.91,10,3,0.8586257591064069,real
Arch,a=0.91,11,3,0.8683671104593096,real
Arch,a=0.91,12,3,0.8661925360754916,real
Arch,a=0.91,13,3,0.868267247548091,real
Arch,a=0.91,14,3,0.8694668939680936,real
Arch,a=0.91,15,3,0.8695595221695424,real
Arch,a=0.91,16,3,0.8682128377473434,real
Arch,a=0.91,17,3,0.8701587115950514,real
Arch,a=0.91,18,3,0.8708230253666862,real
Arch,a=0.91,19,3,0.8701526607468804,real
Arch,a=0.91,20,3,0.870171387284896,real
Arch,a=0.91,21,3,0.87207294405094,real
Arch,a=0.91,22,3,0.8712503396128223,real
Arch,a=0.91,23,3,0.8744252052983427,real
Arch,a=0.91,24,3,0.8745041174467238,real
Arch,a=0.91,25,3,0.8740443964840985,real
Arch,a=0.91,26,3,0.8783859278796298,real
Arch,a=0.91,27,3,0.8786095700979998,real
Arch,a=0.91,0,4,0.8313636143586765,real
Arch,a=0.91,1,4,0.9186475875937246,real
Arch,a=0.91,2,4,0.935937858866671,real
Arch,a=0.91,3,4,0.9476023364177736,real
Arch,a=0.91,4,4,0.9476026944183142,real
Arch,a=0.91,5,4,0.9326820402723354,real
Arch,a=0.91,6,4,0.9203254552889198,real
Arch,a=0.91,7,4,0.9159159222103166,real
Arch,a=0.91,8,4,0.900494742889093,real
Arch,a=0.91,9,4,0.8963866289431104,real
Arch,a=0.91,10,4,0.8949863386993688,real
Arch,a=0.91,11,4,0.906955890453128,real
Arch,a=0.91,12,4,0.9059377253671146,real
Arch,a=0.91,13,4,0.8941729845678208,real
Arch,a=0.91,14,4,0.8966715627282542,real
Arch,a=0.91,15,4,0.9004573838004155,real
Arch,a=0.91,16,4,0.8991959515728281,real
Arch,a=0.91,17,4,0.8969462877237873,real
Arch,a=0.91,18,4,0.8956295732836808,real
Arch,a=0.91,19,4,0.8996888836720897,real
Arch,a=0.91,20,4,0.9006414769171414,real
Arch,a=0.91,21,4,0.8996443992178127,real
Arch,a=0.91,22,4,0.9029536407315368,real
Arch,a=0.91,23,4,0.9023837847096536,real
Arch,a=0.91,24,4,0.903731414228706,real
Arch,a=0.91,25,4,0.9035337401882444,real
Arch,a=0.91,26,4,0.9054738721504774,real
Arch,a=0.91,27,4,0.9083394124134816,real
Arch,a=0.91,0,5,0.818959122059493,real
Arch,a=0.91,1,5,0.9055969033258996,real
Arch,a=0.91,2,5,0.9141868457909716,real
Arch,a=0.91,3,5,0.9232561298384032,real
Arch,a=0.91,4,5,0.9152328608245544,real
Arch,a=0.91,5,5,0.8981545941441299,real
Arch,a=0.91,6,5,0.8981803042689271,real
Arch,a=0.91,7,5,0.8852700583789233,real
Arch,a=0.91,8,5,0.8652643648406946,real
Arch,a=0.91,9,5,0.8708985810841584,real
Arch,a=0.91,10,5,0.875377621478517,real
Arch,a=0.91,11,5,0.8946817759859458,real
Arch,a=0.91,12,5,0.8927803096210932,real
Arch,a=0.91,13,5,0.8880622444051209,real
Arch,a=0.91,14,5,0.8935537362193516,real
Arch,a=0.91,15,5,0.8870720400698835,real
Arch,a=0.91,16,5,0.8871630440478981,real
Arch,a=0.91,17,5,0.8847922231654272,real
Arch,a=0.91,18,5,0.885477519144072,real
Arch,a=0.91,19,5,0.888209268150469,real
Arch,a=0.91,20,5,0.8874236190575195,real
Arch,a=0.91,21,5,0.8907132498961516,real
Arch,a=0.91,22,5,0.8879143093334143,real
Arch,a=0.91,23,5,0.8906668151378128,real
Arch,a=0.91,24,5,0.8926680342137218,real
Arch,a=0.91,25,5,0.8924590724404531,real
Arch,a=0.91,26,5,0.8934036354073578,real
Arch,a=0.91,27,5,0.8920903497957899,real
Arch,a=0.91,0,6,0.7944286397314104,real
Arch,a=0.91,1,6,0.8845109148764084,real
Arch,a=0.91,2,6,0.9039581532777892,real
Arch,a=0.91,3,6,0.9177920796389036,real
Arch,a=0.91,4,6,0.9184301542164768,real
Arch,a=0.91,5,6,0.9007283868404,real
Arch,a=0.91,6,6,0.8889990479727647,real
Arch,a=0.91,7,6,0.8705634811198817,real
Arch,a=0.91,8,6,0.8603872310224674,real
Arch,a=0.91,9,6,0.8505128884372922,real
Arch,a=0.91,10,6,0.8533277226504551,real
Arch,a=0.91,11,6,0.8673112260229203,real
Arch,a=0.91,12,6,0.8650485816479199,real
Arch,a=0.91,13,6,0.8657688550187492,real
Arch,a=0.91,14,6,0.8738124890738025,real
Arch,a=0.91,15,6,0.8714277806426746,real
Arch,a=0.91,16,6,0.8738671420016022,real
Arch,a=0.91,17,6,0.8746657088179768,real
Arch,a=0.91,18,6,0.8726043544012654,real
Arch,a=0.91,19,6,0.8722905224144141,real
Arch,a=0.91,20,6,0.8752728477760405,real
Arch,a=0.91,21,6,0.8777292785760874,real
Arch,a=0.91,22,6,0.8772163945268263,real
Arch,a=0.91,23,6,0.8792415586567429,real
Arch,a=0.91,24,6,0.8805153382750754,real
Arch,a=0.91,25,6,0.8827266536558618,real
Arch,a=0.91,26,6,0.8869282263788774,real
Arch,a=0.91,27,6,0.8863763875832058,real
Arch,a=0.91,0,7,0.8302967664053886,real
Arch,a=0.91,1,7,0.9011879012959396,real
Arch,a=0.91,2,7,0.9244102657498228,real
Arch,a=0.91,3,7,0.9308977249972756,real
Arch,a=0.91,4,7,0.9228763693115314,real
Arch,a=0.91,5,7,0.9119803697939678,real
Arch,a=0.91,6,7,0.8995787136376512,real
Arch,a=0.91,7,7,0.8799759197831326,real
Arch,a=0.91,8,7,0.8679294252403369,real
Arch,a=0.91,9,7,0.8601598902779217,real
Arch,a=0.91,10,7,0.8595356173548991,real
Arch,a=0.91,11,7,0.8834292726000263,real
Arch,a=0.91,12,7,0.8837441379768198,real
Arch,a=0.91,13,7,0.8795634621327663,real
Arch,a=0.91,14,7,0.8807451831066365,real
Arch,a=0.91,15,7,0.8771544003266825,real
Arch,a=0.91,16,7,0.8798962667723159,real
Arch,a=0.91,17,7,0.8718677756441537,real
Arch,a=0.91,18,7,0.8724831684084304,real
Arch,a=0.91,19,7,0.876277904053486,real
Arch,a=0.91,20,7,0.8810986223719874,real
Arch,a=0.91,21,7,0.8856591207238121,real
Arch,a=0.91,22,7,0.8819988177086381,real
Arch,a=0.91,23,7,0.8857184969993563,real
Arch,a=0.91,24,7,0.8880397190487771,real
Arch,a=0.91,25,7,0.8870988584007913,real
Arch,a=0.91,26,7,0.890054351939883,real
Arch,a=0.91,27,7,0.89434798698209,real
Arch,a=0.91,0,8,0.8216855232537119,real
Arch,a=0.91,1,8,0.8968633478673764,real
Arch,a=0.91,2,8,0.9230750140940672,real
Arch,a=0.91,3,8,0.9361019030578902,real
Arch,a=0.91,4,8,0.9335971970111676,real
Arch,a=0.91,5,8,0.9134969247408607,real
Arch,a=0.91,6,8,0.9064396885206616,real
Arch,a=0.91,7,8,0.8941662621189447,real
Arch,a=0.91,8,8,0.874784046914939,real
Arch,a=0.91,9,8,0.875632507032499,real
Arch,a=0.91,10,8,0.8767256375214862,real
Arch,a=0.91,11,8,0.893224314686772,real
Arch,a=0.91,12,8,0.8897209193019953,real
Arch,a=0.91,13,8,0.8841644820786874,real
Arch,a=0.91,14,8,0.8891483109193911,real
Arch,a=0.91,15,8,0.8859655521558608,real
Arch,a=0.91,16,8,0.8875427205119685,real
Arch,a=0.91,17,8,0.8883255135409329,real
Arch,a=0.91,18,8,0.8883976871558581,real
Arch,a=0.91,19,8,0.8923813731936384,real
Arch,a=0.91,20,8,0.8954389409400901,real
Arch,a=0.91,21,8,0.8959617567957204,real
Arch,a=0.91,22,8,0.8982210543833866,real
Arch,a=0.91,23,8,0.8996040829826698,real
Arch,a=0.91,24,8,0.899769051245356,real
Arch,a=0.91,25,8,0.9018556931037998,real
Arch,a=0.91,26,8,0.9039973054578152,real
Arch,a=0.91,27,8,0.904670759320934,real
Arch,a=0.91,0,9,0.8283550415364926,real
Arch,a=0.91,1,9,0.9033837163617312,real
Arch,a=0.91,2,9,0.9213345186296404,real
Arch,a=0.91,3,9,0.9385428129996692,real
Arch,a=0.91,4,9,0.9402525554632511,real
Arch,a=0.91,5,9,0.9129987329696444,real
Arch,a=0.91,6,9,0.9122691982155364,real
Arch,a=0.91,7,9,0.897338013904738,real
Arch,a=0.91,8,9,0.8810072580018259,real
Arch,a=0.91,9,9,0.8753967481507519,real
Arch,a=0.91,10,9,0.8679490076592251,real
Arch,a=0.91,11,9,0.8819555507475506,real
Arch,a=0.91,12,9,0.879661873749096,real
Arch,a=0.91,13,9,0.8779067739244457,real
Arch,a=0.91,14,9,0.8823581359546095,real
Arch,a=0.91,15,9,0.8812022614633148,real
Arch,a=0.91,16,9,0.8823921282236917,real
Arch,a=0.91,17,9,0.8807992298931264,real
Arch,a=0.91,18,9,0.8789146847609614,real
Arch,a=0.91,19,9,0.8798982516391141,real
Arch,a=0.91,20,9,0.8807386618500346,real
Arch,a=0.91,21,9,0.8807788116412603,real
Arch,a=0.91,22,9,0.8816309989716709,real
Arch,a=0.91,23,9,0.8840071386969731,real
Arch,a=0.91,24,9,0.8831031274627227,real
Arch,a=0.91,25,9,0.8852188658054804,real
Arch,a=0.91,26,9,0.8897448277042899,real
Arch,a=0.91,27,9,0.8885235095111056,real
Arch,a=0.92,0,0,0.8385259754500839,real
Arch,a=0.92,1,0,0.9175824259912064,real
Arch,a=0.92,2,0,0.9273302341041164,real
Arch,a=0.92,3,0,0.9374186670246176,real
Arch,a=0.92,4,0,0.9371330035240888,real
Arch,a=0.92,5,0,0.9254045533690703,real
Arch,a=0.92,6,0,0.9168365668976254,real
Arch,a=0.92,7,0,0.9022461696981592,real
Arch,a=0.92,8,0,0.8881630112444003,real
Arch,a=0.92,9,0,0.8889270355157394,real
Arch,a=0.92,10,0,0.8918458513218128,real
Arch,a=0.92,11,0,0.9031263158109528,real
Arch,a=0.92,12,0,0.9040037559998316,real
Arch,a=0.92,13,0,0.9041584927063372,real
Arch,a=0.92,14,0,0.9060467285557304,real
Arch,a=0.92,15,0,0.9045331855396136,real
Arch,a=0.92,16,0,0.9042538543446405,real
Arch,a=0.92,17,0,0.9035826299557664,real
Arch,a=0.92,18,0,0.9044958570974078,real
Arch,a=0.92,19,0,0.9031751222500938,real
Arch,a=0.92,20,0,0.9024689870067744,real
Arch,a=0.92,21,0,0.9061777551584224,real
Arch,a=0.92,22,0,0.9043552377726396,real
Arch,a=0.92,23,0,0.9080234392452656,real
Arch,a=0.92,24,0,0.9094807678010314,real
Arch,a=0.92,25,0,0.9102234219273524,real
Arch,a=0.92,26,0,0.9135839964473436,real
Arch,a=0.92,27,0,0.9123695079281796,real
Arch,a=0.92,0,1,0.7754275120788682,real
Arch,a=0.92,1,1,0.8747101360782912,real
Arch,a=0.92,2,1,0.9005802359663256,real
Arch,a=0.92,3,1,0.9215317167342776,real
Arch,a=0.92,4,1,0.9270482944673876,real
Arch,a=0.92,5,1,0.9189366756396778,real
Arch,a=0.92,6,1,0.9066396016452468,real
Arch,a=0.92,7,1,0.8877896768304288,real
Arch,a=0.92,8,1,0.8669016051241241,real
Arch,a=0.92,9,1,0.8645557568582136,real
Arch,a=0.92,10,1,0.8695154510183973,real
Arch,a=0.92,11,1,0.8903534758073116,real
Arch,a=0.92,12,1,0.8848357712744471,real
Arch,a=0.92,13,1,0.8883955655624822,real
Arch,a=0.92,14,1,0.8896098198600115,real
Arch,a=0.92,15,1,0.8832343868500002,real
Arch,a=0.92,16,1,0.8813478370462164,real
Arch,a=0.92,17,1,0.8793192573224551,real
Arch,a=0.92,18,1,0.877629738022884,real
Arch,a=0.92,19,1,0.8785965747328464,real
Arch,a=0.92,20,1,0.8810522540842451,real
Arch,a=0.92,21,1,0.8817079239790301,real
Arch,a=0.92,22,1,0.8811632438600469,real
Arch,a=0.92,23,1,0.8835514534186084,real
Arch,a=0.92,24,1,0.8833234890720834,real
Arch,a=0.92,25,1,0.8842503988020716,real
Arch,a=0.92,26,1,0.8861734101450757,real
Arch,a=0.92,27,1,0.8859476675075002,real
Arch,a=0.92,0,2,0.8191564315657547,real
Arch,a=0.92,1,2,0.9064384398981707,real
Arch,a=0.92,2,2,0.9219282434399204,real
Arch,a=0.92,3,2,0.9367549740391574,real
Arch,a=0.92,4,2,0.9383968968251344,real
Arch,a=0.92,5,2,0.9203296689594646,real
Arch,a=0.92,6,2,0.9148056929010872,real
Arch,a=0.92,7,2,0.9040448934915436,real
Arch,a=0.92,8,2,0.8895854687632414,real
Arch,a=0.92,9,2,0.883204344476038,real
Arch,a=0.92,10,2,0.8830295959417486,real
Arch,a=0.92,11,2,0.9048523559749838,real
Arch,a=0.92,12,2,0.9033271418334872,real
Arch,a=0.92,13,2,0.898735539252487,real
Arch,a=0.92,14,2,0.898056104981052,real
Arch,a=0.92,15,2,0.8943226210324157,real
Arch,a=0.92,16,2,0.8932818930549813,real
Arch,a=0.92,17,2,0.8939940608267587,real
Arch,a=0.92,18,2,0.8969551902992781,real
Arch,a=0.92,19,2,0.8976511702220951,real
Arch,a=0.92,20,2,0.8963637862660945,real
Arch,a=0.92,21,2,0.8959152104541801,real
Arch,a=0.92,22,2,0.8994265316263946,real
Arch,a=0.92,23,2,0.8998767771829439,real
Arch,a=0.92,24,2,0.9016575273085652,real
Arch,a=0.92,25,2,0.9033260792687196,real
Arch,a=0.92,26,2,0.9013611042658808,real
Arch,a=0.92,27,2,0.9014477032944452,real
Arch,a=0.92,0,3,0.7807536800430712,real
Arch,a=0.92,1,3,0.8779593314888585,real
Arch,a=0.92,2,3,0.8952098197508815,real
Arch,a=0.92,3,3,0.9082244092723604,real
Arch,a=0.92,4,3,0.906971981798528,real
Arch,a=0.92,5,3,0.8865476259387578,real
Arch,a=0.92,6,3,0.882036929539113,real
Arch,a=0.92,7,3,0.8613781223954897,real
Arch,a=0.92,8,3,0.8410257775855114,real
Arch,a=0.92,9,3,0.8415167841828327,real
Arch,a=0.92,10,3,0.8379135891899523,real
Arch,a=0.92,11,3,0.8546815767665124,real
Arch,a=0.92,12,3,0.8493545169703602,real
Arch,a=0.92,13,3,0.8475106507625925,real
Arch,a=0.92,14,3,0.8566609591620058,real
Arch,a=0.92,15,3,0.8569743282960794,real
Arch,a=0.92,16,3,0.8556363370195612,real
Arch,a=0.92,17,3,0.8543390040017254,real
Arch,a=0.92,18,3,0.8526642466629153,real
Arch,a=0.92,19,3,0.8577605807646085,real
Arch,a=0.92,20,3,0.8576811922539315,real
Arch,a=0.92,21,3,0.857182870572412,real
Arch,a=0.92,22,3,0.857099580683496,real
Arch,a=0.92,23,3,0.8621704424144777,real
Arch,a=0.92,24,3,0.8643146126757049,real
Arch,a=0.92,25,3,0.862719776884715,real
Arch,a=0.92,26,3,0.8679620951163273,real
Arch,a=0.92,27,3,0.8661567096538062,real
Arch,a=0.92,0,4,0.8229964184260422,real
Arch,a=0.92,1,4,0.9120176033175842,real
Arch,a=0.92,2,4,0.9261880840447336,real
Arch,a=0.92,3,4,0.9386004262563362,real
Arch,a=0.92,4,4,0.9389779475683192,real
Arch,a=0.92,5,4,0.9290507402986948,real
Arch,a=0.92,6,4,0.9223081863165662,real
Arch,a=0.92,7,4,0.909090072315304,real
Arch,a=0.92,8,4,0.8929411332777824,real
Arch,a=0.92,9,4,0.8914008283953401,real
Arch,a=0.92,10,4,0.8922108480294505,real
Arch,a=0.92,11,4,0.9045075394183286,real
Arch,a=0.92,12,4,0.90237386018085,real
Arch,a=0.92,13,4,0.8962640942957673,real
Arch,a=0.92,14,4,0.9034554291350716,real
Arch,a=0.92,15,4,0.9015740353734216,real
Arch,a=0.92,16,4,0.9014223430238532,real
Arch,a=0.92,17,4,0.9002382212016369,real
Arch,a=0.92,18,4,0.8982072928911577,real
Arch,a=0.92,19,4,0.8982945743674454,real
Arch,a=0.92,20,4,0.8999949630467763,real
Arch,a=0.92,21,4,0.9008741573944474,real
Arch,a=0.92,22,4,0.8974933735711398,real
Arch,a=0.92,23,4,0.8997571879991086,real
Arch,a=0.92,24,4,0.900532703669704,real
Arch,a=0.92,25,4,0.9014913301025672,real
Arch,a=0.92,26,4,0.9034682300012944,real
Arch,a=0.92,27,4,0.9061341250578748,real
Arch,a=0.92,0,5,0.8034820662115918,real
Arch,a=0.92,1,5,0.8876551447821213,real
Arch,a=0.92,2,5,0.8919876566962099,real
Arch,a=0.92,3,5,0.9085248908057996,real
Arch,a=0.92,4,5,0.9064425575252708,real
Arch,a=0.92,5,5,0.8853373952826064,real
Arch,a=0.92,6,5,0.8811561874692805,real
Arch,a=0.92,7,5,0.8684694856869013,real
Arch,a=0.92,8,5,0.8520893286648515,real
Arch,a=0.92,9,5,0.8522415700035368,real
Arch,a=0.92,10,5,0.8558356381409731,real
Arch,a=0.92,11,5,0.8772224503499207,real
Arch,a=0.92,12,5,0.8778565615987062,real
Arch,a=0.92,13,5,0.8822461253786641,real
Arch,a=0.92,14,5,0.883741857396578,real
Arch,a=0.92,15,5,0.8855030271588418,real
Arch,a=0.92,16,5,0.8840597206408825,real
Arch,a=0.92,17,5,0.8841615904265494,real
Arch,a=0.92,18,5,0.8815323887889435,real
Arch,a=0.92,19,5,0.8841926389253814,real
Arch,a=0.92,20,5,0.8827178950545584,real
Arch,a=0.92,21,5,0.8833300111240171,real
Arch,a=0.92,22,5,0.8824660372894665,real
Arch,a=0.92,23,5,0.8850915198872316,real
Arch,a=0.92,24,5,0.8832973673265938,real
Arch,a=0.92,25,5,0.8824480303566178,real
Arch,a=0.92,26,5,0.884707521545704,real
Arch,a=0.92,27,5,0.8839122751685872,real
Arch,a=0.92,0,6,0.7732119510387284,real
Arch,a=0.92,1,6,0.8692797017301845,real
Arch,a=0.92,2,6,0.8969868897856658,real
Arch,a=0.92,3,6,0.9118550788139898,real
Arch,a=0.92,4,6,0.9076116581564372,real
Arch,a=0.92,5,6,0.8860149563850741,real
Arch,a=0.92,6,6,0.8806954839163527,real
Arch,a=0.92,7,6,0.86961586437165,real
Arch,a=0.92,8,6,0.8439922884624623,real
Arch,a=0.92,9,6,0.8455967176422546,real
Arch,a=0.92,10,6,0.8364634806495227,real
Arch,a=0.92,11,6,0.8645655965396309,real
Arch,a=0.92,12,6,0.8645800948135642,real
Arch,a=0.92,13,6,0.8611609471404943,real
Arch,a=0.92,14,6,0.8636605374999142,real
Arch,a=0.92,15,6,0.8593916751597384,real
Arch,a=0.92,16,6,0.8609495211280171,real
Arch,a=0.92,17,6,0.8602925091107496,real
Arch,a=0.92,18,6,0.8586401348253687,real
Arch,a=0.92,19,6,0.8640631755852498,real
Arch,a=0.92,20,6,0.8660554872106351,real
Arch,a=0.92,21,6,0.8685922240352214,real
Arch,a=0.92,22,6,0.8685787123302243,real
Arch,a=0.92,23,6,0.8682675892373051,real
Arch,a=0.92,24,6,0.8710829459977901,real
Arch,a=0.92,25,6,0.8712781472406954,real
Arch,a=0.92,26,6,0.8728391781108663,real
Arch,a=0.92,27,6,0.873655692588551,real
Arch,a=0.92,0,7,0.8177968795218075,real
Arch,a=0.92,1,7,0.8943397504461785,real
Arch,a=0.92,2,7,0.9119672867672698,real
Arch,a=0.92,3,7,0.922203163379974,real
Arch,a=0.92,4,7,0.9198064946368342,real
Arch,a=0.92,5,7,0.9035693033363004,real
Arch,a=0.92,6,7,0.8947686373395192,real
Arch,a=0.92,7,7,0.8882247863209302,real
Arch,a=0.92,8,7,0.8772320205683628,real
Arch,a=0.92,9,7,0.8743061492875646,real
Arch,a=0.92,10,7,0.8694292943192724,real
Arch,a=0.92,11,7,0.8871721417664996,real
Arch,a=0.92,12,7,0.8886755873636569,real
Arch,a=0.92,13,7,0.8854484166704801,real
Arch,a=0.92,14,7,0.8890044708087417,real
Arch,a=0.92,15,7,0.8891382921401036,real
Arch,a=0.92,16,7,0.8908216533065552,real
Arch,a=0.92,17,7,0.8862138509186863,real
Arch,a=0.92,18,7,0.885523575354703,real
Arch,a=0.92,19,7,0.8895235017972825,real
Arch,a=0.92,20,7,0.8878003305975022,real
Arch,a=0.92,21,7,0.8899898220055442,real
Arch,a=0.92,22,7,0.890252942860789,real
Arch,a=0.92,23,7,0.8905281185123644,real
Arch,a=0.92,24,7,0.8943067885845328,real
Arch,a=0.92,25,7,0.8946531852216133,real
Arch,a=0.92,26,7,0.8957871719564631,real
Arch,a=0.92,27,7,0.8999366503835943,real
Arch,a=0.92,0,8,0.8106471147778751,real
Arch,a=0.92,1,8,0.8860094959712116,real
Arch,a=0.92,2,8,0.9105049984203348,real
Arch,a=0.92,3,8,0.9225615256055596,real
Arch,a=0.92,4,8,0.919634136265603,real
Arch,a=0.92,5,8,0.8921008177443066,real
Arch,a=0.92,6,8,0.8861837942616628,real
Arch,a=0.92,7,8,0.8676365126129204,real
Arch,a=0.92,8,8,0.8332527126148039,real
Arch,a=0.92,9,8,0.8439700668425275,real
Arch,a=0.92,10,8,0.8365098089075994,real
Arch,a=0.92,11,8,0.870767267795635,real
Arch,a=0.92,12,8,0.8703180692295771,real
Arch,a=0.92,13,8,0.8748180923466291,real
Arch,a=0.92,14,8,0.8801750731397837,real
Arch,a=0.92,15,8,0.8761785843631124,real
Arch,a=0.92,16,8,0.875405383190821,real
Arch,a=0.92,17,8,0.875165190600093,real
Arch,a=0.92,18,8,0.87538860192351,real
Arch,a=0.92,19,8,0.8775027633438901,real
Arch,a=0.92,20,8,0.8805934275652865,real
Arch,a=0.92,21,8,0.8799934544495616,real
Arch,a=0.92,22,8,0.8769654310174329,real
Arch,a=0.92,23,8,0.8777217438990247,real
Arch,a=0.92,24,8,0.881381654821318,real
Arch,a=0.92,25,8,0.8848984647708972,real
Arch,a=0.92,26,8,0.8883070847770789,real
Arch,a=0.92,27,8,0.8919760177710196,real
Arch,a=0.92,0,9,0.8164543659425199,real
Arch,a=0.92,1,9,0.8981777382168741,real
Arch,a=0.92,2,9,0.9163920838349868,real
Arch,a=0.92,3,9,0.9326222361317156,real
Arch,a=0.92,4,9,0.9289873426295034,real
Arch,a=0.92,5,9,0.903447483116057,real
Arch,a=0.92,6,9,0.904392801867402,real
Arch,a=0.92,7,9,0.8914874483240129,real
Arch,a=0.92,8,9,0.8804213086688653,real
Arch,a=0.92,9,9,0.8689007581186757,real
Arch,a=0.92,10,9,0.8614522071860877,real
Arch,a=0.92,11,9,0.8897766748351985,real
Arch,a=0.92,12,9,0.8881264168456858,real
Arch,a=0.92,13,9,0.8849009655387581,real
Arch,a=0.92,14,9,0.8897170113630657,real
Arch,a=0.92,15,9,0.8890307951523062,real
Arch,a=0.92,16,9,0.888811964376895,real
Arch,a=0.92,17,9,0.8887929177948657,real
Arch,a=0.92,18,9,0.883848356075053,real
Arch,a=0.92,19,9,0.8846245420407892,real
Arch,a=0.92,20,9,0.8857832450647567,real
Arch,a=0.92,21,9,0.8851440521255985,real
Arch,a=0.92,22,9,0.8863003177047536,real
Arch,a=0.92,23,9,0.8885310542548468,real
Arch,a=0.92,24,9,0.8890637114424272,real
Arch,a=0.92,25,9,0.8901289071808935,real
Arch,a=0.92,26,9,0.8924919236452509,real
Arch,a=0.92,27,9,0.8926219494623212,real
Arch,a=0.93,0,0,0.8016116677050604,real
Arch,a=0.93,1,0,0.8841473972116637,real
Arch,a=0.93,2,0,0.8969009617153427,real
Arch,a=0.93,3,0,0.9132452889920408,real
Arch,a=0.93,4,0,0.9107298330566368,real
Arch,a=0.93,5,0,0.8985518670766703,real
Arch,a=0.93,6,0,0.8850361359410647,real
Arch,a=0.93,7,0,0.8729266945664609,real
Arch,a=0.93,8,0,0.8617509914797299,real
Arch,a=0.93,9,0,0.8558108661314245,real
Arch,a=0.93,10,0,0.8564600186829271,real
Arch,a=0.93,11,0,0.8788705639269991,real
Arch,a=0.93,12,0,0.8810356537694185,real
Arch,a=0.93,13,0,0.879854525027467,real
Arch,a=0.93,14,0,0.8809674454157702,real
Arch,a=0.93,15,0,0.8790562036834062,real
Arch,a=0.93,16,0,0.8778992324917746,real
Arch,a=0.93,17,0,0.8790077865660842,real
Arch,a=0.93,18,0,0.8772501105452767,real
Arch,a=0.93,19,0,0.8790912362120373,real
Arch,a=0.93,20,0,0.8812099594724448,real
Arch,a=0.93,21,0,0.8802833419489822,real
Arch,a=0.93,22,0,0.8804401109843565,real
Arch,a=0.93,23,0,0.8839633387138291,real
Arch,a=0.93,24,0,0.8857338178282395,real
Arch,a=0.93,25,0,0.8864225630540628,real
Arch,a=0.93,26,0,0.8876370716543955,real
Arch,a=0.93,27,0,0.8918359966760516,real
Arch,a=0.93,0,1,0.7883691504365045,real
Arch,a=0.93,1,1,0.8772719080426838,real
Arch,a=0.93,2,1,0.9005008698170562,real
Arch,a=0.93,3,1,0.9224884202806536,real
Arch,a=0.93,4,1,0.9233316309390948,real
Arch,a=0.93,5,1,0.9143946158927584,real
Arch,a=0.93,6,1,0.9108181185092163,real
Arch,a=0.93,7,1,0.897478192290879,real
Arch,a=0.93,8,1,0.8763534715412753,real
Arch,a=0.93,9,1,0.8716274493164666,real
Arch,a=0.93,10,1,0.8672759797752451,real
Arch,a=0.93,11,1,0.8883424467220022,real
Arch,a=0.93,12,1,0.8915255411686807,real
Arch,a=0.93,13,1,0.8905336402573678,real
Arch,a=0.93,14,1,0.893708998022913,real
Arch,a=0.93,15,1,0.8864844073274059,real
Arch,a=0.93,16,1,0.8843656563761346,real
Arch,a=0.93,17,1,0.8812103945181867,real
Arch,a=0.93,18,1,0.877796639925323,real
Arch,a=0.93,19,1,0.8825583482000879,real
Arch,a=0.93,20,1,0.8838418976609337,real
Arch,a=0.93,21,1,0.8851345948956979,real
Arch,a=0.93,22,1,0.8851535230023695,real
Arch,a=0.93,23,1,0.8878594734541333,real
Arch,a=0.93,24,1,0.8881988364031576,real
Arch,a=0.93,25,1,0.8897963978012644,real
Arch,a=0.93,26,1,0.8943759972533323,real
Arch,a=0.93,27,1,0.8946728230536359,real
Arch,a=0.93,0,2,0.7943724872130368,real
Arch,a=0.93,1,2,0.8817009634828119,real
Arch,a=0.93,2,2,0.9021834780540026,real
Arch,a=0.93,3,2,0.9167873795646484,real
Arch,a=0.93,4,2,0.9145590182784188,real
Arch,a=0.93,5,2,0.9023351770350104,real
Arch,a=0.93,6,2,0.8950602870623686,real
Arch,a=0.93,7,2,0.8908244022838111,real
Arch,a=0.93,8,2,0.8745857519527378,real
Arch,a=0.93,9,2,0.8609717695571151,real
Arch,a=0.93,10,2,0.8535063240950002,real
Arch,a=0.93,11,2,0.8846481107013996,real
Arch,a=0.93,12,2,0.8827194203243329,real
Arch,a=0.93,13,2,0.8809433309543634,real
Arch,a=0.93,14,2,0.882491366321716,real
Arch,a=0.93,15,2,0.8819275901034852,real
Arch,a=0.93,16,2,0.8806650113001071,real
Arch,a=0.93,17,2,0.8788756789976607,real
Arch,a=0.93,18,2,0.8786486261448793,real
Arch,a=0.93,19,2,0.8804234764680227,real
Arch,a=0.93,20,2,0.883769418341858,real
Arch,a=0.93,21,2,0.8860786447801435,real
Arch,a=0.93,22,2,0.8856747749890964,real
Arch,a=0.93,23,2,0.8883303199714524,real
Arch,a=0.93,24,2,0.8878917766940249,real
Arch,a=0.93,25,2,0.8864361643075215,real
Arch,a=0.93,26,2,0.8888546152016177,real
Arch,a=0.93,27,2,0.8915415923238571,real
Arch,a=0.93,0,3,0.768585080545522,real
Arch,a=0.93,1,3,0.8708662253390972,real
Arch,a=0.93,2,3,0.8875464019915446,real
Arch,a=0.93,3,3,0.9062932865112956,real
Arch,a=0.93,4,3,0.9068405055421502,real
Arch,a=0.93,5,3,0.8920343343562117,real
Arch,a=0.93,6,3,0.887549847683986,real
Arch,a=0.93,7,3,0.867254862774478,real
Arch,a=0.93,8,3,0.8550206446201419,real
Arch,a=0.93,9,3,0.8525418791100138,real
Arch,a=0.93,10,3,0.8551020901242189,real
Arch,a=0.93,11,3,0.869429515161539,real
Arch,a=0.93,12,3,0.8712612596204553,real
Arch,a=0.93,13,3,0.8683303290176856,real
Arch,a=0.93,14,3,0.8738331613768724,real
Arch,a=0.93,15,3,0.8724798349053895,real
Arch,a=0.93,16,3,0.8726619335978969,real
Arch,a=0.93,17,3,0.8657203503087832,real
Arch,a=0.93,18,3,0.8654982364617924,real
Arch,a=0.93,19,3,0.8663906605490859,real
Arch,a=0.93,20,3,0.8684426832033652,real
Arch,a=0.93,21,3,0.8699009392137192,real
Arch,a=0.93,22,3,0.8696557310233411,real
Arch,a=0.93,23,3,0.8710863497089046,real
Arch,a=0.93,24,3,0.871055420517228,real
Arch,a=0.93,25,3,0.8700466530348511,real
Arch,a=0.93,26,3,0.8759371463037728,real
Arch,a=0.93,27,3,0.8783739174372711,real
Arch,a=0.93,0,4,0.8069540845570543,real
Arch,a=0.93,1,4,0.8961016402341706,real
Arch,a=0.93,2,4,0.9086780400775863,real
Arch,a=0.93,3,4,0.9304408313145014,real
Arch,a=0.93,4,4,0.9326877444017176,real
Arch,a=0.93,5,4,0.920040760901112,real
Arch,a=0.93,6,4,0.910937162125243,real
Arch,a=0.93,7,4,0.9016519478071005,real
Arch,a=0.93,8,4,0.8800340388138912,real
Arch,a=0.93,9,4,0.8834705419261506,real
Arch,a=0.93,10,4,0.8829385717861333,real
Arch,a=0.93,11,4,0.8999627481592138,real
Arch,a=0.93,12,4,0.8995938672863169,real
Arch,a=0.93,13,4,0.8929186713741013,real
Arch,a=0.93,14,4,0.8978497853622187,real
Arch,a=0.93,15,4,0.89480477195055,real
Arch,a=0.93,16,4,0.8958692056196356,real
Arch,a=0.93,17,4,0.8938520086700259,real
Arch,a=0.93,18,4,0.8905729450365371,real
Arch,a=0.93,19,4,0.8914740959526,real
Arch,a=0.93,20,4,0.8913672046658274,real
Arch,a=0.93,21,4,0.8905754893761535,real
Arch,a=0.93,22,4,0.891834947160548,real
Arch,a=0.93,23,4,0.8929577748749733,real
Arch,a=0.93,24,4,0.8926769687848419,real
Arch,a=0.93,25,4,0.8919558178037679,real
Arch,a=0.93,26,4,0.8944025921538525,real
Arch,a=0.93,27,4,0.8979420684633612,real
Arch,a=0.93,0,5,0.7805565275734199,real
Arch,a=0.93,1,5,0.8699997146684222,real
Arch,a=0.93,2,5,0.8850685721797044,real
Arch,a=0.93,3,5,0.8978073472806019,real
Arch,a=0.93,4,5,0.8954178082439295,real
Arch,a=0.93,5,5,0.8763178328773047,real
Arch,a=0.93,6,5,0.8661034799761977,real
Arch,a=0.93,7,5,0.8623933130926088,real
Arch,a=0.93,8,5,0.836295994848071,real
Arch,a=0.93,9,5,0.8469391262017805,real
Arch,a=0.93,10,5,0.8456154775291219,real
Arch,a=0.93,11,5,0.8717463636410177,real
Arch,a=0.93,12,5,0.8703128830143543,real
Arch,a=0.93,13,5,0.8762508383026701,real
Arch,a=0.93,14,5,0.8773425327295648,real
Arch,a=0.93,15,5,0.8756582294595895,real
Arch,a=0.93,16,5,0.8746740990147253,real
Arch,a=0.93,17,5,0.8703230559508874,real
Arch,a=0.93,18,5,0.8701104876896364,real
Arch,a=0.93,19,5,0.8690743444601106,real
Arch,a=0.93,20,5,0.8680779519095082,real
Arch,a=0.93,21,5,0.8734250675610971,real
Arch,a=0.93,22,5,0.86940413205296,real
Arch,a=0.93,23,5,0.8747266858503845,real
Arch,a=0.93,24,5,0.8741429983244486,real
Arch,a=0.93,25,5,0.876382982960209,real
Arch,a=0.93,26,5,0.876031136751972,real
Arch,a=0.93,27,5,0.8751684792624924,real
Arch,a=0.93,0,6,0.7516968493233325,real
Arch,a=0.93,1,6,0.8504423905733012,real
Arch,a=0.93,2,6,0.8762759874058064,real
Arch,a=0.93,3,6,0.896631588472754,real
Arch,a=0.93,4,6,0.8873118387884329,real
Arch,a=0.93,5,6,0.8781778520198251,real
Arch,a=0.93,6,6,0.8704229153708402,real
Arch,a=0.93,7,6,0.8567474683676979,real
Arch,a=0.93,8,6,0.8349027536036846,real
Arch,a=0.93,9,6,0.837454178347441,real
Arch,a=0.93,10,6,0.834275836267162,real
Arch,a=0.93,11,6,0.8670636509719839,real
Arch,a=0.93,12,6,0.8664757084433936,real
Arch,a=0.93,13,6,0.858071291674541,real
Arch,a=0.93,14,6,0.8630625073909117,real
Arch,a=0.93,15,6,0.8608780979221597,real
Arch,a=0.93,16,6,0.8614604897660175,real
Arch,a=0.93,17,6,0.8569095783655871,real
Arch,a=0.93,18,6,0.8530466118300354,real
Arch,a=0.93,19,6,0.8534451309913591,real
Arch,a=0.93,20,6,0.8554466679009523,real
Arch,a=0.93,21,6,0.861222150364469,real
Arch,a=0.93,22,6,0.8629797971877811,real
Arch,a=0.93,23,6,0.8664681375094432,real
Arch,a=0.93,24,6,0.8693354612224964,real
Arch,a=0.93,25,6,0.8683561704171827,real
Arch,a=0.93,26,6,0.8693996691431856,real
Arch,a=0.93,27,6,0.8687102140920104,real
Arch,a=0.93,0,7,0.8001914997570476,real
Arch,a=0.93,1,7,0.8893874423917226,real
Arch,a=0.93,2,7,0.9077572920674986,real
Arch,a=0.93,3,7,0.9211992699234388,real
Arch,a=0.93,4,7,0.9230857570094904,real
Arch,a=0.93,5,7,0.8998983696017424,real
Arch,a=0.93,6,7,0.893645308534738,real
Arch,a=0.93,7,7,0.8815950474872413,real
Arch,a=0.93,8,7,0.8709058461138611,real
Arch,a=0.93,9,7,0.8619910135101782,real
Arch,a=0.93,10,7,0.8643715553238702,real
Arch,a=0.93,11,7,0.8810641279969835,real
Arch,a=0.93,12,7,0.8819670033704077,real
Arch,a=0.93,13,7,0.8751065240166076,real
Arch,a=0.93,14,7,0.8823847265729312,real
Arch,a=0.93,15,7,0.8806296869452165,real
Arch,a=0.93,16,7,0.8786143265221402,real
Arch,a=0.93,17,7,0.8766937439447746,real
Arch,a=0.93,18,7,0.8758089431776752,real
Arch,a=0.93,19,7,0.8788626037751895,real
Arch,a=0.93,20,7,0.8790866080864803,real
Arch,a=0.93,21,7,0.8796787860882516,real
Arch,a=0.93,22,7,0.8780445628907833,real
Arch,a=0.93,23,7,0.8795874744780983,real
Arch,a=0.93,24,7,0.8834304703256038,real
Arch,a=0.93,25,7,0.8835771766546786,real
Arch,a=0.93,26,7,0.888781826919131,real
Arch,a=0.93,27,7,0.8931968259764637,real
Arch,a=0.93,0,8,0.8012581260357675,real
Arch,a=0.93,1,8,0.8917398301282329,real
Arch,a=0.93,2,8,0.9147966438185552,real
Arch,a=0.93,3,8,0.9297146035657512,real
Arch,a=0.93,4,8,0.9283551009856146,real
Arch,a=0.93,5,8,0.9114610303888004,real
Arch,a=0.93,6,8,0.9097138492087502,real
Arch,a=0.93,7,8,0.8959170034425397,real
Arch,a=0.93,8,8,0.872490348552224,real
Arch,a=0.93,9,8,0.8619922430884004,real
Arch,a=0.93,10,8,0.8696904955732603,real
Arch,a=0.93,11,8,0.8939937270500634,real
Arch,a=0.93,12,8,0.8928842722065806,real
Arch,a=0.93,13,8,0.891795110352214,real
Arch,a=0.93,14,8,0.8931693562898837,real
Arch,a=0.93,15,8,0.8916064327007474,real
Arch,a=0.93,16,8,0.8923104108338238,real
Arch,a=0.93,17,8,0.8893196799954739,real
Arch,a=0.93,18,8,0.8885796931024268,real
Arch,a=0.93,19,8,0.8879939368556042,real
Arch,a=0.93,20,8,0.8929502489770997,real
Arch,a=0.93,21,8,0.8947849964678805,real
Arch,a=0.93,22,8,0.8928016956530964,real
Arch,a=0.93,23,8,0.8916298983111047,real
Arch,a=0.93,24,8,0.894616837719736,real
Arch,a=0.93,25,8,0.8956661600949861,real
Arch,a=0.93,26,8,0.8995077722344762,real
Arch,a=0.93,27,8,0.8977431072593502,real
Arch,a=0.93,0,9,0.8070457497221268,real
Arch,a=0.93,1,9,0.8926329109305566,real
Arch,a=0.93,2,9,0.9095486873955332,real
Arch,a=0.93,3,9,0.928566129596496,real
Arch,a=0.93,4,9,0.924947103087595,real
Arch,a=0.93,5,9,0.9042720128982028,real
Arch,a=0.93,6,9,0.8974945274871335,real
Arch,a=0.93,7,9,0.8872515739884992,real
Arch,a=0.93,8,9,0.8733449357861549,real
Arch,a=0.93,9,9,0.8661192633549044,real
Arch,a=0.93,10,9,0.8662824815698575,real
Arch,a=0.93,11,9,0.8823946454168693,real
Arch,a=0.93,12,9,0.8824363381431211,real
Arch,a=0.93,13,9,0.8788834523487764,real
Arch,a=0.93,14,9,0.8860485822437373,real
Arch,a=0.93,15,9,0.8814845597545633,real
Arch,a=0.93,16,9,0.879731625291301,real
Arch,a=0.93,17,9,0.8801817795034956,real
Arch,a=0.93,18,9,0.8780117513982918,real
Arch,a=0.93,19,9,0.8805517877684425,real
Arch,a=0.93,20,9,0.8828697859037401,real
Arch,a=0.93,21,9,0.8830631775165886,real
Arch,a=0.93,22,9,0.8825287668066707,real
Arch,a=0.93,23,9,0.8875179963814628,real
Arch,a=0.93,24,9,0.8878119594626125,real
Arch,a=0.93,25,9,0.8908295341407446,real
Arch,a=0.93,26,9,0.8913093919736373,real
Arch,a=0.93,27,9,0.8919389521400387,real
Arch,a=0.94,0,0,0.7877662383416124,real
Arch,a=0.94,1,0,0.8760762386931685,real
Arch,a=0.94,2,0,0.8924701906556373,real
Arch,a=0.94,3,0,0.9088250319953504,real
Arch,a=0.94,4,0,0.9058525405168474,real
Arch,a=0.94,5,0,0.8872684497794546,real
Arch,a=0.94,6,0,0.890511779749318,real
Arch,a=0.94,7,0,0.8721527691031503,real
Arch,a=0.94,8,0,0.8505466043788937,real
Arch,a=0.94,9,0,0.8531744025228268,real
Arch,a=0.94,10,0,0.8564328045280434,real
Arch,a=0.94,11,0,0.8882451588098852,real
Arch,a=0.94,12,0,0.8845421878611398,real
Arch,a=0.94,13,0,0.8802556523872533,real
Arch,a=0.94,14,0,0.8827350583022231,real
Arch,a=0.94,15,0,0.8833448399409685,real
Arch,a=0.94,16,0,0.8790272347564875,real
Arch,a=0.94,17,0,0.8790822776051994,real
Arch,a=0.94,18,0,0.8770390163757851,real
Arch,a=0.94,19,0,0.8813361172342553,real
Arch,a=0.94,20,0,0.8835812708081977,real
Arch,a=0.94,21,0,0.884874829177366,real
Arch,a=0.94,22,0,0.885035348223856,real
Arch,a=0.94,23,0,0.8868833274865305,real
Arch,a=0.94,24,0,0.8863753475357035,real
Arch,a=0.94,25,0,0.8868695924865717,real
Arch,a=0.94,26,0,0.8875197376343861,real
Arch,a=0.94,27,0,0.8898223089310973,real
Arch,a=0.94,0,1,0.7708584482400572,real
Arch,a=0.94,1,1,0.8538239759336527,real
Arch,a=0.94,2,1,0.8799063458620564,real
Arch,a=0.94,3,1,0.910380980360625,real
Arch,a=0.94,4,1,0.907700910094804,real
Arch,a=0.94,5,1,0.9011650358126037,real
Arch,a=0.94,6,1,0.8997821221585207,real
Arch,a=0.94,7,1,0.8856554752039224,real
Arch,a=0.94,8,1,0.8657702446635402,real
Arch,a=0.94,9,1,0.8596289540070375,real
Arch,a=0.94,10,1,0.8603079964898905,real
Arch,a=0.94,11,1,0.8790395200411171,real
Arch,a=0.94,12,1,0.8767310485613352,real
Arch,a=0.94,13,1,0.8705151272241154,real
Arch,a=0.94,14,1,0.8763734232562687,real
Arch,a=0.94,15,1,0.8746644556871814,real
Arch,a=0.94,16,1,0.8751496229003987,real
Arch,a=0.94,17,1,0.8696093094258703,real
Arch,a=0.94,18,1,0.8657369559633972,real
Arch,a=0.94,19,1,0.8671986941501839,real
Arch,a=0.94,20,1,0.8700566867788382,real
Arch,a=0.94,21,1,0.8726129751417377,real
Arch,a=0.94,22,1,0.8720610859126487,real
Arch,a=0.94,23,1,0.8726088897514406,real
Arch,a=0.94,24,1,0.8740304609592873,real
Arch,a=0.94,25,1,0.87655664216493,real
Arch,a=0.94,26,1,0.878488697351973,real
Arch,a=0.94,27,1,0.8777665684630429,real
Arch,a=0.94,0,2,0.7807887117914062,real
Arch,a=0.94,1,2,0.8757562511743179,real
Arch,a=0.94,2,2,0.8968849769472377,real
Arch,a=0.94,3,2,0.9100196125340696,real
Arch,a=0.94,4,2,0.9133713628476646,real
Arch,a=0.94,5,2,0.8991885891679021,real
Arch,a=0.94,6,2,0.893714242735204,real
Arch,a=0.94,7,2,0.8836888394354755,real
Arch,a=0.94,8,2,0.8629863957894193,real
Arch,a=0.94,9,2,0.8551296009487347,real
Arch,a=0.94,10,2,0.8609279069643608,real
Arch,a=0.94,11,2,0.8836945351146704,real
Arch,a=0.94,12,2,0.8852166792307581,real
Arch,a=0.94,13,2,0.8841608771688272,real
Arch,a=0.94,14,2,0.8851400965926336,real
Arch,a=0.94,15,2,0.8826489643562685,real
Arch,a=0.94,16,2,0.8813233449440245,real
Arch,a=0.94,17,2,0.878181564560286,real
Arch,a=0.94,18,2,0.8772788612140792,real
Arch,a=0.94,19,2,0.8784210017853434,real
Arch,a=0.94,20,2,0.87985312754594,real
Arch,a=0.94,21,2,0.8817870816290669,real
Arch,a=0.94,22,2,0.883124567832021,real
Arch,a=0.94,23,2,0.8856882890750217,real
Arch,a=0.94,24,2,0.8875609028802071,real
Arch,a=0.94,25,2,0.8868892501329309,real
Arch,a=0.94,26,2,0.8897015273928889,real
Arch,a=0.94,27,2,0.8909603485641564,real
Arch,a=0.94,0,3,0.7508869777475022,real
Arch,a=0.94,1,3,0.8494178753523951,real
Arch,a=0.94,2,3,0.8663118939983722,real
Arch,a=0.94,3,3,0.890313152447008,real
Arch,a=0.94,4,3,0.8913825481115161,real
Arch,a=0.94,5,3,0.8801430702018236,real
Arch,a=0.94,6,3,0.8774264209337438,real
Arch,a=0.94,7,3,0.8553133883600506,real
Arch,a=0.94,8,3,0.8475260186282836,real
Arch,a=0.94,9,3,0.8428982801939205,real
Arch,a=0.94,10,3,0.8469223484848485,real
Arch,a=0.94,11,3,0.8699919255075079,real
Arch,a=0.94,12,3,0.8692919180615025,real
Arch,a=0.94,13,3,0.8665189169084775,real
Arch,a=0.94,14,3,0.8710177878434009,real
Arch,a=0.94,15,3,0.8690049888236197,real
Arch,a=0.94,16,3,0.8671108466919093,real
Arch,a=0.94,17,3,0.8639915786416127,real
Arch,a=0.94,18,3,0.8614374236968754,real
Arch,a=0.94,19,3,0.8583824880274131,real
Arch,a=0.94,20,3,0.8587453886372483,real
Arch,a=0.94,21,3,0.8623380309517912,real
Arch,a=0.94,22,3,0.8621719887174587,real
Arch,a=0.94,23,3,0.8656947049317621,real
Arch,a=0.94,24,3,0.8677289572938415,real
Arch,a=0.94,25,3,0.8661759491076589,real
Arch,a=0.94,26,3,0.8682577342616511,real
Arch,a=0.94,27,3,0.8716143345187963,real
Arch,a=0.94,0,4,0.7916610061557291,real
Arch,a=0.94,1,4,0.8830733990675707,real
Arch,a=0.94,2,4,0.8984804870386491,real
Arch,a=0.94,3,4,0.9197702482391996,real
Arch,a=0.94,4,4,0.9210797000900948,real
Arch,a=0.94,5,4,0.903933568027426,real
Arch,a=0.94,6,4,0.9034290588493984,real
Arch,a=0.94,7,4,0.8889300189321119,real
Arch,a=0.94,8,4,0.8758986969497816,real
Arch,a=0.94,9,4,0.8696904917902352,real
Arch,a=0.94,10,4,0.8719977640951767,real
Arch,a=0.94,11,4,0.8902049581823673,real
Arch,a=0.94,12,4,0.8899024436614902,real
Arch,a=0.94,13,4,0.8873755195087812,real
Arch,a=0.94,14,4,0.8908311668440914,real
Arch,a=0.94,15,4,0.8848686849147847,real
Arch,a=0.94,16,4,0.881400371247838,real
Arch,a=0.94,17,4,0.8811369638006692,real
Arch,a=0.94,18,4,0.8798655379709956,real
Arch,a=0.94,19,4,0.8825611423467213,real
Arch,a=0.94,20,4,0.8827129040983204,real
Arch,a=0.94,21,4,0.8891245813534158,real
Arch,a=0.94,22,4,0.8882636671880463,real
Arch,a=0.94,23,4,0.8884236629560861,real
Arch,a=0.94,24,4,0.8897442856826778,real
Arch,a=0.94,25,4,0.8894373208290635,real
Arch,a=0.94,26,4,0.8920833048956471,real
Arch,a=0.94,27,4,0.8924584841611757,real
Arch,a=0.94,0,5,0.7813447271594137,real
Arch,a=0.94,1,5,0.8700312725255497,real
Arch,a=0.94,2,5,0.8897953460181249,real
Arch,a=0.94,3,5,0.8948849688130822,real
Arch,a=0.94,4,5,0.8879533403303433,real
Arch,a=0.94,5,5,0.8629491883525466,real
Arch,a=0.94,6,5,0.8572277201447114,real
Arch,a=0.94,7,5,0.8548795070361043,real
Arch,a=0.94,8,5,0.8191458054751318,real
Arch,a=0.94,9,5,0.8298873401488548,real
Arch,a=0.94,10,5,0.8394793847881806,real
Arch,a=0.94,11,5,0.866584180707771,real
Arch,a=0.94,12,5,0.8697851158872648,real
Arch,a=0.94,13,5,0.8714794909418397,real
Arch,a=0.94,14,5,0.8733899657397626,real
Arch,a=0.94,15,5,0.8712585201152623,real
Arch,a=0.94,16,5,0.870486072468706,real
Arch,a=0.94,17,5,0.8677912676630272,real
Arch,a=0.94,18,5,0.8652733884761642,real
Arch,a=0.94,19,5,0.867413840040133,real
Arch,a=0.94,20,5,0.870161173785525,real
Arch,a=0.94,21,5,0.8723825332714674,real
Arch,a=0.94,22,5,0.8712915476004992,real
Arch,a=0.94,23,5,0.8737220041125981,real
Arch,a=0.94,24,5,0.8736864426367884,real
Arch,a=0.94,25,5,0.8740633223698291,real
Arch,a=0.94,26,5,0.877818627912591,real
Arch,a=0.94,27,5,0.8783004285525948,real
Arch,a=0.94,0,6,0.7442545526163495,real
Arch,a=0.94,1,6,0.8391570774508167,real
Arch,a=0.94,2,6,0.8700086422449147,real
Arch,a=0.94,3,6,0.88708895395273,real
Arch,a=0.94,4,6,0.8907793618018878,real
Arch,a=0.94,5,6,0.8723046471972058,real
Arch,a=0.94,6,6,0.8704011429906497,real
Arch,a=0.94,7,6,0.8523049352478201,real
Arch,a=0.94,8,6,0.8410866170013648,real
Arch,a=0.94,9,6,0.8351438749251541,real
Arch,a=0.94,10,6,0.828983950677017,real
Arch,a=0.94,11,6,0.8685414820491071,real
Arch,a=0.94,12,6,0.8633215090917201,real
Arch,a=0.94,13,6,0.8641005534204212,real
Arch,a=0.94,14,6,0.8693794804947235,real
Arch,a=0.94,15,6,0.8665585550596581,real
Arch,a=0.94,16,6,0.8691555147853147,real
Arch,a=0.94,17,6,0.8671337481843366,real
Arch,a=0.94,18,6,0.867615697182015,real
Arch,a=0.94,19,6,0.8691457799095703,real
Arch,a=0.94,20,6,0.8714588118133735,real
Arch,a=0.94,21,6,0.871638452962606,real
Arch,a=0.94,22,6,0.8711690812064445,real
Arch,a=0.94,23,6,0.8758604467784898,real
Arch,a=0.94,24,6,0.8783640534046565,real
Arch,a=0.94,25,6,0.879907921152156,real
Arch,a=0.94,26,6,0.8799065771581166,real
Arch,a=0.94,27,6,0.880930954885244,real
Arch,a=0.94,0,7,0.7749719087152586,real
Arch,a=0.94,1,7,0.862467667510096,real
Arch,a=0.94,2,7,0.8763159169749967,real
Arch,a=0.94,3,7,0.8928453977457227,real
Arch,a=0.94,4,7,0.9034487232936276,real
Arch,a=0.94,5,7,0.8759253830876602,real
Arch,a=0.94,6,7,0.8709681038504283,real
Arch,a=0.94,7,7,0.8645367378407828,real
Arch,a=0.94,8,7,0.8481178338996849,real
Arch,a=0.94,9,7,0.8365739844832633,real
Arch,a=0.94,10,7,0.8360586619773063,real
Arch,a=0.94,11,7,0.855505802483181,real
Arch,a=0.94,12,7,0.8614341729942923,real
Arch,a=0.94,13,7,0.8522371624758176,real
Arch,a=0.94,14,7,0.8537991997664085,real
Arch,a=0.94,15,7,0.8488657080804569,real
Arch,a=0.94,16,7,0.8542760673687749,real
Arch,a=0.94,17,7,0.8517902280632149,real
Arch,a=0.94,18,7,0.8499631154499636,real
Arch,a=0.94,19,7,0.8487286103196419,real
Arch,a=0.94,20,7,0.8548261466760957,real
Arch,a=0.94,21,7,0.8560445463032412,real
Arch,a=0.94,22,7,0.8547785269104646,real
Arch,a=0.94,23,7,0.8596378868322121,real
Arch,a=0.94,24,7,0.8630540757588577,real
Arch,a=0.94,25,7,0.8636022702846088,real
Arch,a=0.94,26,7,0.8676399994311712,real
Arch,a=0.94,27,7,0.8737345165640679,real
Arch,a=0.94,0,8,0.7803386836690684,real
Arch,a=0.94,1,8,0.8746374410414612,real
Arch,a=0.94,2,8,0.8958889381831567,real
Arch,a=0.94,3,8,0.9185689179648764,real
Arch,a=0.94,4,8,0.9254960569545666,real
Arch,a=0.94,5,8,0.9120208459812048,real
Arch,a=0.94,6,8,0.9081329303870316,real
Arch,a=0.94,7,8,0.892173537265093,real
Arch,a=0.94,8,8,0.8744404518758224,real
Arch,a=0.94,9,8,0.8689501740255531,real
Arch,a=0.94,10,8,0.8734970208253783,real
Arch,a=0.94,11,8,0.8960253463342005,real
Arch,a=0.94,12,8,0.8927817167407912,real
Arch,a=0.94,13,8,0.8931767080463812,real
Arch,a=0.94,14,8,0.8935269052844981,real
Arch,a=0.94,15,8,0.8934539196268408,real
Arch,a=0.94,16,8,0.8927611138734215,real
Arch,a=0.94,17,8,0.8912977608803743,real
Arch,a=0.94,18,8,0.8877675110637397,real
Arch,a=0.94,19,8,0.8886043136910174,real
Arch,a=0.94,20,8,0.8887804166998602,real
Arch,a=0.94,21,8,0.8913476112348809,real
Arch,a=0.94,22,8,0.8915985970820846,real
Arch,a=0.94,23,8,0.8938778665456134,real
Arch,a=0.94,24,8,0.8951640091256967,real
Arch,a=0.94,25,8,0.8959890681185736,real
Arch,a=0.94,26,8,0.8952089147920347,real
Arch,a=0.94,27,8,0.8989280328107531,real
Arch,a=0.94,0,9,0.8046855378723473,real
Arch,a=0.94,1,9,0.8987331980333992,real
Arch,a=0.94,2,9,0.9109625644872944,real
Arch,a=0.94,3,9,0.9254283201817584,real
Arch,a=0.94,4,9,0.9270411730386714,real
Arch,a=0.94,5,9,0.912652295090038,real
Arch,a=0.94,6,9,0.9036194446873343,real
Arch,a=0.94,7,9,0.8880080085118452,real
Arch,a=0.94,8,9,0.8727769564421898,real
Arch,a=0.94,9,9,0.8691748161363542,real
Arch,a=0.94,10,9,0.864418903438612,real
Arch,a=0.94,11,9,0.8881244548752432,real
Arch,a=0.94,12,9,0.8932514749137904,real
Arch,a=0.94,13,9,0.8884817940271594,real
Arch,a=0.94,14,9,0.8910605969313563,real
Arch,a=0.94,15,9,0.8909130320729914,real
Arch,a=0.94,16,9,0.892032140592405,real
Arch,a=0.94,17,9,0.8885112684221858,real
Arch,a=0.94,18,9,0.8870324143028979,real
Arch,a=0.94,19,9,0.8880140705563193,real
Arch,a=0.94,20,9,0.8870124003712175,real
Arch,a=0.94,21,9,0.8915594664519111,real
Arch,a=0.94,22,9,0.8919058479991947,real
Arch,a=0.94,23,9,0.890029755453452,real
Arch,a=0.94,24,9,0.8899716149359959,real
Arch,a=0.94,25,9,0.8901430054661271,real
Arch,a=0.94,26,9,0.8931361858497922,real
Arch,a=0.94,27,9,0.9001856822592248,real
Arch,a=0.95,0,0,0.7804917273655435,real
Arch,a=0.95,1,0,0.8713448226631635,real
Arch,a=0.95,2,0,0.8907647406628025,real
Arch,a=0.95,3,0,0.9083151709614732,real
Arch,a=0.95,4,0,0.91621677730248,real
Arch,a=0.95,5,0,0.903425949287488,real
Arch,a=0.95,6,0,0.9046718643514948,real
Arch,a=0.95,7,0,0.8889357300634417,real
Arch,a=0.95,8,0,0.8733326262022826,real
Arch,a=0.95,9,0,0.8733329297605736,real
Arch,a=0.95,10,0,0.8728832880360455,real
Arch,a=0.95,11,0,0.895423018384257,real
Arch,a=0.95,12,0,0.9006875179898229,real
Arch,a=0.95,13,0,0.8955205804213466,real
Arch,a=0.95,14,0,0.899742668843595,real
Arch,a=0.95,15,0,0.8993755150904897,real
Arch,a=0.95,16,0,0.8956309078834153,real
Arch,a=0.95,17,0,0.8934897994189064,real
Arch,a=0.95,18,0,0.8928905593754904,real
Arch,a=0.95,19,0,0.8937214303717803,real
Arch,a=0.95,20,0,0.8961489301072053,real
Arch,a=0.95,21,0,0.8974170448683438,real
Arch,a=0.95,22,0,0.8977852610754681,real
Arch,a=0.95,23,0,0.899953458123271,real
Arch,a=0.95,24,0,0.9009635643137128,real
Arch,a=0.95,25,0,0.9012640071381572,real
Arch,a=0.95,26,0,0.9029891528716998,real
Arch,a=0.95,27,0,0.9046462136758954,real
Arch,a=0.95,0,1,0.7576266751545937,real
Arch,a=0.95,1,1,0.8490830788738943,real
Arch,a=0.95,2,1,0.875932810200573,real
Arch,a=0.95,3,1,0.9053544262919084,real
Arch,a=0.95,4,1,0.9109418504360034,real
Arch,a=0.95,5,1,0.9007582721506722,real
Arch,a=0.95,6,1,0.899294512521648,real
Arch,a=0.95,7,1,0.8818026933480192,real
Arch,a=0.95,8,1,0.8659867298988864,real
Arch,a=0.95,9,1,0.8679791179716554,real
Arch,a=0.95,10,1,0.853632418431249,real
Arch,a=0.95,11,1,0.8862554057990318,real
Arch,a=0.95,12,1,0.8826830557414134,real
Arch,a=0.95,13,1,0.8830036901077956,real
Arch,a=0.95,14,1,0.888081835406338,real
Arch,a=0.95,15,1,0.8800202818603827,real
Arch,a=0.95,16,1,0.88188426628967,real
Arch,a=0.95,17,1,0.8784417704909746,real
Arch,a=0.95,18,1,0.8747451107490088,real
Arch,a=0.95,19,1,0.8753239385459985,real
Arch,a=0.95,20,1,0.8767420199065701,real
Arch,a=0.95,21,1,0.8783721490087655,real
Arch,a=0.95,22,1,0.879867346697993,real
Arch,a=0.95,23,1,0.8831348257436918,real
Arch,a=0.95,24,1,0.8856445758136116,real
Arch,a=0.95,25,1,0.8842627114852252,real
Arch,a=0.95,26,1,0.8884646286443811,real
Arch,a=0.95,27,1,0.8901671756929976,real
Arch,a=0.95,0,2,0.7530461368354338,real
Arch,a=0.95,1,2,0.8589606702768093,real
Arch,a=0.95,2,2,0.8814524282662236,real
Arch,a=0.95,3,2,0.8981387958107766,real
Arch,a=0.95,4,2,0.9054665479825124,real
Arch,a=0.95,5,2,0.8874930719355407,real
Arch,a=0.95,6,2,0.8811721962481467,real
Arch,a=0.95,7,2,0.8693479947239958,real
Arch,a=0.95,8,2,0.8568109167339935,real
Arch,a=0.95,9,2,0.8445253874278735,real
Arch,a=0.95,10,2,0.8492724210390211,real
Arch,a=0.95,11,2,0.8801500884976471,real
Arch,a=0.95,12,2,0.8782652858226909,real
Arch,a=0.95,13,2,0.8761221336037448,real
Arch,a=0.95,14,2,0.8743703052033132,real
Arch,a=0.95,15,2,0.8682831945326006,real
Arch,a=0.95,16,2,0.8669650664592021,real
Arch,a=0.95,17,2,0.8676248662857786,real
Arch,a=0.95,18,2,0.8658897407312591,real
Arch,a=0.95,19,2,0.8671262418553465,real
Arch,a=0.95,20,2,0.8720636662934673,real
Arch,a=0.95,21,2,0.8791348148632947,real
Arch,a=0.95,22,2,0.8792334190208451,real
Arch,a=0.95,23,2,0.8788724662805374,real
Arch,a=0.95,24,2,0.8803880936593835,real
Arch,a=0.95,25,2,0.8787929594037538,real
Arch,a=0.95,26,2,0.8809845324164244,real
Arch,a=0.95,27,2,0.8835103119995174,real
Arch,a=0.95,0,3,0.713268344707101,real
Arch,a=0.95,1,3,0.812594457166196,real
Arch,a=0.95,2,3,0.8343922981949442,real
Arch,a=0.95,3,3,0.8598779235818197,real
Arch,a=0.95,4,3,0.867062554540506,real
Arch,a=0.95,5,3,0.8508726614723392,real
Arch,a=0.95,6,3,0.844896968527812,real
Arch,a=0.95,7,3,0.8263679792330356,real
Arch,a=0.95,8,3,0.8120392694318048,real
Arch,a=0.95,9,3,0.8128660643704726,real
Arch,a=0.95,10,3,0.8092281967408741,real
Arch,a=0.95,11,3,0.8405885444837149,real
Arch,a=0.95,12,3,0.8435759728929254,real
Arch,a=0.95,13,3,0.8426459163801653,real
Arch,a=0.95,14,3,0.8527783768156812,real
Arch,a=0.95,15,3,0.8481199002160416,real
Arch,a=0.95,16,3,0.8467708776340815,real
Arch,a=0.95,17,3,0.841321074565191,real
Arch,a=0.95,18,3,0.8389781154359716,real
Arch,a=0.95,19,3,0.84094674090753,real
Arch,a=0.95,20,3,0.8458591824506094,real
Arch,a=0.95,21,3,0.8483926779968666,real
Arch,a=0.95,22,3,0.8486601714607016,real
Arch,a=0.95,23,3,0.8548966688602156,real
Arch,a=0.95,24,3,0.8572201295286429,real
Arch,a=0.95,25,3,0.8585489680264039,real
Arch,a=0.95,26,3,0.8606575610081085,real
Arch,a=0.95,27,3,0.8618584722116499,real
Arch,a=0.95,0,4,0.7562858157774173,real
Arch,a=0.95,1,4,0.8605332225709614,real
Arch,a=0.95,2,4,0.8757449661679068,real
Arch,a=0.95,3,4,0.8909615404895829,real
Arch,a=0.95,4,4,0.8970180595350864,real
Arch,a=0.95,5,4,0.8882353180675979,real
Arch,a=0.95,6,4,0.885428975698134,real
Arch,a=0.95,7,4,0.8694632218821452,real
Arch,a=0.95,8,4,0.842424028635535,real
Arch,a=0.95,9,4,0.8347419915761505,real
Arch,a=0.95,10,4,0.8344892754239958,real
Arch,a=0.95,11,4,0.8678374201987635,real
Arch,a=0.95,12,4,0.8667959443137414,real
Arch,a=0.95,13,4,0.8681251027884779,real
Arch,a=0.95,14,4,0.8710334660595116,real
Arch,a=0.95,15,4,0.8706945143791736,real
Arch,a=0.95,16,4,0.868290532166653,real
Arch,a=0.95,17,4,0.868941587043419,real
Arch,a=0.95,18,4,0.8630190851505091,real
Arch,a=0.95,19,4,0.8594498553752767,real
Arch,a=0.95,20,4,0.8646198488288521,real
Arch,a=0.95,21,4,0.8673757898026354,real
Arch,a=0.95,22,4,0.8683873135256821,real
Arch,a=0.95,23,4,0.8686904394167381,real
Arch,a=0.95,24,4,0.8709021103942913,real
Arch,a=0.95,25,4,0.8715147447401668,real
Arch,a=0.95,26,4,0.8768409483131476,real
Arch,a=0.95,27,4,0.877755840855136,real
Arch,a=0.95,0,5,0.7751528398727265,real
Arch,a=0.95,1,5,0.857805427211463,real
Arch,a=0.95,2,5,0.8802281277236026,real
Arch,a=0.95,3,5,0.8961597048585116,real
Arch,a=0.95,4,5,0.8900552675257528,real
Arch,a=0.95,5,5,0.8706088853546586,real
Arch,a=0.95,6,5,0.8664820376072345,real
Arch,a=0.95,7,5,0.85314531917721,real
Arch,a=0.95,8,5,0.8347975659056148,real
Arch,a=0.95,9,5,0.8450871519492321,real
Arch,a=0.95,10,5,0.843270558463391,real
Arch,a=0.95,11,5,0.8645812610750622,real
Arch,a=0.95,12,5,0.8669884538490573,real
Arch,a=0.95,13,5,0.8692030269660248,real
Arch,a=0.95,14,5,0.8765437522484918,real
Arch,a=0.95,15,5,0.8730122075567017,real
Arch,a=0.95,16,5,0.8698161376824403,real
Arch,a=0.95,17,5,0.8659530493411121,real
Arch,a=0.95,18,5,0.8671660911355934,real
Arch,a=0.95,19,5,0.867964883262641,real
Arch,a=0.95,20,5,0.8702231309742771,real
Arch,a=0.95,21,5,0.8725956173672851,real
Arch,a=0.95,22,5,0.8732805646872102,real
Arch,a=0.95,23,5,0.8767992857423763,real
Arch,a=0.95,24,5,0.8780736961747357,real
Arch,a=0.95,25,5,0.8786478890854961,real
Arch,a=0.95,26,5,0.8823250536320387,real
Arch,a=0.95,27,5,0.8815982495985967,real
Arch,a=0.95,0,6,0.7234579178951132,real
Arch,a=0.95,1,6,0.834139053028176,real
Arch,a=0.95,2,6,0.8569836709132133,real
Arch,a=0.95,3,6,0.883946192344286,real
Arch,a=0.95,4,6,0.8731215334417113,real
Arch,a=0.95,5,6,0.8655973900594135,real
Arch,a=0.95,6,6,0.8640881750363132,real
Arch,a=0.95,7,6,0.8505524850212614,real
Arch,a=0.95,8,6,0.8347576945164101,real
Arch,a=0.95,9,6,0.8215099543839745,real
Arch,a=0.95,10,6,0.8310301411793258,real
Arch,a=0.95,11,6,0.8638501427352498,real
Arch,a=0.95,12,6,0.862412562575961,real
Arch,a=0.95,13,6,0.8626960667255208,real
Arch,a=0.95,14,6,0.8659341770207432,real
Arch,a=0.95,15,6,0.8641602223057885,real
Arch,a=0.95,16,6,0.8635652693988861,real
Arch,a=0.95,17,6,0.8605425173413283,real
Arch,a=0.95,18,6,0.860749874909114,real
Arch,a=0.95,19,6,0.8630927349892421,real
Arch,a=0.95,20,6,0.8648922506072426,real
Arch,a=0.95,21,6,0.8682789919037179,real
Arch,a=0.95,22,6,0.8685053448763809,real
Arch,a=0.95,23,6,0.869303366332165,real
Arch,a=0.95,24,6,0.8707906413739482,real
Arch,a=0.95,25,6,0.8695863508505883,real
Arch,a=0.95,26,6,0.8747859532123465,real
Arch,a=0.95,27,6,0.8751629909664684,real
Arch,a=0.95,0,7,0.7511251155265368,real
Arch,a=0.95,1,7,0.8453887396179258,real
Arch,a=0.95,2,7,0.8721110708687825,real
Arch,a=0.95,3,7,0.8978568981944807,real
Arch,a=0.95,4,7,0.9020144497184868,real
Arch,a=0.95,5,7,0.8974884639367053,real
Arch,a=0.95,6,7,0.8858113105488585,real
Arch,a=0.95,7,7,0.8666276122524874,real
Arch,a=0.95,8,7,0.8463649723540307,real
Arch,a=0.95,9,7,0.8538247770315506,real
Arch,a=0.95,10,7,0.8447634255171926,real
Arch,a=0.95,11,7,0.8781914564728169,real
Arch,a=0.95,12,7,0.8812567143219214,real
Arch,a=0.95,13,7,0.8743762651766966,real
Arch,a=0.95,14,7,0.8812422057075533,real
Arch,a=0.95,15,7,0.8793729234894642,real
Arch,a=0.95,16,7,0.8758786206291025,real
Arch,a=0.95,17,7,0.8744823000966582,real
Arch,a=0.95,18,7,0.8716610007297219,real
Arch,a=0.95,19,7,0.8696840165766064,real
Arch,a=0.95,20,7,0.8704237485295172,real
Arch,a=0.95,21,7,0.8710973422579418,real
Arch,a=0.95,22,7,0.8725532845014371,real
Arch,a=0.95,23,7,0.8762962039147704,real
Arch,a=0.95,24,7,0.8759603921049146,real
Arch,a=0.95,25,7,0.8755130179040927,real
Arch,a=0.95,26,7,0.8809140111196445,real
Arch,a=0.95,27,7,0.8766440836375118,real
Arch,a=0.95,0,8,0.7744625128317912,real
Arch,a=0.95,1,8,0.868296436413819,real
Arch,a=0.95,2,8,0.8854695132955505,real
Arch,a=0.95,3,8,0.9049904269810534,real
Arch,a=0.95,4,8,0.904728526913532,real
Arch,a=0.95,5,8,0.8903695992181223,real
Arch,a=0.95,6,8,0.8837643805537769,real
Arch,a=0.95,7,8,0.8770365824771323,real
Arch,a=0.95,8,8,0.8603523925718077,real
Arch,a=0.95,9,8,0.854768136789139,real
Arch,a=0.95,10,8,0.854930348209,real
Arch,a=0.95,11,8,0.8830599283379952,real
Arch,a=0.95,12,8,0.8830242010395948,real
Arch,a=0.95,13,8,0.8811193906402572,real
Arch,a=0.95,14,8,0.8853125028850584,real
Arch,a=0.95,15,8,0.881817464110506,real
Arch,a=0.95,16,8,0.8835907316558661,real
Arch,a=0.95,17,8,0.882989430157811,real
Arch,a=0.95,18,8,0.8811927580702908,real
Arch,a=0.95,19,8,0.8822599925459577,real
Arch,a=0.95,20,8,0.8830873719618991,real
Arch,a=0.95,21,8,0.885146742448166,real
Arch,a=0.95,22,8,0.8844583675166644,real
Arch,a=0.95,23,8,0.8851734430707315,real
Arch,a=0.95,24,8,0.8852825694162437,real
Arch,a=0.95,25,8,0.884249924024161,real
Arch,a=0.95,26,8,0.8861059492717891,real
Arch,a=0.95,27,8,0.8864015768575129,real
Arch,a=0.95,0,9,0.7819850881666516,real
Arch,a=0.95,1,9,0.8788848455673598,real
Arch,a=0.95,2,9,0.8927535575668896,real
Arch,a=0.95,3,9,0.9145516202677648,real
Arch,a=0.95,4,9,0.90979650733279,real
Arch,a=0.95,5,9,0.8911839703352065,real
Arch,a=0.95,6,9,0.8880598093840012,real
Arch,a=0.95,7,9,0.8773348950563443,real
Arch,a=0.95,8,9,0.857903065139578,real
Arch,a=0.95,9,9,0.8599483503407035,real
Arch,a=0.95,10,9,0.8567457060560855,real
Arch,a=0.95,11,9,0.883000057194332,real
Arch,a=0.95,12,9,0.8878834999118254,real
Arch,a=0.95,13,9,0.8890937240341704,real
Arch,a=0.95,14,9,0.8948810755076394,real
Arch,a=0.95,15,9,0.8895740610994339,real
Arch,a=0.95,16,9,0.8873390178144457,real
Arch,a=0.95,17,9,0.8857634966708132,real
Arch,a=0.95,18,9,0.8846099425991328,real
Arch,a=0.95,19,9,0.8841514823658754,real
Arch,a=0.95,20,9,0.8842117588369215,real
Arch,a=0.95,21,9,0.884760554340176,real
Arch,a=0.95,22,9,0.8845247071570763,real
Arch,a=0.95,23,9,0.8874194791185083,real
Arch,a=0.95,24,9,0.8874254448050864,real
Arch,a=0.95,25,9,0.887032448251045,real
Arch,a=0.95,26,9,0.8905345048639013,real
Arch,a=0.95,27,9,0.8953412277398866,real
Arch,a=0.96,0,0,0.7510130264022158,real
Arch,a=0.96,1,0,0.8486776679046002,real
Arch,a=0.96,2,0,0.8630835008753055,real
Arch,a=0.96,3,0,0.8836158958958492,real
Arch,a=0.96,4,0,0.8901983531462683,real
Arch,a=0.96,5,0,0.8782000683273591,real
Arch,a=0.96,6,0,0.8763177895255225,real
Arch,a=0.96,7,0,0.8770910954079616,real
Arch,a=0.96,8,0,0.8535063835879283,real
Arch,a=0.96,9,0,0.858018702060061,real
Arch,a=0.96,10,0,0.8545382216716346,real
Arch,a=0.96,11,0,0.881905386488287,real
Arch,a=0.96,12,0,0.8873353679381641,real
Arch,a=0.96,13,0,0.8861913122740238,real
Arch,a=0.96,14,0,0.8879374666942997,real
Arch,a=0.96,15,0,0.8843198692783889,real
Arch,a=0.96,16,0,0.8799385175939618,real
Arch,a=0.96,17,0,0.8797421264158324,real
Arch,a=0.96,18,0,0.8733311886628118,real
Arch,a=0.96,19,0,0.8794798457614269,real
Arch,a=0.96,20,0,0.8812007189477586,real
Arch,a=0.96,21,0,0.8838311889960077,real
Arch,a=0.96,22,0,0.8819778565822948,real
Arch,a=0.96,23,0,0.8853366927248022,real
Arch,a=0.96,24,0,0.8880429092927652,real
Arch,a=0.96,25,0,0.8881531207566122,real
Arch,a=0.96,26,0,0.8913768251634825,real
Arch,a=0.96,27,0,0.8960297106283029,real
Arch,a=0.96,0,1,0.7293111570756337,real
Arch,a=0.96,1,1,0.82545625605468,real
Arch,a=0.96,2,1,0.850765282310314,real
Arch,a=0.96,3,1,0.8810211100417212,real
Arch,a=0.96,4,1,0.8893500484486861,real
Arch,a=0.96,5,1,0.8854151742004673,real
Arch,a=0.96,6,1,0.8834479514572955,real
Arch,a=0.96,7,1,0.8681917112710222,real
Arch,a=0.96,8,1,0.8513509148007137,real
Arch,a=0.96,9,1,0.8507455733218232,real
Arch,a=0.96,10,1,0.8471765454152451,real
Arch,a=0.96,11,1,0.877288126405636,real
Arch,a=0.96,12,1,0.8789780245621793,real
Arch,a=0.96,13,1,0.8782963775272772,real
Arch,a=0.96,14,1,0.8806440245158449,real
Arch,a=0.96,15,1,0.8778931445558994,real
Arch,a=0.96,16,1,0.8789792897611551,real
Arch,a=0.96,17,1,0.8767564195071414,real
Arch,a=0.96,18,1,0.8740215091698248,real
Arch,a=0.96,19,1,0.8734534770029562,real
Arch,a=0.96,20,1,0.873560119218856,real
Arch,a=0.96,21,1,0.8775873037901313,real
Arch,a=0.96,22,1,0.8768113713159936,real
Arch,a=0.96,23,1,0.8776984726068114,real
Arch,a=0.96,24,1,0.8789314230665679,real
Arch,a=0.96,25,1,0.8775607627271707,real
Arch,a=0.96,26,1,0.8804664186951648,real
Arch,a=0.96,27,1,0.8814317373982246,real
Arch,a=0.96,0,2,0.7201562556031013,real
Arch,a=0.96,1,2,0.8181272022490511,real
Arch,a=0.96,2,2,0.8419375579345317,real
Arch,a=0.96,3,2,0.866230379014031,real
Arch,a=0.96,4,2,0.8745622749855947,real
Arch,a=0.96,5,2,0.8589179634750256,real
Arch,a=0.96,6,2,0.8604532899691163,real
Arch,a=0.96,7,2,0.8489336054915673,real
Arch,a=0.96,8,2,0.8253367202877826,real
Arch,a=0.96,9,2,0.8138321565080957,real
Arch,a=0.96,10,2,0.8222232688167184,real
Arch,a=0.96,11,2,0.8585857532999657,real
Arch,a=0.96,12,2,0.8624784656700903,real
Arch,a=0.96,13,2,0.8543561794132052,real
Arch,a=0.96,14,2,0.8585521193415739,real
Arch,a=0.96,15,2,0.8521377197459551,real
Arch,a=0.96,16,2,0.8518929947050233,real
Arch,a=0.96,17,2,0.8507869885734805,real
Arch,a=0.96,18,2,0.8487806945561313,real
Arch,a=0.96,19,2,0.848570524531329,real
Arch,a=0.96,20,2,0.850828835296701,real
Arch,a=0.96,21,2,0.8553691587132308,real
Arch,a=0.96,22,2,0.8564594301084195,real
Arch,a=0.96,23,2,0.8615226226517326,real
Arch,a=0.96,24,2,0.8629533016358477,real
Arch,a=0.96,25,2,0.8636516783145675,real
Arch,a=0.96,26,2,0.8641540078537979,real
Arch,a=0.96,27,2,0.8659618599815395,real
Arch,a=0.96,0,3,0.7250306142867571,real
Arch,a=0.96,1,3,0.8181947508435168,real
Arch,a=0.96,2,3,0.834383766773744,real
Arch,a=0.96,3,3,0.8571016934225091,real
Arch,a=0.96,4,3,0.8670728343886034,real
Arch,a=0.96,5,3,0.8438985476224675,real
Arch,a=0.96,6,3,0.8468456120984557,real
Arch,a=0.96,7,3,0.8403850893154312,real
Arch,a=0.96,8,3,0.8191833248841989,real
Arch,a=0.96,9,3,0.8163777463858157,real
Arch,a=0.96,10,3,0.8154515566522621,real
Arch,a=0.96,11,3,0.8448326390870571,real
Arch,a=0.96,12,3,0.8543689317658248,real
Arch,a=0.96,13,3,0.8460254208529437,real
Arch,a=0.96,14,3,0.8528877368171288,real
Arch,a=0.96,15,3,0.8539019703936479,real
Arch,a=0.96,16,3,0.853860043415091,real
Arch,a=0.96,17,3,0.8506816634960385,real
Arch,a=0.96,18,3,0.847462368919843,real
Arch,a=0.96,19,3,0.8475144612925972,real
Arch,a=0.96,20,3,0.8512161410825113,real
Arch,a=0.96,21,3,0.8560880644268343,real
Arch,a=0.96,22,3,0.8525941917271519,real
Arch,a=0.96,23,3,0.8554882780491486,real
Arch,a=0.96,24,3,0.856470876581485,real
Arch,a=0.96,25,3,0.8547642432779328,real
Arch,a=0.96,26,3,0.8594474530386909,real
Arch,a=0.96,27,3,0.8674333614121299,real
Arch,a=0.96,0,4,0.7344221523845551,real
Arch,a=0.96,1,4,0.8298225370712653,real
Arch,a=0.96,2,4,0.8520122135973942,real
Arch,a=0.96,3,4,0.8767400883144929,real
Arch,a=0.96,4,4,0.8777892155983207,real
Arch,a=0.96,5,4,0.8757074282733108,real
Arch,a=0.96,6,4,0.8743486199616124,real
Arch,a=0.96,7,4,0.8582226888619863,real
Arch,a=0.96,8,4,0.8377792106679836,real
Arch,a=0.96,9,4,0.8303275523823734,real
Arch,a=0.96,10,4,0.8340625316491462,real
Arch,a=0.96,11,4,0.8608225460723644,real
Arch,a=0.96,12,4,0.8639819765805706,real
Arch,a=0.96,13,4,0.8591327089272842,real
Arch,a=0.96,14,4,0.8609448209374388,real
Arch,a=0.96,15,4,0.8529837362060391,real
Arch,a=0.96,16,4,0.8522684617759383,real
Arch,a=0.96,17,4,0.848767287549769,real
Arch,a=0.96,18,4,0.850803801134365,real
Arch,a=0.96,19,4,0.8540658054263991,real
Arch,a=0.96,20,4,0.8543134250678466,real
Arch,a=0.96,21,4,0.8550648976268036,real
Arch,a=0.96,22,4,0.8589565615896633,real
Arch,a=0.96,23,4,0.8600117616349191,real
Arch,a=0.96,24,4,0.860472755014104,real
Arch,a=0.96,25,4,0.8645601332734929,real
Arch,a=0.96,26,4,0.8698705135258206,real
Arch,a=0.96,27,4,0.8733408545166651,real
Arch,a=0.96,0,5,0.7350227562984689,real
Arch,a=0.96,1,5,0.8251912910450995,real
Arch,a=0.96,2,5,0.8416727155649306,real
Arch,a=0.96,3,5,0.8633332276921136,real
Arch,a=0.96,4,5,0.8692246159700352,real
Arch,a=0.96,5,5,0.849304167562204,real
Arch,a=0.96,6,5,0.841385808491023,real
Arch,a=0.96,7,5,0.8317615180031943,real
Arch,a=0.96,8,5,0.8232428004168163,real
Arch,a=0.96,9,5,0.821734115099809,real
Arch,a=0.96,10,5,0.8278505138131526,real
Arch,a=0.96,11,5,0.8507782513578919,real
Arch,a=0.96,12,5,0.8561659401553752,real
Arch,a=0.96,13,5,0.8586357728840331,real
Arch,a=0.96,14,5,0.8714959155994222,real
Arch,a=0.96,15,5,0.8688078559958954,real
Arch,a=0.96,16,5,0.8640331275849924,real
Arch,a=0.96,17,5,0.8596470864687862,real
Arch,a=0.96,18,5,0.8565112314312766,real
Arch,a=0.96,19,5,0.8585143257001385,real
Arch,a=0.96,20,5,0.8615443652367671,real
Arch,a=0.96,21,5,0.8640188767453324,real
Arch,a=0.96,22,5,0.8637724029098204,real
Arch,a=0.96,23,5,0.8652326648657251,real
Arch,a=0.96,24,5,0.8658927079887928,real
Arch,a=0.96,25,5,0.8647439803809777,real
Arch,a=0.96,26,5,0.86963916391356,real
Arch,a=0.96,27,5,0.8771823625924119,real
Arch,a=0.96,0,6,0.7166101692649679,real
Arch,a=0.96,1,6,0.8190545117497219,real
Arch,a=0.96,2,6,0.8521059651542918,real
Arch,a=0.96,3,6,0.8702100573840723,real
Arch,a=0.96,4,6,0.8833465735194718,real
Arch,a=0.96,5,6,0.8791259978942687,real
Arch,a=0.96,6,6,0.8609288525948036,real
Arch,a=0.96,7,6,0.8588816293663514,real
Arch,a=0.96,8,6,0.8379160473339509,real
Arch,a=0.96,9,6,0.8285480134346187,real
Arch,a=0.96,10,6,0.8232919143440576,real
Arch,a=0.96,11,6,0.8674515205063735,real
Arch,a=0.96,12,6,0.8652436857024592,real
Arch,a=0.96,13,6,0.8663995460157524,real
Arch,a=0.96,14,6,0.8720722605332232,real
Arch,a=0.96,15,6,0.8689381139581108,real
Arch,a=0.96,16,6,0.8693739860654595,real
Arch,a=0.96,17,6,0.8690361378411844,real
Arch,a=0.96,18,6,0.86620483493892,real
Arch,a=0.96,19,6,0.8695814653100161,real
Arch,a=0.96,20,6,0.868084804916878,real
Arch,a=0.96,21,6,0.8729998115268066,real
Arch,a=0.96,22,6,0.8707206727022645,real
Arch,a=0.96,23,6,0.8727882247473768,real
Arch,a=0.96,24,6,0.8742689144879745,real
Arch,a=0.96,25,6,0.8758718277577794,real
Arch,a=0.96,26,6,0.8782842177983747,real
Arch,a=0.96,27,6,0.8783674127843639,real
Arch,a=0.96,0,7,0.7577011411188724,real
Arch,a=0.96,1,7,0.8478002419257235,real
Arch,a=0.96,2,7,0.8659346495229029,real
Arch,a=0.96,3,7,0.8922857785498822,real
Arch,a=0.96,4,7,0.8917399273212426,real
Arch,a=0.96,5,7,0.8854516898667739,real
Arch,a=0.96,6,7,0.881792588009982,real
Arch,a=0.96,7,7,0.8767472840465866,real
Arch,a=0.96,8,7,0.8563941760566458,real
Arch,a=0.96,9,7,0.850962186860055,real
Arch,a=0.96,10,7,0.8575859853311388,real
Arch,a=0.96,11,7,0.8828364610444452,real
Arch,a=0.96,12,7,0.8884987769176413,real
Arch,a=0.96,13,7,0.8894319036966927,real
Arch,a=0.96,14,7,0.8901009664838202,real
Arch,a=0.96,15,7,0.8875661855425767,real
Arch,a=0.96,16,7,0.8840014314780642,real
Arch,a=0.96,17,7,0.8850459291505122,real
Arch,a=0.96,18,7,0.8846404567287047,real
Arch,a=0.96,19,7,0.8836561920047656,real
Arch,a=0.96,20,7,0.8842628733632838,real
Arch,a=0.96,21,7,0.8885451717323388,real
Arch,a=0.96,22,7,0.8881700182773192,real
Arch,a=0.96,23,7,0.8886612308426962,real
Arch,a=0.96,24,7,0.8921851294645279,real
Arch,a=0.96,25,7,0.8897039644276493,real
Arch,a=0.96,26,7,0.8918401851498373,real
Arch,a=0.96,27,7,0.8917367560822442,real
Arch,a=0.96,0,8,0.7486573373975605,real
Arch,a=0.96,1,8,0.8470420999833334,real
Arch,a=0.96,2,8,0.8731992864309949,real
Arch,a=0.96,3,8,0.8878379708873615,real
Arch,a=0.96,4,8,0.8873558852482261,real
Arch,a=0.96,5,8,0.8762952292821546,real
Arch,a=0.96,6,8,0.8801787687779978,real
Arch,a=0.96,7,8,0.8636831673562873,real
Arch,a=0.96,8,8,0.8414784372309615,real
Arch,a=0.96,9,8,0.8431359886720864,real
Arch,a=0.96,10,8,0.8449650830835027,real
Arch,a=0.96,11,8,0.8731772093015893,real
Arch,a=0.96,12,8,0.8752666498869176,real
Arch,a=0.96,13,8,0.8729308132728267,real
Arch,a=0.96,14,8,0.8806527627675912,real
Arch,a=0.96,15,8,0.8761871757262613,real
Arch,a=0.96,16,8,0.8736160381836532,real
Arch,a=0.96,17,8,0.873574654166432,real
Arch,a=0.96,18,8,0.870752654287192,real
Arch,a=0.96,19,8,0.8723660656033914,real
Arch,a=0.96,20,8,0.8752587066431751,real
Arch,a=0.96,21,8,0.8807305415403945,real
Arch,a=0.96,22,8,0.8823275716831106,real
Arch,a=0.96,23,8,0.8843228735229807,real
Arch,a=0.96,24,8,0.8861703349188161,real
Arch,a=0.96,25,8,0.8873203102580124,real
Arch,a=0.96,26,8,0.8876878054191353,real
Arch,a=0.96,27,8,0.8910479176602788,real
Arch,a=0.96,0,9,0.7499346997726015,real
Arch,a=0.96,1,9,0.8453099545158587,real
Arch,a=0.96,2,9,0.861860959616068,real
Arch,a=0.96,3,9,0.8734842191673815,real
Arch,a=0.96,4,9,0.8819166746830629,real
Arch,a=0.96,5,9,0.867302867910277,real
Arch,a=0.96,6,9,0.8677258859008514,real
Arch,a=0.96,7,9,0.8607381352882651,real
Arch,a=0.96,8,9,0.8387981495930789,real
Arch,a=0.96,9,9,0.835033240766225,real
Arch,a=0.96,10,9,0.8365212286418711,real
Arch,a=0.96,11,9,0.8681681794274334,real
Arch,a=0.96,12,9,0.8781986395062256,real
Arch,a=0.96,13,9,0.8773414278893987,real
Arch,a=0.96,14,9,0.8754095320740466,real
Arch,a=0.96,15,9,0.8710197061946257,real
Arch,a=0.96,16,9,0.8721489185881524,real
Arch,a=0.96,17,9,0.8680905345065775,real
Arch,a=0.96,18,9,0.8661284519492758,real
Arch,a=0.96,19,9,0.8683055993859441,real
Arch,a=0.96,20,9,0.86413530585669,real
Arch,a=0.96,21,9,0.8662139601754344,real
Arch,a=0.96,22,9,0.8699965718772351,real
Arch,a=0.96,23,9,0.8729321873004251,real
Arch,a=0.96,24,9,0.8734773439942496,real
Arch,a=0.96,25,9,0.8732285991169494,real
Arch,a=0.96,26,9,0.8758693753846757,real
Arch,a=0.96,27,9,0.8753132657328456,real
Arch,a=0.97,0,0,0.7336779949315667,real
Arch,a=0.97,1,0,0.8268939767595291,real
Arch,a=0.97,2,0,0.845514506272786,real
Arch,a=0.97,3,0,0.8603136767305919,real
Arch,a=0.97,4,0,0.8624783713828144,real
Arch,a=0.97,5,0,0.8566872367112566,real
Arch,a=0.97,6,0,0.8579741996770756,real
Arch,a=0.97,7,0,0.8446044354841191,real
Arch,a=0.97,8,0,0.8259798299365697,real
Arch,a=0.97,9,0,0.8331003285847619,real
Arch,a=0.97,10,0,0.8273419816355941,real
Arch,a=0.97,11,0,0.8545155051319067,real
Arch,a=0.97,12,0,0.8588870134573733,real
Arch,a=0.97,13,0,0.8524361636631849,real
Arch,a=0.97,14,0,0.8617237410591291,real
Arch,a=0.97,15,0,0.858320047341472,real
Arch,a=0.97,16,0,0.8568777208169788,real
Arch,a=0.97,17,0,0.8554225253037133,real
Arch,a=0.97,18,0,0.8484595051376489,real
Arch,a=0.97,19,0,0.8510368277645305,real
Arch,a=0.97,20,0,0.8512893496248921,real
Arch,a=0.97,21,0,0.8549503590294055,real
Arch,a=0.97,22,0,0.8524705920534661,real
Arch,a=0.97,23,0,0.8565159535469496,real
Arch,a=0.97,24,0,0.8559950414914655,real
Arch,a=0.97,25,0,0.8565635713689508,real
Arch,a=0.97,26,0,0.8609394761716573,real
Arch,a=0.97,27,0,0.8638183356121527,real
Arch,a=0.97,0,1,0.727236602654203,real
Arch,a=0.97,1,1,0.8209718315906487,real
Arch,a=0.97,2,1,0.8368866691107189,real
Arch,a=0.97,3,1,0.8685751741859018,real
Arch,a=0.97,4,1,0.8737978731083956,real
Arch,a=0.97,5,1,0.8742060722901571,real
Arch,a=0.97,6,1,0.8751583089989718,real
Arch,a=0.97,7,1,0.8630767054931253,real
Arch,a=0.97,8,1,0.847871339052793,real
Arch,a=0.97,9,1,0.8451880245216759,real
Arch,a=0.97,10,1,0.8513651305468307,real
Arch,a=0.97,11,1,0.8781142910526457,real
Arch,a=0.97,12,1,0.8760480525197565,real
Arch,a=0.97,13,1,0.873876290381711,real
Arch,a=0.97,14,1,0.8792212155054824,real
Arch,a=0.97,15,1,0.8759319010621247,real
Arch,a=0.97,16,1,0.8745027085099727,real
Arch,a=0.97,17,1,0.8732152403168586,real
Arch,a=0.97,18,1,0.8673750879363377,real
Arch,a=0.97,19,1,0.8677999189405081,real
Arch,a=0.97,20,1,0.8675195960613957,real
Arch,a=0.97,21,1,0.8698388624116568,real
Arch,a=0.97,22,1,0.870120152531505,real
Arch,a=0.97,23,1,0.8736952984079218,real
Arch,a=0.97,24,1,0.8726179337756219,real
Arch,a=0.97,25,1,0.8729127534701531,real
Arch,a=0.97,26,1,0.8755387177030062,real
Arch,a=0.97,27,1,0.8824975075857624,real
Arch,a=0.97,0,2,0.6868290154878063,real
Arch,a=0.97,1,2,0.7931053756905477,real
Arch,a=0.97,2,2,0.8196865265854109,real
Arch,a=0.97,3,2,0.8421879103943042,real
Arch,a=0.97,4,2,0.846123001617157,real
Arch,a=0.97,5,2,0.8446772604925274,real
Arch,a=0.97,6,2,0.838522336303548,real
Arch,a=0.97,7,2,0.8271859703485027,real
Arch,a=0.97,8,2,0.7964385100448246,real
Arch,a=0.97,9,2,0.7928713763200451,real
Arch,a=0.97,10,2,0.7888687497964987,real
Arch,a=0.97,11,2,0.8318603953894743,real
Arch,a=0.97,12,2,0.8361447626903415,real
Arch,a=0.97,13,2,0.831453881176943,real
Arch,a=0.97,14,2,0.8391608148735036,real
Arch,a=0.97,15,2,0.8374347032136926,real
Arch,a=0.97,16,2,0.8343631223069994,real
Arch,a=0.97,17,2,0.8362794805561284,real
Arch,a=0.97,18,2,0.8357410432291045,real
Arch,a=0.97,19,2,0.8348017625926609,real
Arch,a=0.97,20,2,0.8334495642358661,real
Arch,a=0.97,21,2,0.8342665812865624,real
Arch,a=0.97,22,2,0.8364284706469713,real
Arch,a=0.97,23,2,0.8360865477495469,real
Arch,a=0.97,24,2,0.840120215005915,real
Arch,a=0.97,25,2,0.8436882170029413,real
Arch,a=0.97,26,2,0.8469565701075572,real
Arch,a=0.97,27,2,0.857640714370991,real
Arch,a=0.97,0,3,0.7062261455837975,real
Arch,a=0.97,1,3,0.7807168733350514,real
Arch,a=0.97,2,3,0.7942793669497301,real
Arch,a=0.97,3,3,0.8317297520513083,real
Arch,a=0.97,4,3,0.8433108543026009,real
Arch,a=0.97,5,3,0.8229964196455937,real
Arch,a=0.97,6,3,0.8173463277160298,real
Arch,a=0.97,7,3,0.8013326451164301,real
Arch,a=0.97,8,3,0.7876243612772778,real
Arch,a=0.97,9,3,0.7956108731917152,real
Arch,a=0.97,10,3,0.7929166488767172,real
Arch,a=0.97,11,3,0.8400885543975993,real
Arch,a=0.97,12,3,0.8388428449522035,real
Arch,a=0.97,13,3,0.8384695776615162,real
Arch,a=0.97,14,3,0.8384187333505133,real
Arch,a=0.97,15,3,0.8411486725775045,real
Arch,a=0.97,16,3,0.8415612882185297,real
Arch,a=0.97,17,3,0.8326525262617775,real
Arch,a=0.97,18,3,0.8334846432073144,real
Arch,a=0.97,19,3,0.8308232985311093,real
Arch,a=0.97,20,3,0.8331955882958397,real
Arch,a=0.97,21,3,0.8352257630363479,real
Arch,a=0.97,22,3,0.8334222433710836,real
Arch,a=0.97,23,3,0.839212991059788,real
Arch,a=0.97,24,3,0.8405376116382866,real
Arch,a=0.97,25,3,0.8391331149807639,real
Arch,a=0.97,26,3,0.8429612817950872,real
Arch,a=0.97,27,3,0.8490830178476397,real
Arch,a=0.97,0,4,0.7295756694446787,real
Arch,a=0.97,1,4,0.8234739710077337,real
Arch,a=0.97,2,4,0.8362177380092376,real
Arch,a=0.97,3,4,0.8553347794541084,real
Arch,a=0.97,4,4,0.856465849675391,real
Arch,a=0.97,5,4,0.8513554526526088,real
Arch,a=0.97,6,4,0.8538694768007512,real
Arch,a=0.97,7,4,0.8369765156695471,real
Arch,a=0.97,8,4,0.8260788495580101,real
Arch,a=0.97,9,4,0.8234143204952367,real
Arch,a=0.97,10,4,0.8241582409189419,real
Arch,a=0.97,11,4,0.8585127017433016,real
Arch,a=0.97,12,4,0.8659391782399657,real
Arch,a=0.97,13,4,0.8640952314646679,real
Arch,a=0.97,14,4,0.8714845833336615,real
Arch,a=0.97,15,4,0.867710205156404,real
Arch,a=0.97,16,4,0.8643508941028366,real
Arch,a=0.97,17,4,0.8634762250733237,real
Arch,a=0.97,18,4,0.8642779619347505,real
Arch,a=0.97,19,4,0.8634805456118887,real
Arch,a=0.97,20,4,0.8624651451937295,real
Arch,a=0.97,21,4,0.8633816409755053,real
Arch,a=0.97,22,4,0.8619759765254185,real
Arch,a=0.97,23,4,0.8650701222178193,real
Arch,a=0.97,24,4,0.8678404613931445,real
Arch,a=0.97,25,4,0.8725864806877096,real
Arch,a=0.97,26,4,0.8753149438738653,real
Arch,a=0.97,27,4,0.876616361483189,real
Arch,a=0.97,0,5,0.7214605744873991,real
Arch,a=0.97,1,5,0.8159819007068345,real
Arch,a=0.97,2,5,0.8328521033608245,real
Arch,a=0.97,3,5,0.8615793281147431,real
Arch,a=0.97,4,5,0.849675172681618,real
Arch,a=0.97,5,5,0.8352146544046514,real
Arch,a=0.97,6,5,0.8418689838291069,real
Arch,a=0.97,7,5,0.8377533874009955,real
Arch,a=0.97,8,5,0.8222819902147238,real
Arch,a=0.97,9,5,0.8214033642922622,real
Arch,a=0.97,10,5,0.8238541228348031,real
Arch,a=0.97,11,5,0.8679635002264264,real
Arch,a=0.97,12,5,0.8750213119570869,real
Arch,a=0.97,13,5,0.8705434122584979,real
Arch,a=0.97,14,5,0.8794040011573943,real
Arch,a=0.97,15,5,0.8755381473078745,real
Arch,a=0.97,16,5,0.8707057979522996,real
Arch,a=0.97,17,5,0.8712421741188525,real
Arch,a=0.97,18,5,0.8686984772659097,real
Arch,a=0.97,19,5,0.865161682830351,real
Arch,a=0.97,20,5,0.8661462975782159,real
Arch,a=0.97,21,5,0.8696003727227084,real
Arch,a=0.97,22,5,0.87221696602373,real
Arch,a=0.97,23,5,0.8723466788210463,real
Arch,a=0.97,24,5,0.875802560063597,real
Arch,a=0.97,25,5,0.8753286748898583,real
Arch,a=0.97,26,5,0.8765470453354383,real
Arch,a=0.97,27,5,0.8848844600619751,real
Arch,a=0.97,0,6,0.700572281208065,real
Arch,a=0.97,1,6,0.7959111207185355,real
Arch,a=0.97,2,6,0.8198361926338504,real
Arch,a=0.97,3,6,0.8413105992974104,real
Arch,a=0.97,4,6,0.8594136538969024,real
Arch,a=0.97,5,6,0.8565513705552406,real
Arch,a=0.97,6,6,0.8576342294440109,real
Arch,a=0.97,7,6,0.8439863917695566,real
Arch,a=0.97,8,6,0.8174716783733758,real
Arch,a=0.97,9,6,0.827670528664125,real
Arch,a=0.97,10,6,0.8271714377822571,real
Arch,a=0.97,11,6,0.8597842610736484,real
Arch,a=0.97,12,6,0.8656786148090337,real
Arch,a=0.97,13,6,0.8635957376723955,real
Arch,a=0.97,14,6,0.8659693758667737,real
Arch,a=0.97,15,6,0.859923880657073,real
Arch,a=0.97,16,6,0.8577762001950182,real
Arch,a=0.97,17,6,0.8555119790233741,real
Arch,a=0.97,18,6,0.852746374289035,real
Arch,a=0.97,19,6,0.8511530546930709,real
Arch,a=0.97,20,6,0.8533488580577906,real
Arch,a=0.97,21,6,0.8536633998304353,real
Arch,a=0.97,22,6,0.8550546827771944,real
Arch,a=0.97,23,6,0.8553470697667455,real
Arch,a=0.97,24,6,0.8602463883258564,real
Arch,a=0.97,25,6,0.8578384184058289,real
Arch,a=0.97,26,6,0.8642360389774456,real
Arch,a=0.97,27,6,0.8644935093737893,real
Arch,a=0.97,0,7,0.746022957591324,real
Arch,a=0.97,1,7,0.8247179413593719,real
Arch,a=0.97,2,7,0.8400502437031825,real
Arch,a=0.97,3,7,0.855469527269952,real
Arch,a=0.97,4,7,0.8637968720247748,real
Arch,a=0.97,5,7,0.8533768914400353,real
Arch,a=0.97,6,7,0.8559592894777933,real
Arch,a=0.97,7,7,0.84626708910888,real
Arch,a=0.97,8,7,0.8310145398337982,real
Arch,a=0.97,9,7,0.827406741721354,real
Arch,a=0.97,10,7,0.8284946154388312,real
Arch,a=0.97,11,7,0.8710092070622328,real
Arch,a=0.97,12,7,0.8743204074790418,real
Arch,a=0.97,13,7,0.8730427034484477,real
Arch,a=0.97,14,7,0.8753745498101113,real
Arch,a=0.97,15,7,0.8694490452606087,real
Arch,a=0.97,16,7,0.8693639136663418,real
Arch,a=0.97,17,7,0.8696170694249368,real
Arch,a=0.97,18,7,0.8662452693312482,real
Arch,a=0.97,19,7,0.8696469920364723,real
Arch,a=0.97,20,7,0.8707799991277541,real
Arch,a=0.97,21,7,0.8721355092495063,real
Arch,a=0.97,22,7,0.8688269129151979,real
Arch,a=0.97,23,7,0.8713472267056789,real
Arch,a=0.97,24,7,0.874500989648699,real
Arch,a=0.97,25,7,0.8748048398357842,real
Arch,a=0.97,26,7,0.87848692731115,real
Arch,a=0.97,27,7,0.8809263685207993,real
Arch,a=0.97,0,8,0.6973022610713848,real
Arch,a=0.97,1,8,0.816462115801476,real
Arch,a=0.97,2,8,0.8374651090054428,real
Arch,a=0.97,3,8,0.8726395326534409,real
Arch,a=0.97,4,8,0.873626962257004,real
Arch,a=0.97,5,8,0.8572243996965833,real
Arch,a=0.97,6,8,0.8579312676322413,real
Arch,a=0.97,7,8,0.8442219260021764,real
Arch,a=0.97,8,8,0.8314902310034438,real
Arch,a=0.97,9,8,0.816202348973559,real
Arch,a=0.97,10,8,0.8237160692306729,real
Arch,a=0.97,11,8,0.8598897897576618,real
Arch,a=0.97,12,8,0.8586225816058918,real
Arch,a=0.97,13,8,0.8602147482884618,real
Arch,a=0.97,14,8,0.8696718704368218,real
Arch,a=0.97,15,8,0.8638331227343745,real
Arch,a=0.97,16,8,0.8611153118454926,real
Arch,a=0.97,17,8,0.8621679933919155,real
Arch,a=0.97,18,8,0.8573002056833767,real
Arch,a=0.97,19,8,0.8585516671052137,real
Arch,a=0.97,20,8,0.8621505960866184,real
Arch,a=0.97,21,8,0.8663533464993827,real
Arch,a=0.97,22,8,0.8647996852099773,real
Arch,a=0.97,23,8,0.8647139757709994,real
Arch,a=0.97,24,8,0.871166857988833,real
Arch,a=0.97,25,8,0.8728098431158237,real
Arch,a=0.97,26,8,0.8767310439250634,real
Arch,a=0.97,27,8,0.8710145351835199,real
Arch,a=0.97,0,9,0.7170296249043671,real
Arch,a=0.97,1,9,0.8132661361017334,real
Arch,a=0.97,2,9,0.8317973638755468,real
Arch,a=0.97,3,9,0.8652541676263277,real
Arch,a=0.97,4,9,0.8715110554892379,real
Arch,a=0.97,5,9,0.8628478401241575,real
Arch,a=0.97,6,9,0.8629990781404218,real
Arch,a=0.97,7,9,0.8436564818117515,real
Arch,a=0.97,8,9,0.8268072162863549,real
Arch,a=0.97,9,9,0.8273276759329123,real
Arch,a=0.97,10,9,0.8184766441113026,real
Arch,a=0.97,11,9,0.8635053744588926,real
Arch,a=0.97,12,9,0.8738501620323738,real
Arch,a=0.97,13,9,0.8624718903035857,real
Arch,a=0.97,14,9,0.8676049997474491,real
Arch,a=0.97,15,9,0.8656981916184691,real
Arch,a=0.97,16,9,0.8667782002344531,real
Arch,a=0.97,17,9,0.8629447163131702,real
Arch,a=0.97,18,9,0.8581975148990411,real
Arch,a=0.97,19,9,0.8622129768653615,real
Arch,a=0.97,20,9,0.8608145615199392,real
Arch,a=0.97,21,9,0.8613089616179173,real
Arch,a=0.97,22,9,0.8604000464927699,real
Arch,a=0.97,23,9,0.8651914930712317,real
Arch,a=0.97,24,9,0.867834550485707,real
Arch,a=0.97,25,9,0.8677761419932878,real
Arch,a=0.97,26,9,0.8733157950214903,real
Arch,a=0.97,27,9,0.8738426293845617,real
Arch,a=0.98,0,0,0.695644574283544,real
Arch,a=0.98,1,0,0.7657503012254128,real
Arch,a=0.98,2,0,0.7888941746251904,real
Arch,a=0.98,3,0,0.7951959657267839,real
Arch,a=0.98,4,0,0.7805301017552672,real
Arch,a=0.98,5,0,0.7811537680576346,real
Arch,a=0.98,6,0,0.7946421086500395,real
Arch,a=0.98,7,0,0.7794998627435957,real
Arch,a=0.98,8,0,0.7618085601270661,real
Arch,a=0.98,9,0,0.7579871545871296,real
Arch,a=0.98,10,0,0.7654576650744466,real
Arch,a=0.98,11,0,0.8191660402231696,real
Arch,a=0.98,12,0,0.8223218638629484,real
Arch,a=0.98,13,0,0.8140523158195994,real
Arch,a=0.98,14,0,0.826645290284411,real
Arch,a=0.98,15,0,0.8216330265363527,real
Arch,a=0.98,16,0,0.8203177206607135,real
Arch,a=0.98,17,0,0.8151986172319146,real
Arch,a=0.98,18,0,0.808974322745293,real
Arch,a=0.98,19,0,0.8124701308419435,real
Arch,a=0.98,20,0,0.8165938354524187,real
Arch,a=0.98,21,0,0.8220491333263016,real
Arch,a=0.98,22,0,0.8218462120152779,real
Arch,a=0.98,23,0,0.8281777756457321,real
Arch,a=0.98,24,0,0.830773804881518,real
Arch,a=0.98,25,0,0.8316651770023544,real
Arch,a=0.98,26,0,0.8394800524700827,real
Arch,a=0.98,27,0,0.8447266957006622,real
Arch,a=0.98,0,1,0.7092518523565163,real
Arch,a=0.98,1,1,0.8015580731764379,real
Arch,a=0.98,2,1,0.8129456549963493,real
Arch,a=0.98,3,1,0.8388091406756152,real
Arch,a=0.98,4,1,0.849704489441825,real
Arch,a=0.98,5,1,0.8494561233494616,real
Arch,a=0.98,6,1,0.8459303210740583,real
Arch,a=0.98,7,1,0.8333400452066257,real
Arch,a=0.98,8,1,0.8171149836488724,real
Arch,a=0.98,9,1,0.817143243815623,real
Arch,a=0.98,10,1,0.8239787293939799,real
Arch,a=0.98,11,1,0.8599407657263911,real
Arch,a=0.98,12,1,0.8664716762026821,real
Arch,a=0.98,13,1,0.8617592984183626,real
Arch,a=0.98,14,1,0.8716076351217593,real
Arch,a=0.98,15,1,0.866733188193509,real
Arch,a=0.98,16,1,0.8671648034908115,real
Arch,a=0.98,17,1,0.8654877724866569,real
Arch,a=0.98,18,1,0.8680775044412851,real
Arch,a=0.98,19,1,0.8663170788299175,real
Arch,a=0.98,20,1,0.8664488491383522,real
Arch,a=0.98,21,1,0.8693963222656853,real
Arch,a=0.98,22,1,0.8690834418480888,real
Arch,a=0.98,23,1,0.8695755543893522,real
Arch,a=0.98,24,1,0.8707392727058288,real
Arch,a=0.98,25,1,0.8709305159025,real
Arch,a=0.98,26,1,0.8778318314002067,real
Arch,a=0.98,27,1,0.8804094920256116,real
Arch,a=0.98,0,2,0.6660795351246638,real
Arch,a=0.98,1,2,0.7756434508612157,real
Arch,a=0.98,2,2,0.800685012002272,real
Arch,a=0.98,3,2,0.8304315716419746,real
Arch,a=0.98,4,2,0.8317508521938428,real
Arch,a=0.98,5,2,0.8289383814034801,real
Arch,a=0.98,6,2,0.8103598644433161,real
Arch,a=0.98,7,2,0.812672069372482,real
Arch,a=0.98,8,2,0.7829744064516106,real
Arch,a=0.98,9,2,0.7889672610681628,real
Arch,a=0.98,10,2,0.7767867995207993,real
Arch,a=0.98,11,2,0.8283748493938262,real
Arch,a=0.98,12,2,0.834004134971892,real
Arch,a=0.98,13,2,0.8317717697179817,real
Arch,a=0.98,14,2,0.8425685718169327,real
Arch,a=0.98,15,2,0.8330437905746471,real
Arch,a=0.98,16,2,0.8257883734601706,real
Arch,a=0.98,17,2,0.8298909258646139,real
Arch,a=0.98,18,2,0.8305497155302313,real
Arch,a=0.98,19,2,0.8342037876575352,real
Arch,a=0.98,20,2,0.833052863751358,real
Arch,a=0.98,21,2,0.8365081070545832,real
Arch,a=0.98,22,2,0.8342558300296128,real
Arch,a=0.98,23,2,0.8353079547450488,real
Arch,a=0.98,24,2,0.8437630426915219,real
Arch,a=0.98,25,2,0.841435152294127,real
Arch,a=0.98,26,2,0.844102409459112,real
Arch,a=0.98,27,2,0.8518724404654094,real
Arch,a=0.98,0,3,0.691153253174544,real
Arch,a=0.98,1,3,0.7794569703327726,real
Arch,a=0.98,2,3,0.7905089597626102,real
Arch,a=0.98,3,3,0.8073064396140512,real
Arch,a=0.98,4,3,0.8064583207162405,real
Arch,a=0.98,5,3,0.7934000049717602,real
Arch,a=0.98,6,3,0.8146641442491165,real
Arch,a=0.98,7,3,0.804212749294986,real
Arch,a=0.98,8,3,0.7816949297889021,real
Arch,a=0.98,9,3,0.7850401069228758,real
Arch,a=0.98,10,3,0.7930205120145589,real
Arch,a=0.98,11,3,0.8291423834551832,real
Arch,a=0.98,12,3,0.8421774149282607,real
Arch,a=0.98,13,3,0.8342622850443613,real
Arch,a=0.98,14,3,0.8459219804022554,real
Arch,a=0.98,15,3,0.8366079694480328,real
Arch,a=0.98,16,3,0.8354315767336971,real
Arch,a=0.98,17,3,0.8280450196226034,real
Arch,a=0.98,18,3,0.8268383250306606,real
Arch,a=0.98,19,3,0.8291856465282015,real
Arch,a=0.98,20,3,0.8301488312275926,real
Arch,a=0.98,21,3,0.8332992984646104,real
Arch,a=0.98,22,3,0.8301948471208753,real
Arch,a=0.98,23,3,0.8322716831727438,real
Arch,a=0.98,24,3,0.8387165463517374,real
Arch,a=0.98,25,3,0.8406989731813577,real
Arch,a=0.98,26,3,0.846366331473261,real
Arch,a=0.98,27,3,0.8476723361417104,real
Arch,a=0.98,0,4,0.6808147190098981,real
Arch,a=0.98,1,4,0.7669762714567743,real
Arch,a=0.98,2,4,0.7854511977955505,real
Arch,a=0.98,3,4,0.8005137621139096,real
Arch,a=0.98,4,4,0.8164079580421597,real
Arch,a=0.98,5,4,0.7831077613011546,real
Arch,a=0.98,6,4,0.797646658584364,real
Arch,a=0.98,7,4,0.7904681570568428,real
Arch,a=0.98,8,4,0.767695237238771,real
Arch,a=0.98,9,4,0.769922635565921,real
Arch,a=0.98,10,4,0.7828811570644783,real
Arch,a=0.98,11,4,0.8348808376466755,real
Arch,a=0.98,12,4,0.8400381731846845,real
Arch,a=0.98,13,4,0.8359973895124064,real
Arch,a=0.98,14,4,0.8474502569340812,real
Arch,a=0.98,15,4,0.8333399436840538,real
Arch,a=0.98,16,4,0.8364159943904634,real
Arch,a=0.98,17,4,0.8337496086813772,real
Arch,a=0.98,18,4,0.831566199233567,real
Arch,a=0.98,19,4,0.8277378941501153,real
Arch,a=0.98,20,4,0.8325299883686107,real
Arch,a=0.98,21,4,0.8331776047821893,real
Arch,a=0.98,22,4,0.8347365693934116,real
Arch,a=0.98,23,4,0.835825453229683,real
Arch,a=0.98,24,4,0.8370764744758452,real
Arch,a=0.98,25,4,0.8397068779603413,real
Arch,a=0.98,26,4,0.8462139233923274,real
Arch,a=0.98,27,4,0.8529741381870134,real
Arch,a=0.98,0,5,0.6954719262608451,real
Arch,a=0.98,1,5,0.7683393380825492,real
Arch,a=0.98,2,5,0.7814831287918054,real
Arch,a=0.98,3,5,0.8073863913177044,real
Arch,a=0.98,4,5,0.807847552843372,real
Arch,a=0.98,5,5,0.7988887675608888,real
Arch,a=0.98,6,5,0.8038135683536578,real
Arch,a=0.98,7,5,0.7895580546304178,real
Arch,a=0.98,8,5,0.764148623379242,real
Arch,a=0.98,9,5,0.766097072587488,real
Arch,a=0.98,10,5,0.7580777593314107,real
Arch,a=0.98,11,5,0.821202206165951,real
Arch,a=0.98,12,5,0.8233431425752678,real
Arch,a=0.98,13,5,0.8263803508185495,real
Arch,a=0.98,14,5,0.8388004167179797,real
Arch,a=0.98,15,5,0.8335678436290902,real
Arch,a=0.98,16,5,0.829528213299248,real
Arch,a=0.98,17,5,0.8235715876457684,real
Arch,a=0.98,18,5,0.8244054803472323,real
Arch,a=0.98,19,5,0.826821889349315,real
Arch,a=0.98,20,5,0.8259362431133438,real
Arch,a=0.98,21,5,0.8294762271645855,real
Arch,a=0.98,22,5,0.83022844549341,real
Arch,a=0.98,23,5,0.8323644232903297,real
Arch,a=0.98,24,5,0.838874447003704,real
Arch,a=0.98,25,5,0.840608682041847,real
Arch,a=0.98,26,5,0.8436771750059884,real
Arch,a=0.98,27,5,0.8422492849448323,real
Arch,a=0.98,0,6,0.7078721002574836,real
Arch,a=0.98,1,6,0.8003704991172244,real
Arch,a=0.98,2,6,0.787347249130999,real
Arch,a=0.98,3,6,0.8093345151866166,real
Arch,a=0.98,4,6,0.8026806670124627,real
Arch,a=0.98,5,6,0.7833964847361174,real
Arch,a=0.98,6,6,0.8108935888689468,real
Arch,a=0.98,7,6,0.7874457993741939,real
Arch,a=0.98,8,6,0.7707771943653356,real
Arch,a=0.98,9,6,0.7776720167588423,real
Arch,a=0.98,10,6,0.7833338968982937,real
Arch,a=0.98,11,6,0.8280972526248339,real
Arch,a=0.98,12,6,0.8353843483580019,real
Arch,a=0.98,13,6,0.8293105972755155,real
Arch,a=0.98,14,6,0.8300491217141285,real
Arch,a=0.98,15,6,0.8290082199095266,real
Arch,a=0.98,16,6,0.8239225213569702,real
Arch,a=0.98,17,6,0.8202861619555581,real
Arch,a=0.98,18,6,0.8171411883633286,real
Arch,a=0.98,19,6,0.8179122014517969,real
Arch,a=0.98,20,6,0.8222329509284043,real
Arch,a=0.98,21,6,0.8287915017402512,real
Arch,a=0.98,22,6,0.8234378019456565,real
Arch,a=0.98,23,6,0.8296259058470092,real
Arch,a=0.98,24,6,0.8265700451274977,real
Arch,a=0.98,25,6,0.8289611936932342,real
Arch,a=0.98,26,6,0.8371053331825495,real
Arch,a=0.98,27,6,0.8466514442550188,real
Arch,a=0.98,0,7,0.7296686572313423,real
Arch,a=0.98,1,7,0.8025447286588594,real
Arch,a=0.98,2,7,0.8031567018231401,real
Arch,a=0.98,3,7,0.8300674941870985,real
Arch,a=0.98,4,7,0.8288223333511878,real
Arch,a=0.98,5,7,0.8197734813597023,real
Arch,a=0.98,6,7,0.8113802546500049,real
Arch,a=0.98,7,7,0.7941269555410564,real
Arch,a=0.98,8,7,0.774823588507726,real
Arch,a=0.98,9,7,0.7854111670973535,real
Arch,a=0.98,10,7,0.7839504238472994,real
Arch,a=0.98,11,7,0.8358854357556814,real
Arch,a=0.98,12,7,0.8334249430308235,real
Arch,a=0.98,13,7,0.8348590943387633,real
Arch,a=0.98,14,7,0.8380603023425792,real
Arch,a=0.98,15,7,0.8398690605178617,real
Arch,a=0.98,16,7,0.8360645465093278,real
Arch,a=0.98,17,7,0.8317929126675071,real
Arch,a=0.98,18,7,0.8288574237490294,real
Arch,a=0.98,19,7,0.8306701991844013,real
Arch,a=0.98,20,7,0.8313016049217656,real
Arch,a=0.98,21,7,0.8378126134796895,real
Arch,a=0.98,22,7,0.8338498763611764,real
Arch,a=0.98,23,7,0.8371324839657548,real
Arch,a=0.98,24,7,0.8390697417439505,real
Arch,a=0.98,25,7,0.8415034211029098,real
Arch,a=0.98,26,7,0.8453401470000873,real
Arch,a=0.98,27,7,0.8604101548743388,real
Arch,a=0.98,0,8,0.690015619494647,real
Arch,a=0.98,1,8,0.7880304413946281,real
Arch,a=0.98,2,8,0.8018517403016202,real
Arch,a=0.98,3,8,0.8212644510322438,real
Arch,a=0.98,4,8,0.8346131965839794,real
Arch,a=0.98,5,8,0.8169141023460373,real
Arch,a=0.98,6,8,0.8243788239021561,real
Arch,a=0.98,7,8,0.8236232452390376,real
Arch,a=0.98,8,8,0.7902379536694624,real
Arch,a=0.98,9,8,0.7895391868036754,real
Arch,a=0.98,10,8,0.7980155150728204,real
Arch,a=0.98,11,8,0.8365677311747634,real
Arch,a=0.98,12,8,0.849205396922118,real
Arch,a=0.98,13,8,0.8425066110852849,real
Arch,a=0.98,14,8,0.8546918599456844,real
Arch,a=0.98,15,8,0.8546557622606872,real
Arch,a=0.98,16,8,0.8515709809798238,real
Arch,a=0.98,17,8,0.8482928409595587,real
Arch,a=0.98,18,8,0.8416603119066988,real
Arch,a=0.98,19,8,0.8463398062164389,real
Arch,a=0.98,20,8,0.8423022771092601,real
Arch,a=0.98,21,8,0.8522253604620373,real
Arch,a=0.98,22,8,0.8498858615927604,real
Arch,a=0.98,23,8,0.8505025422012542,real
Arch,a=0.98,24,8,0.852653121069487,real
Arch,a=0.98,25,8,0.8516370756181034,real
Arch,a=0.98,26,8,0.8551750743802832,real
Arch,a=0.98,27,8,0.8657766158507468,real
Arch,a=0.98,0,9,0.7153153104045138,real
Arch,a=0.98,1,9,0.7896452160436884,real
Arch,a=0.98,2,9,0.8028954818842646,real
Arch,a=0.98,3,9,0.8271949877730107,real
Arch,a=0.98,4,9,0.8356354889621651,real
Arch,a=0.98,5,9,0.8164331406757885,real
Arch,a=0.98,6,9,0.8169845921485621,real
Arch,a=0.98,7,9,0.8055047448769083,real
Arch,a=0.98,8,9,0.788470066518847,real
Arch,a=0.98,9,9,0.7954787394628176,real
Arch,a=0.98,10,9,0.793835307989306,real
Arch,a=0.98,11,9,0.8478227698743086,real
Arch,a=0.98,12,9,0.8453735248783172,real
Arch,a=0.98,13,9,0.8330971202840552,real
Arch,a=0.98,14,9,0.845046570321122,real
Arch,a=0.98,15,9,0.8397334172506215,real
Arch,a=0.98,16,9,0.8414090305288969,real
Arch,a=0.98,17,9,0.8420427919466239,real
Arch,a=0.98,18,9,0.8379813223933367,real
Arch,a=0.98,19,9,0.838483505305071,real
Arch,a=0.98,20,9,0.8372022082378712,real
Arch,a=0.98,21,9,0.8429188498579389,real
Arch,a=0.98,22,9,0.8417515623375186,real
Arch,a=0.98,23,9,0.8445839804636528,real
Arch,a=0.98,24,9,0.8493036150963903,real
Arch,a=0.98,25,9,0.8509455160997078,real
Arch,a=0.98,26,9,0.85381504288671,real
Arch,a=0.98,27,9,0.8620156585969656,real
Arch,a=0.99,0,0,0.6561944201336583,real
Arch,a=0.99,1,0,0.7214468235928639,real
Arch,a=0.99,2,0,0.7479631295234823,real
Arch,a=0.99,3,0,0.773014604737348,real
Arch,a=0.99,4,0,0.7733646503183682,real
Arch,a=0.99,5,0,0.7503695813661547,real
Arch,a=0.99,6,0,0.7459621521022402,real
Arch,a=0.99,7,0,0.7396912580131106,real
Arch,a=0.99,8,0,0.708799289380704,real
Arch,a=0.99,9,0,0.719556666676828,real
Arch,a=0.99,10,0,0.7265072425159356,real
Arch,a=0.99,11,0,0.7831330633441977,real
Arch,a=0.99,12,0,0.7903550769286132,real
Arch,a=0.99,13,0,0.7829138201608856,real
Arch,a=0.99,14,0,0.7962868922428398,real
Arch,a=0.99,15,0,0.790707278695243,real
Arch,a=0.99,16,0,0.7798763866225189,real
Arch,a=0.99,17,0,0.7746367440645601,real
Arch,a=0.99,18,0,0.7696007123442444,real
Arch,a=0.99,19,0,0.7728310129678208,real
Arch,a=0.99,20,0,0.7790920555192515,real
Arch,a=0.99,21,0,0.7832293853599607,real
Arch,a=0.99,22,0,0.7880882009285427,real
Arch,a=0.99,23,0,0.779264141436259,real
Arch,a=0.99,24,0,0.7868843987851901,real
Arch,a=0.99,25,0,0.7900618356857194,real
Arch,a=0.99,26,0,0.7957137558024627,real
Arch,a=0.99,27,0,0.8044319763218105,real
Arch,a=0.99,0,1,0.7242693987440079,real
Arch,a=0.99,1,1,0.7650271055532882,real
Arch,a=0.99,2,1,0.774914389089558,real
Arch,a=0.99,3,1,0.7930184317762361,real
Arch,a=0.99,4,1,0.8093156304629872,real
Arch,a=0.99,5,1,0.8076858253184142,real
Arch,a=0.99,6,1,0.8124684326899063,real
Arch,a=0.99,7,1,0.7917128577780755,real
Arch,a=0.99,8,1,0.7779798444323975,real
Arch,a=0.99,9,1,0.7948659341060954,real
Arch,a=0.99,10,1,0.7938642011780256,real
Arch,a=0.99,11,1,0.8473307425703374,real
Arch,a=0.99,12,1,0.8470779604441656,real
Arch,a=0.99,13,1,0.8319336005311471,real
Arch,a=0.99,14,1,0.8466909906013778,real
Arch,a=0.99,15,1,0.8469820098310928,real
Arch,a=0.99,16,1,0.8424644429961078,real
Arch,a=0.99,17,1,0.8395237645654279,real
Arch,a=0.99,18,1,0.8379411961772033,real
Arch,a=0.99,19,1,0.8424367131014235,real
Arch,a=0.99,20,1,0.8400516376017981,real
Arch,a=0.99,21,1,0.8451288884286697,real
Arch,a=0.99,22,1,0.8456597156657916,real
Arch,a=0.99,23,1,0.8488492017566835,real
Arch,a=0.99,24,1,0.8500198723297985,real
Arch,a=0.99,25,1,0.8525094108044563,real
Arch,a=0.99,26,1,0.8589561316416219,real
Arch,a=0.99,27,1,0.8619627770705293,real
Arch,a=0.99,0,2,0.6116803236965694,real
Arch,a=0.99,1,2,0.6706942726140341,real
Arch,a=0.99,2,2,0.7034568918619928,real
Arch,a=0.99,3,2,0.7193737315069799,real
Arch,a=0.99,4,2,0.7282635703962064,real
Arch,a=0.99,5,2,0.6844903714055562,real
Arch,a=0.99,6,2,0.7212186597293349,real
Arch,a=0.99,7,2,0.7175093097603209,real
Arch,a=0.99,8,2,0.6775647407466842,real
Arch,a=0.99,9,2,0.699674846506406,real
Arch,a=0.99,10,2,0.7140123524845459,real
Arch,a=0.99,11,2,0.7768505952952813,real
Arch,a=0.99,12,2,0.7923277183436854,real
Arch,a=0.99,13,2,0.7801325770801099,real
Arch,a=0.99,14,2,0.7853798605424976,real
Arch,a=0.99,15,2,0.781064288361182,real
Arch,a=0.99,16,2,0.7786192838539172,real
Arch,a=0.99,17,2,0.7718776539660386,real
Arch,a=0.99,18,2,0.7734331580248393,real
Arch,a=0.99,19,2,0.7814918073656716,real
Arch,a=0.99,20,2,0.7752739009837556,real
Arch,a=0.99,21,2,0.7775263268152317,real
Arch,a=0.99,22,2,0.7757654620598705,real
Arch,a=0.99,23,2,0.777351676903092,real
Arch,a=0.99,24,2,0.7812534547275907,real
Arch,a=0.99,25,2,0.7866320084121533,real
Arch,a=0.99,26,2,0.7969754156871516,real
Arch,a=0.99,27,2,0.79897514209912,real
Arch,a=0.99,0,3,0.7313596350731909,real
Arch,a=0.99,1,3,0.7828081729723304,real
Arch,a=0.99,2,3,0.7677387346997528,real
Arch,a=0.99,3,3,0.7945546346070067,real
Arch,a=0.99,4,3,0.7796070585194753,real
Arch,a=0.99,5,3,0.7766945659279874,real
Arch,a=0.99,6,3,0.7830593774178194,real
Arch,a=0.99,7,3,0.7640945067144156,real
Arch,a=0.99,8,3,0.7514158981897332,real
Arch,a=0.99,9,3,0.7617478247463658,real
Arch,a=0.99,10,3,0.7556452589067081,real
Arch,a=0.99,11,3,0.8140177567107352,real
Arch,a=0.99,12,3,0.8191858754094106,real
Arch,a=0.99,13,3,0.8033595182545191,real
Arch,a=0.99,14,3,0.8205968834359575,real
Arch,a=0.99,15,3,0.8132767351185007,real
Arch,a=0.99,16,3,0.8094178000031624,real
Arch,a=0.99,17,3,0.8123647793203961,real
Arch,a=0.99,18,3,0.8044969668038684,real
Arch,a=0.99,19,3,0.8058107679280538,real
Arch,a=0.99,20,3,0.8070073755247298,real
Arch,a=0.99,21,3,0.8103661338444821,real
Arch,a=0.99,22,3,0.8098175665839167,real
Arch,a=0.99,23,3,0.8099994908777839,real
Arch,a=0.99,24,3,0.8133318559474472,real
Arch,a=0.99,25,3,0.8147316183025552,real
Arch,a=0.99,26,3,0.8193151324753727,real
Arch,a=0.99,27,3,0.8320632767351185,real
Arch,a=0.99,0,4,0.6633129929351893,real
Arch,a=0.99,1,4,0.7261196490640437,real
Arch,a=0.99,2,4,0.7307534789550207,real
Arch,a=0.99,3,4,0.7601010519984692,real
Arch,a=0.99,4,4,0.7685749437161364,real
Arch,a=0.99,5,4,0.7541931331929767,real
Arch,a=0.99,6,4,0.7642577654554689,real
Arch,a=0.99,7,4,0.7587774003615232,real
Arch,a=0.99,8,4,0.7384577577258313,real
Arch,a=0.99,9,4,0.7478752280340681,real
Arch,a=0.99,10,4,0.7663430108656062,real
Arch,a=0.99,11,4,0.8174933019567304,real
Arch,a=0.99,12,4,0.818723960458089,real
Arch,a=0.99,13,4,0.8047770396451029,real
Arch,a=0.99,14,4,0.8273510460450867,real
Arch,a=0.99,15,4,0.8256526403674207,real
Arch,a=0.99,16,4,0.817252433957469,real
Arch,a=0.99,17,4,0.8159170219502188,real
Arch,a=0.99,18,4,0.8100903359100093,real
Arch,a=0.99,19,4,0.8153959545887697,real
Arch,a=0.99,20,4,0.811355055566855,real
Arch,a=0.99,21,4,0.8154087722537762,real
Arch,a=0.99,22,4,0.812054626806201,real
Arch,a=0.99,23,4,0.8187354768373082,real
Arch,a=0.99,24,4,0.819229152132931,real
Arch,a=0.99,25,4,0.8200666271336045,real
Arch,a=0.99,26,4,0.8301587815905018,real
Arch,a=0.99,27,4,0.8334115080770158,real
Arch,a=0.99,0,5,0.6814455155740531,real
Arch,a=0.99,1,5,0.7282560759199201,real
Arch,a=0.99,2,5,0.7384557538036172,real
Arch,a=0.99,3,5,0.7646045790146587,real
Arch,a=0.99,4,5,0.7572725085819608,real
Arch,a=0.99,5,5,0.754555523570471,real
Arch,a=0.99,6,5,0.7658662298313101,real
Arch,a=0.99,7,5,0.76315345676434,real
Arch,a=0.99,8,5,0.7582320390958306,real
Arch,a=0.99,9,5,0.7474900114148652,real
Arch,a=0.99,10,5,0.7328033903279351,real
Arch,a=0.99,11,5,0.804936359335225,real
Arch,a=0.99,12,5,0.8108967398360163,real
Arch,a=0.99,13,5,0.7892850212615656,real
Arch,a=0.99,14,5,0.8080703433715919,real
Arch,a=0.99,15,5,0.8019813416473704,real
Arch,a=0.99,16,5,0.8021834323971673,real
Arch,a=0.99,17,5,0.8001121467392579,real
Arch,a=0.99,18,5,0.8005220763043137,real
Arch,a=0.99,19,5,0.7932325217351203,real
Arch,a=0.99,20,5,0.799099297962998,real
Arch,a=0.99,21,5,0.8085831104526456,real
Arch,a=0.99,22,5,0.8090551290351502,real
Arch,a=0.99,23,5,0.8151487886744875,real
Arch,a=0.99,24,5,0.8190738254439374,real
Arch,a=0.99,25,5,0.8178411957508979,real
Arch,a=0.99,26,5,0.8244191464228501,real
Arch,a=0.99,27,5,0.8226403679237597,real
Arch,a=0.99,0,6,0.6732380296344178,real
Arch,a=0.99,1,6,0.7564614114778572,real
Arch,a=0.99,2,6,0.7908226851560862,real
Arch,a=0.99,3,6,0.8097738829025407,real
Arch,a=0.99,4,6,0.8147572904745329,real
Arch,a=0.99,5,6,0.7965467457879226,real
Arch,a=0.99,6,6,0.7972754343049286,real
Arch,a=0.99,7,6,0.772907425386718,real
Arch,a=0.99,8,6,0.778296925495356,real
Arch,a=0.99,9,6,0.7802233764195132,real
Arch,a=0.99,10,6,0.7748519028887512,real
Arch,a=0.99,11,6,0.8275746499733111,real
Arch,a=0.99,12,6,0.8390960261446,real
Arch,a=0.99,13,6,0.8285332650982161,real
Arch,a=0.99,14,6,0.8399407069162396,real
Arch,a=0.99,15,6,0.8412207853781162,real
Arch,a=0.99,16,6,0.8395640312022515,real
Arch,a=0.99,17,6,0.837802531442021,real
Arch,a=0.99,18,6,0.8363945918990154,real
Arch,a=0.99,19,6,0.8379435535202716,real
Arch,a=0.99,20,6,0.8364234344236169,real
Arch,a=0.99,21,6,0.8412473626159405,real
Arch,a=0.99,22,6,0.841765810186197,real
Arch,a=0.99,23,6,0.8411379269307822,real
Arch,a=0.99,24,6,0.8442738814667955,real
Arch,a=0.99,25,6,0.8428408642420016,real
Arch,a=0.99,26,6,0.8497881637808721,real
Arch,a=0.99,27,6,0.8601095122582325,real
Arch,a=0.99,0,7,0.6364777714228589,real
Arch,a=0.99,1,7,0.7058461249691417,real
Arch,a=0.99,2,7,0.7212667476862162,real
Arch,a=0.99,3,7,0.7428590470659203,real
Arch,a=0.99,4,7,0.7593928838357837,real
Arch,a=0.99,5,7,0.7213354522189812,real
Arch,a=0.99,6,7,0.7297638883127147,real
Arch,a=0.99,7,7,0.7169469650652498,real
Arch,a=0.99,8,7,0.6834737800652464,real
Arch,a=0.99,9,7,0.7076092862821479,real
Arch,a=0.99,10,7,0.7077321077482935,real
Arch,a=0.99,11,7,0.7745240328149579,real
Arch,a=0.99,12,7,0.7922264077033406,real
Arch,a=0.99,13,7,0.7814016608780987,real
Arch,a=0.99,14,7,0.800234948759782,real
Arch,a=0.99,15,7,0.7927793253252287,real
Arch,a=0.99,16,7,0.7901581819430683,real
Arch,a=0.99,17,7,0.784273241718222,real
Arch,a=0.99,18,7,0.7784305851293536,real
Arch,a=0.99,19,7,0.7821762318020548,real
Arch,a=0.99,20,7,0.7822264383066959,real
Arch,a=0.99,21,7,0.7908585737340242,real
Arch,a=0.99,22,7,0.7828533820448074,real
Arch,a=0.99,23,7,0.7846057811778484,real
Arch,a=0.99,24,7,0.7951741058889696,real
Arch,a=0.99,25,7,0.7973617867462989,real
Arch,a=0.99,26,7,0.8010229001507725,real
Arch,a=0.99,27,7,0.8068094505881624,real
Arch,a=0.99,0,8,0.7066500595852401,real
Arch,a=0.99,1,8,0.7670350326772043,real
Arch,a=0.99,2,8,0.778061733957277,real
Arch,a=0.99,3,8,0.7957101396780621,real
Arch,a=0.99,4,8,0.8031548778525158,real
Arch,a=0.99,5,8,0.7891470481117473,real
Arch,a=0.99,6,8,0.801785603437755,real
Arch,a=0.99,7,8,0.7818506182709967,real
Arch,a=0.99,8,8,0.7676309001293818,real
Arch,a=0.99,9,8,0.7762776838961625,real
Arch,a=0.99,10,8,0.7843746596344062,real
Arch,a=0.99,11,8,0.8290023426485156,real
Arch,a=0.99,12,8,0.8335516590152833,real
Arch,a=0.99,13,8,0.8325089097890966,real
Arch,a=0.99,14,8,0.8505843134608093,real
Arch,a=0.99,15,8,0.8447507670399246,real
Arch,a=0.99,16,8,0.8416495077752822,real
Arch,a=0.99,17,8,0.8390470299227906,real
Arch,a=0.99,18,8,0.8381542146570238,real
Arch,a=0.99,19,8,0.8369172331423864,real
Arch,a=0.99,20,8,0.8350030426313382,real
Arch,a=0.99,21,8,0.8368791362792378,real
Arch,a=0.99,22,8,0.8302369760356733,real
Arch,a=0.99,23,8,0.8322785976187941,real
Arch,a=0.99,24,8,0.8373227667998135,real
Arch,a=0.99,25,8,0.8440753341912227,real
Arch,a=0.99,26,8,0.8446494814642128,real
Arch,a=0.99,27,8,0.8521985908947203,real
Arch,a=0.99,0,9,0.7549473123030271,real
Arch,a=0.99,1,9,0.8076148238643631,real
Arch,a=0.99,2,9,0.8165090758263411,real
Arch,a=0.99,3,9,0.8325103061931987,real
Arch,a=0.99,4,9,0.8428190147079334,real
Arch,a=0.99,5,9,0.827209419053796,real
Arch,a=0.99,6,9,0.8378742177209803,real
Arch,a=0.99,7,9,0.8227795544293647,real
Arch,a=0.99,8,9,0.7933921420519723,real
Arch,a=0.99,9,9,0.8104002377225221,real
Arch,a=0.99,10,9,0.8024096287808502,real
Arch,a=0.99,11,9,0.8339820019073642,real
Arch,a=0.99,12,9,0.8406982574016005,real
Arch,a=0.99,13,9,0.8255183406158022,real
Arch,a=0.99,14,9,0.841652945617483,real
Arch,a=0.99,15,9,0.8354605046956549,real
Arch,a=0.99,16,9,0.8323853421464977,real
Arch,a=0.99,17,9,0.8307487203015059,real
Arch,a=0.99,18,9,0.8304117151097677,real
Arch,a=0.99,19,9,0.8277121992955354,real
Arch,a=0.99,20,9,0.8261351590000462,real
Arch,a=0.99,21,9,0.8347866672401587,real
Arch,a=0.99,22,9,0.8289486815153321,real
Arch,a=0.99,23,9,0.8293082145066578,real
Arch,a=0.99,24,9,0.8320941471487572,real
Arch,a=0.99,25,9,0.8340039794815607,real
Arch,a=0.99,26,9,0.8407203764623261,real
Arch,a=0.99,27,9,0.8486403836259464,real
Spiral,a=0.9,0,0,0.9020788358740908,real
Spiral,a=0.9,1,0,0.9431954810693728,real
Spiral,a=0.9,2,0,0.973820902538065,real
Spiral,a=0.9,3,0,0.9930898725914832,real
Spiral,a=0.9,4,0,0.9959512379241048,real
Spiral,a=0.9,5,0,0.99532206994634,real
Spiral,a=0.9,6,0,0.9943339694951844,real
Spiral,a=0.9,7,0,0.9930011872609608,real
Spiral,a=0.9,8,0,0.9911530576488063,real
Spiral,a=0.9,9,0,0.9899855226435244,real
Spiral,a=0.9,10,0,0.9886018776006088,real
Spiral,a=0.9,11,0,0.9898781924443016,real
Spiral,a=0.9,12,0,0.9889578538963156,real
Spiral,a=0.9,13,0,0.9882271581555784,real
Spiral,a=0.9,14,0,0.9892665326422432,real
Spiral,a=0.9,15,0,0.989127103474309,real
Spiral,a=0.9,16,0,0.9891266599183398,real
Spiral,a=0.9,17,0,0.9889372537604856,real
Spiral,a=0.9,18,0,0.9889317810815884,real
Spiral,a=0.9,19,0,0.9885143341357446,real
Spiral,a=0.9,20,0,0.9883615336304292,real
Spiral,a=0.9,21,0,0.9886384444581646,real
Spiral,a=0.9,22,0,0.9886965334789736,real
Spiral,a=0.9,23,0,0.9885406539451952,real
Spiral,a=0.9,24,0,0.9886497182801464,real
Spiral,a=0.9,25,0,0.9884079932085814,real
Spiral,a=0.9,26,0,0.9883630414620912,real
Spiral,a=0.9,27,0,0.9875049429980663,real
Spiral,a=0.9,0,1,0.9042820550984364,real
Spiral,a=0.9,1,1,0.9481372445298328,real
Spiral,a=0.9,2,1,0.9742309591899424,real
Spiral,a=0.9,3,1,0.993091358064958,real
Spiral,a=0.9,4,1,0.9955837507173192,real
Spiral,a=0.9,5,1,0.9946143953608813,real
Spiral,a=0.9,6,1,0.9938681865420363,real
Spiral,a=0.9,7,1,0.9927532312274918,real
Spiral,a=0.9,8,1,0.990357302543297,real
Spiral,a=0.9,9,1,0.9886501670751268,real
Spiral,a=0.9,10,1,0.987080525135876,real
Spiral,a=0.9,11,1,0.9887042042937972,real
Spiral,a=0.9,12,1,0.9877276982738176,real
Spiral,a=0.9,13,1,0.9888328081605114,real
Spiral,a=0.9,14,1,0.9892112907048868,real
Spiral,a=0.9,15,1,0.9890492526193916,real
Spiral,a=0.9,16,1,0.989229036173839,real
Spiral,a=0.9,17,1,0.9890469335204628,real
Spiral,a=0.9,18,1,0.9886683122989194,real
Spiral,a=0.9,19,1,0.98876633947779,real
Spiral,a=0.9,20,1,0.9889281399240072,real
Spiral,a=0.9,21,1,0.9892690103557702,real
Spiral,a=0.9,22,1,0.9891430413552452,real
Spiral,a=0.9,23,1,0.9890547697570458,real
Spiral,a=0.9,24,1,0.988880627693957,real
Spiral,a=0.9,25,1,0.9890044839836388,real
Spiral,a=0.9,26,1,0.9889545914544072,real
Spiral,a=0.9,27,1,0.988378729631931,real
Spiral,a=0.9,0,2,0.9080315975593882,real
Spiral,a=0.9,1,2,0.9471588084219252,real
Spiral,a=0.9,2,2,0.9754534938882848,real
Spiral,a=0.9,3,2,0.9935392407161302,real
Spiral,a=0.9,4,2,0.9957559266746356,real
Spiral,a=0.9,5,2,0.9953174539030964,real
Spiral,a=0.9,6,2,0.9947746075973896,real
Spiral,a=0.9,7,2,0.9933841316363304,real
Spiral,a=0.9,8,2,0.9913358506433896,real
Spiral,a=0.9,9,2,0.9895810372438404,real
Spiral,a=0.9,10,2,0.98834340580517,real
Spiral,a=0.9,11,2,0.9901264862246186,real
Spiral,a=0.9,12,2,0.9903322560678838,real
Spiral,a=0.9,13,2,0.9894171869596508,real
Spiral,a=0.9,14,2,0.9901522553923132,real
Spiral,a=0.9,15,2,0.990244999979956,real
Spiral,a=0.9,16,2,0.9901002747555612,real
Spiral,a=0.9,17,2,0.9896349443203432,real
Spiral,a=0.9,18,2,0.9895663460634584,real
Spiral,a=0.9,19,2,0.989599266835125,real
Spiral,a=0.9,20,2,0.9893625729679644,real
Spiral,a=0.9,21,2,0.9894743384316994,real
Spiral,a=0.9,22,2,0.9892577910081166,real
Spiral,a=0.9,23,2,0.9890122370520956,real
Spiral,a=0.9,24,2,0.9885476084187508,real
Spiral,a=0.9,25,2,0.9886676715071856,real
Spiral,a=0.9,26,2,0.9890812130547972,real
Spiral,a=0.9,27,2,0.987914722466684,real
Spiral,a=0.9,0,3,0.9050107332939508,real
Spiral,a=0.9,1,3,0.9466240121804834,real
Spiral,a=0.9,2,3,0.9748292396947856,real
Spiral,a=0.9,3,3,0.9931631339949676,real
Spiral,a=0.9,4,3,0.9953770416042422,real
Spiral,a=0.9,5,3,0.9951714839623276,real
Spiral,a=0.9,6,3,0.9946549816918598,real
Spiral,a=0.9,7,3,0.9931868863056996,real
Spiral,a=0.9,8,3,0.9919763672658328,real
Spiral,a=0.9,9,3,0.990390627229257,real
Spiral,a=0.9,10,3,0.9899781912893936,real
Spiral,a=0.9,11,3,0.9905084847314692,real
Spiral,a=0.9,12,3,0.9898715301166562,real
Spiral,a=0.9,13,3,0.9903894170611788,real
Spiral,a=0.9,14,3,0.9909233273589766,real
Spiral,a=0.9,15,3,0.9905892280295454,real
Spiral,a=0.9,16,3,0.9902872774455408,real
Spiral,a=0.9,17,3,0.9899954800547248,real
Spiral,a=0.9,18,3,0.9895368296027608,real
Spiral,a=0.9,19,3,0.9894936483100052,real
Spiral,a=0.9,20,3,0.9893337800374375,real
Spiral,a=0.9,21,3,0.9894386064601834,real
Spiral,a=0.9,22,3,0.9896728649733818,real
Spiral,a=0.9,23,3,0.9898141134257186,real
Spiral,a=0.9,24,3,0.9894951652446424,real
Spiral,a=0.9,25,3,0.9894324028864424,real
Spiral,a=0.9,26,3,0.989457677981174,real
Spiral,a=0.9,27,3,0.9880995307844298,real
Spiral,a=0.9,0,4,0.9000031674821443,real
Spiral,a=0.9,1,4,0.9474269890104154,real
Spiral,a=0.9,2,4,0.975408284239114,real
Spiral,a=0.9,3,4,0.993849678347976,real
Spiral,a=0.9,4,4,0.9961227157560454,real
Spiral,a=0.9,5,4,0.9957321469893766,real
Spiral,a=0.9,6,4,0.9954460495578364,real
Spiral,a=0.9,7,4,0.9935246779744026,real
Spiral,a=0.9,8,4,0.9922715343009904,real
Spiral,a=0.9,9,4,0.9910247565037564,real
Spiral,a=0.9,10,4,0.9909358486473904,real
Spiral,a=0.9,11,4,0.9908034674932148,real
Spiral,a=0.9,12,4,0.991238698350047,real
Spiral,a=0.9,13,4,0.9903731075609588,real
Spiral,a=0.9,14,4,0.9906263390767536,real
Spiral,a=0.9,15,4,0.989855094005819,real
Spiral,a=0.9,16,4,0.9898712247506424,real
Spiral,a=0.9,17,4,0.9899446095767824,real
Spiral,a=0.9,18,4,0.990094590119392,real
Spiral,a=0.9,19,4,0.9904737639085088,real
Spiral,a=0.9,20,4,0.9907241410072553,real
Spiral,a=0.9,21,4,0.9910225939868772,real
Spiral,a=0.9,22,4,0.9908166635816162,real
Spiral,a=0.9,23,4,0.990750008997333,real
Spiral,a=0.9,24,4,0.9905606684113424,real
Spiral,a=0.9,25,4,0.9905207986506316,real
Spiral,a=0.9,26,4,0.990406087916466,real
Spiral,a=0.9,27,4,0.9895357117037727,real
Spiral,a=0.9,0,5,0.9111043933520008,real
Spiral,a=0.9,1,5,0.951815666636144,real
Spiral,a=0.9,2,5,0.974946478507045,real
Spiral,a=0.9,3,5,0.993694952423778,real
Spiral,a=0.9,4,5,0.9957085552673456,real
Spiral,a=0.9,5,5,0.9960291848652744,real
Spiral,a=0.9,6,5,0.9954134559643218,real
Spiral,a=0.9,7,5,0.9937847156257568,real
Spiral,a=0.9,8,5,0.9918438480440716,real
Spiral,a=0.9,9,5,0.9908407267436368,real
Spiral,a=0.9,10,5,0.9904284755055196,real
Spiral,a=0.9,11,5,0.9908078234770054,real
Spiral,a=0.9,12,5,0.9900227007972732,real
Spiral,a=0.9,13,5,0.9898744305236165,real
Spiral,a=0.9,14,5,0.990362931190251,real
Spiral,a=0.9,15,5,0.9903315363135364,real
Spiral,a=0.9,16,5,0.9902083676847392,real
Spiral,a=0.9,17,5,0.9900310612234108,real
Spiral,a=0.9,18,5,0.9894214349371068,real
Spiral,a=0.9,19,5,0.9890511131199669,real
Spiral,a=0.9,20,5,0.9890911191846872,real
Spiral,a=0.9,21,5,0.9897804170989104,real
Spiral,a=0.9,22,5,0.9893938594054936,real
Spiral,a=0.9,23,5,0.9891446536612516,real
Spiral,a=0.9,24,5,0.9891865423493365,real
Spiral,a=0.9,25,5,0.9893617033328548,real
Spiral,a=0.9,26,5,0.989592762573592,real
Spiral,a=0.9,27,5,0.989230199099526,real
Spiral,a=0.9,0,6,0.9031027326167566,real
Spiral,a=0.9,1,6,0.9478510131860746,real
Spiral,a=0.9,2,6,0.9772228048984402,real
Spiral,a=0.9,3,6,0.9939506789440088,real
Spiral,a=0.9,4,6,0.9955936477866904,real
Spiral,a=0.9,5,6,0.9956723824599606,real
Spiral,a=0.9,6,6,0.994946974083298,real
Spiral,a=0.9,7,6,0.994265072260204,real
Spiral,a=0.9,8,6,0.9918185625411208,real
Spiral,a=0.9,9,6,0.9904452693371308,real
Spiral,a=0.9,10,6,0.9900287382251258,real
Spiral,a=0.9,11,6,0.9903332747415692,real
Spiral,a=0.9,12,6,0.9908066754316628,real
Spiral,a=0.9,13,6,0.9900342900972756,real
Spiral,a=0.9,14,6,0.989513174415767,real
Spiral,a=0.9,15,6,0.9892848002654036,real
Spiral,a=0.9,16,6,0.9894256107684128,real
Spiral,a=0.9,17,6,0.9890193340326824,real
Spiral,a=0.9,18,6,0.9883035801177208,real
Spiral,a=0.9,19,6,0.988645779910064,real
Spiral,a=0.9,20,6,0.988335486924462,real
Spiral,a=0.9,21,6,0.9890333615134196,real
Spiral,a=0.9,22,6,0.9891930762637274,real
Spiral,a=0.9,23,6,0.989211111135092,real
Spiral,a=0.9,24,6,0.9888132422392236,real
Spiral,a=0.9,25,6,0.9887390696920044,real
Spiral,a=0.9,26,6,0.9886017199119044,real
Spiral,a=0.9,27,6,0.9878071064355928,real
Spiral,a=0.9,0,7,0.9056753376680118,real
Spiral,a=0.9,1,7,0.9472131813647084,real
Spiral,a=0.9,2,7,0.9733980327207328,real
Spiral,a=0.9,3,7,0.9935150175966476,real
Spiral,a=0.9,4,7,0.9957179441464452,real
Spiral,a=0.9,5,7,0.9958387461916308,real
Spiral,a=0.9,6,7,0.995318620538465,real
Spiral,a=0.9,7,7,0.9935324306140108,real
Spiral,a=0.9,8,7,0.9913963443190098,real
Spiral,a=0.9,9,7,0.990433496762146,real
Spiral,a=0.9,10,7,0.9900589848893164,real
Spiral,a=0.9,11,7,0.9909439308882922,real
Spiral,a=0.9,12,7,0.9902360588771264,real
Spiral,a=0.9,13,7,0.9901251394531604,real
Spiral,a=0.9,14,7,0.9906560023521942,real
Spiral,a=0.9,15,7,0.990539276876218,real
Spiral,a=0.9,16,7,0.9906489546696348,real
Spiral,a=0.9,17,7,0.9906590033340498,real
Spiral,a=0.9,18,7,0.990245164596044,real
Spiral,a=0.9,19,7,0.9902553230994782,real
Spiral,a=0.9,20,7,0.9902985630600016,real
Spiral,a=0.9,21,7,0.990338617688971,real
Spiral,a=0.9,22,7,0.9905116571804125,real
Spiral,a=0.9,23,7,0.990228388131125,real
Spiral,a=0.9,24,7,0.9899728890836696,real
Spiral,a=0.9,25,7,0.9896240673369764,real
Spiral,a=0.9,26,7,0.98983009000849,real
Spiral,a=0.9,27,7,0.988815138931894,real
Spiral,a=0.9,0,8,0.9028917285352402,real
Spiral,a=0.9,1,8,0.9443295811920672,real
Spiral,a=0.9,2,8,0.9726250816351992,real
Spiral,a=0.9,3,8,0.992237995423748,real
Spiral,a=0.9,4,8,0.9949785373439228,real
Spiral,a=0.9,5,8,0.9949862202304915,real
Spiral,a=0.9,6,8,0.9946685959835057,real
Spiral,a=0.9,7,8,0.9932092910026564,real
Spiral,a=0.9,8,8,0.9908533165996424,real
Spiral,a=0.9,9,8,0.989498867346184,real
Spiral,a=0.9,10,8,0.98924896127347,real
Spiral,a=0.9,11,8,0.9899076929186348,real
Spiral,a=0.9,12,8,0.9891439399938522,real
Spiral,a=0.9,13,8,0.9890507739823238,real
Spiral,a=0.9,14,8,0.9888853135074618,real
Spiral,a=0.9,15,8,0.9892180807966778,real
Spiral,a=0.9,16,8,0.9891952804653116,real
Spiral,a=0.9,17,8,0.9887916528338584,real
Spiral,a=0.9,18,8,0.9887434910981252,real
Spiral,a=0.9,19,8,0.989264707351321,real
Spiral,a=0.9,20,8,0.9889611025190024,real
Spiral,a=0.9,21,8,0.9891075357905564,real
Spiral,a=0.9,22,8,0.9889156780463908,real
Spiral,a=0.9,23,8,0.9890018084207188,real
Spiral,a=0.9,24,8,0.9889231272317238,real
Spiral,a=0.9,25,8,0.988568354128856,real
Spiral,a=0.9,26,8,0.9890207525154788,real
Spiral,a=0.9,27,8,0.988121535982549,real
Spiral,a=0.9,0,9,0.905040601070864,real
Spiral,a=0.9,1,9,0.9472261012258424,real
Spiral,a=0.9,2,9,0.9759492938464168,real
Spiral,a=0.9,3,9,0.9933661600971908,real
Spiral,a=0.9,4,9,0.995528828283518,real
Spiral,a=0.9,5,9,0.995399947536334,real
Spiral,a=0.9,6,9,0.9955687267890192,real
Spiral,a=0.9,7,9,0.99363451501982,real
Spiral,a=0.9,8,9,0.9903013880176748,real
Spiral,a=0.9,9,9,0.989849042880562,real
Spiral,a=0.9,10,9,0.990213589709802,real
Spiral,a=0.9,11,9,0.9901091588250592,real
Spiral,a=0.9,12,9,0.9894218293421964,real
Spiral,a=0.9,13,9,0.9890731943789046,real
Spiral,a=0.9,14,9,0.9894333600780126,real
Spiral,a=0.9,15,9,0.989397290029818,real
Spiral,a=0.9,16,9,0.989213733008601,real
Spiral,a=0.9,17,9,0.9891713950755304,real
Spiral,a=0.9,18,9,0.9896185930076932,real
Spiral,a=0.9,19,9,0.9896022441149096,real
Spiral,a=0.9,20,9,0.989460907463989,real
Spiral,a=0.9,21,9,0.9894538032222014,real
Spiral,a=0.9,22,9,0.9894668284108948,real
Spiral,a=0.9,23,9,0.9894147078493496,real
Spiral,a=0.9,24,9,0.9894293086347916,real
Spiral,a=0.9,25,9,0.9892098789941696,real
Spiral,a=0.9,26,9,0.9889954726064424,real
Spiral,a=0.9,27,9,0.9882487087518228,real
Spiral,a=0.91,0,0,0.8886486744405501,real
Spiral,a=0.91,1,0,0.9341411250529996,real
Spiral,a=0.91,2,0,0.967797445082599,real
Spiral,a=0.91,3,0,0.991150225733114,real
Spiral,a=0.91,4,0,0.994305889960876,real
Spiral,a=0.91,5,0,0.9942781570533442,real
Spiral,a=0.91,6,0,0.9929260690227624,real
Spiral,a=0.91,7,0,0.9915592514636206,real
Spiral,a=0.91,8,0,0.9886593659603764,real
Spiral,a=0.91,9,0,0.9861097984177438,real
Spiral,a=0.91,10,0,0.9855240273851028,real
Spiral,a=0.91,11,0,0.9867854618242828,real
Spiral,a=0.91,12,0,0.9868858991399416,real
Spiral,a=0.91,13,0,0.9868484759275614,real
Spiral,a=0.91,14,0,0.9870783539703678,real
Spiral,a=0.91,15,0,0.9874594171624091,real
Spiral,a=0.91,16,0,0.9877750072112552,real
Spiral,a=0.91,17,0,0.9878750262490456,real
Spiral,a=0.91,18,0,0.987448358715254,real
Spiral,a=0.91,19,0,0.9877801181569644,real
Spiral,a=0.91,20,0,0.9875749534653216,real
Spiral,a=0.91,21,0,0.987435575323922,real
Spiral,a=0.91,22,0,0.9868607735379686,real
Spiral,a=0.91,23,0,0.9867931475294344,real
Spiral,a=0.91,24,0,0.9865671593502612,real
Spiral,a=0.91,25,0,0.9861621024378556,real
Spiral,a=0.91,26,0,0.986113355587741,real
Spiral,a=0.91,27,0,0.9851910239584936,real
Spiral,a=0.91,0,1,0.8953245888095427,real
Spiral,a=0.91,1,1,0.937625016968102,real
Spiral,a=0.91,2,1,0.9707434245427548,real
Spiral,a=0.91,3,1,0.99156807520594,real
Spiral,a=0.91,4,1,0.9941422371261606,real
Spiral,a=0.91,5,1,0.994125956367287,real
Spiral,a=0.91,6,1,0.9929696222393996,real
Spiral,a=0.91,7,1,0.9920548151255008,real
Spiral,a=0.91,8,1,0.9891794043953586,real
Spiral,a=0.91,9,1,0.9876953623654666,real
Spiral,a=0.91,10,1,0.9868386971217324,real
Spiral,a=0.91,11,1,0.9888150909675154,real
Spiral,a=0.91,12,1,0.9885879355601954,real
Spiral,a=0.91,13,1,0.988371327436369,real
Spiral,a=0.91,14,1,0.9884359111905344,real
Spiral,a=0.91,15,1,0.9884418216176004,real
Spiral,a=0.91,16,1,0.9888456855529152,real
Spiral,a=0.91,17,1,0.9888893167829436,real
Spiral,a=0.91,18,1,0.9880449623207987,real
Spiral,a=0.91,19,1,0.9877241465064046,real
Spiral,a=0.91,20,1,0.987442774065468,real
Spiral,a=0.91,21,1,0.987560380730307,real
Spiral,a=0.91,22,1,0.987563059080658,real
Spiral,a=0.91,23,1,0.9871062504786122,real
Spiral,a=0.91,24,1,0.987370306933124,real
Spiral,a=0.91,25,1,0.9875203595554256,real
Spiral,a=0.91,26,1,0.987172046412015,real
Spiral,a=0.91,27,1,0.986684301358727,real
Spiral,a=0.91,0,2,0.89776344463498,real
Spiral,a=0.91,1,2,0.9403579226315324,real
Spiral,a=0.91,2,2,0.970772006046158,real
Spiral,a=0.91,3,2,0.9916255612444258,real
Spiral,a=0.91,4,2,0.9943554259251504,real
Spiral,a=0.91,5,2,0.9937124724160424,real
Spiral,a=0.91,6,2,0.9931752529780016,real
Spiral,a=0.91,7,2,0.9910174730940848,real
Spiral,a=0.91,8,2,0.9890849073169988,real
Spiral,a=0.91,9,2,0.987325020183108,real
Spiral,a=0.91,10,2,0.9869489947027202,real
Spiral,a=0.91,11,2,0.9875470397844665,real
Spiral,a=0.91,12,2,0.9877132246788328,real
Spiral,a=0.91,13,2,0.9876964195441326,real
Spiral,a=0.91,14,2,0.9890040237800282,real
Spiral,a=0.91,15,2,0.989316574572018,real
Spiral,a=0.91,16,2,0.9891014535490636,real
Spiral,a=0.91,17,2,0.9885018891795796,real
Spiral,a=0.91,18,2,0.9883730545208655,real
Spiral,a=0.91,19,2,0.9884797647725512,real
Spiral,a=0.91,20,2,0.98838331647987,real
Spiral,a=0.91,21,2,0.988512347669221,real
Spiral,a=0.91,22,2,0.9887321854274608,real
Spiral,a=0.91,23,2,0.9885918472539224,real
Spiral,a=0.91,24,2,0.988268617905051,real
Spiral,a=0.91,25,2,0.9880954226334152,real
Spiral,a=0.91,26,2,0.9882943528270134,real
Spiral,a=0.91,27,2,0.9871037184481478,real
Spiral,a=0.91,0,3,0.8993038037609857,real
Spiral,a=0.91,1,3,0.9434180919305823,real
Spiral,a=0.91,2,3,0.9703255890846788,real
Spiral,a=0.91,3,3,0.9913813055933852,real
Spiral,a=0.91,4,3,0.9936814807070096,real
Spiral,a=0.91,5,3,0.9935621922878906,real
Spiral,a=0.91,6,3,0.9936013216543388,real
Spiral,a=0.91,7,3,0.9918810716300612,real
Spiral,a=0.91,8,3,0.9901848068205727,real
Spiral,a=0.91,9,3,0.9878264070169922,real
Spiral,a=0.91,10,3,0.9881380727067643,real
Spiral,a=0.91,11,3,0.9895049854853142,real
Spiral,a=0.91,12,3,0.9890252197723431,real
Spiral,a=0.91,13,3,0.9881851411467932,real
Spiral,a=0.91,14,3,0.9886177252194448,real
Spiral,a=0.91,15,3,0.988612720321485,real
Spiral,a=0.91,16,3,0.9886916979966536,real
Spiral,a=0.91,17,3,0.9883921700274148,real
Spiral,a=0.91,18,3,0.9884452886617048,real
Spiral,a=0.91,19,3,0.9883522512695774,real
Spiral,a=0.91,20,3,0.9884190346240672,real
Spiral,a=0.91,21,3,0.988525780089697,real
Spiral,a=0.91,22,3,0.9885129378779928,real
Spiral,a=0.91,23,3,0.9884597602350405,real
Spiral,a=0.91,24,3,0.988411394808702,real
Spiral,a=0.91,25,3,0.9882106232547888,real
Spiral,a=0.91,26,3,0.9877248675604768,real
Spiral,a=0.91,27,3,0.986414941494236,real
Spiral,a=0.91,0,4,0.8916453474113161,real
Spiral,a=0.91,1,4,0.9408266794631384,real
Spiral,a=0.91,2,4,0.968350773612884,real
Spiral,a=0.91,3,4,0.9919697505219988,real
Spiral,a=0.91,4,4,0.9947140776048335,real
Spiral,a=0.91,5,4,0.9947442173768796,real
Spiral,a=0.91,6,4,0.994272581758846,real
Spiral,a=0.91,7,4,0.9924366457817309,real
Spiral,a=0.91,8,4,0.9910682670035396,real
Spiral,a=0.91,9,4,0.9892206230148862,real
Spiral,a=0.91,10,4,0.9889737336509876,real
Spiral,a=0.91,11,4,0.9898368113483156,real
Spiral,a=0.91,12,4,0.9893273390191066,real
Spiral,a=0.91,13,4,0.9887348276013777,real
Spiral,a=0.91,14,4,0.9893804276344146,real
Spiral,a=0.91,15,4,0.989155504215986,real
Spiral,a=0.91,16,4,0.9893854525476944,real
Spiral,a=0.91,17,4,0.9890168403931636,real
Spiral,a=0.91,18,4,0.9893870263976156,real
Spiral,a=0.91,19,4,0.9894604003245144,real
Spiral,a=0.91,20,4,0.9888186615023096,real
Spiral,a=0.91,21,4,0.9889635600521136,real
Spiral,a=0.91,22,4,0.988621151224645,real
Spiral,a=0.91,23,4,0.9889211425518462,real
Spiral,a=0.91,24,4,0.988804447101402,real
Spiral,a=0.91,25,4,0.988756084889674,real
Spiral,a=0.91,26,4,0.9888793900244056,real
Spiral,a=0.91,27,4,0.9880611433874792,real
Spiral,a=0.91,0,5,0.8994051433318334,real
Spiral,a=0.91,1,5,0.9413003743514228,real
Spiral,a=0.91,2,5,0.9691557673903626,real
Spiral,a=0.91,3,5,0.9917671656801592,real
Spiral,a=0.91,4,5,0.9945836243707484,real
Spiral,a=0.91,5,5,0.9939992988566992,real
Spiral,a=0.91,6,5,0.9934807599168012,real
Spiral,a=0.91,7,5,0.9919969565258246,real
Spiral,a=0.91,8,5,0.9898609201454646,real
Spiral,a=0.91,9,5,0.9884228088598964,real
Spiral,a=0.91,10,5,0.9878429504345204,real
Spiral,a=0.91,11,5,0.9888032752306588,real
Spiral,a=0.91,12,5,0.9881758166021176,real
Spiral,a=0.91,13,5,0.9885237204821914,real
Spiral,a=0.91,14,5,0.9885396129749088,real
Spiral,a=0.91,15,5,0.9876423980662556,real
Spiral,a=0.91,16,5,0.9878865204499004,real
Spiral,a=0.91,17,5,0.9873258345432298,real
Spiral,a=0.91,18,5,0.98733842917727,real
Spiral,a=0.91,19,5,0.9873810136393538,real
Spiral,a=0.91,20,5,0.987173200988846,real
Spiral,a=0.91,21,5,0.9875816028618432,real
Spiral,a=0.91,22,5,0.9872104570433624,real
Spiral,a=0.91,23,5,0.9871727099954668,real
Spiral,a=0.91,24,5,0.9868493664839636,real
Spiral,a=0.91,25,5,0.9871567972923682,real
Spiral,a=0.91,26,5,0.9873459854821556,real
Spiral,a=0.91,27,5,0.9869526153774048,real
Spiral,a=0.91,0,6,0.887943371704532,real
Spiral,a=0.91,1,6,0.9398635688320356,real
Spiral,a=0.91,2,6,0.9709761236607202,real
Spiral,a=0.91,3,6,0.9924495303547902,real
Spiral,a=0.91,4,6,0.994801189500052,real
Spiral,a=0.91,5,6,0.993625337626864,real
Spiral,a=0.91,6,6,0.9934456183304328,real
Spiral,a=0.91,7,6,0.9915519430471702,real
Spiral,a=0.91,8,6,0.9904001478254562,real
Spiral,a=0.91,9,6,0.9881824638848486,real
Spiral,a=0.91,10,6,0.987743324885494,real
Spiral,a=0.91,11,6,0.9887360410169256,real
Spiral,a=0.91,12,6,0.9886905657211948,real
Spiral,a=0.91,13,6,0.988769862933617,real
Spiral,a=0.91,14,6,0.9884283682608976,real
Spiral,a=0.91,15,6,0.9881562515128698,real
Spiral,a=0.91,16,6,0.9882984898172256,real
Spiral,a=0.91,17,6,0.987919448142782,real
Spiral,a=0.91,18,6,0.9873953113139672,real
Spiral,a=0.91,19,6,0.9876623447243738,real
Spiral,a=0.91,20,6,0.9877910052602958,real
Spiral,a=0.91,21,6,0.987963650820063,real
Spiral,a=0.91,22,6,0.9882438837814574,real
Spiral,a=0.91,23,6,0.9879952462491486,real
Spiral,a=0.91,24,6,0.9878321584107492,real
Spiral,a=0.91,25,6,0.9878864445078602,real
Spiral,a=0.91,26,6,0.9875360688613416,real
Spiral,a=0.91,27,6,0.9859842141362704,real
Spiral,a=0.91,0,7,0.8929396950224494,real
Spiral,a=0.91,1,7,0.9382839695046232,real
Spiral,a=0.91,2,7,0.968277652142518,real
Spiral,a=0.91,3,7,0.9905515278508588,real
Spiral,a=0.91,4,7,0.9941693231227008,real
Spiral,a=0.91,5,7,0.9943292230822915,real
Spiral,a=0.91,6,7,0.9936732989075236,real
Spiral,a=0.91,7,7,0.9921594824192868,real
Spiral,a=0.91,8,7,0.990513995379576,real
Spiral,a=0.91,9,7,0.988774421048701,real
Spiral,a=0.91,10,7,0.9872710200271884,real
Spiral,a=0.91,11,7,0.9886580002121544,real
Spiral,a=0.91,12,7,0.9888905767913037,real
Spiral,a=0.91,13,7,0.9882708094484516,real
Spiral,a=0.91,14,7,0.9894962074421652,real
Spiral,a=0.91,15,7,0.9896438170766958,real
Spiral,a=0.91,16,7,0.989296024351936,real
Spiral,a=0.91,17,7,0.988964124256855,real
Spiral,a=0.91,18,7,0.9882436397967314,real
Spiral,a=0.91,19,7,0.988592081010648,real
Spiral,a=0.91,20,7,0.9891295614591024,real
Spiral,a=0.91,21,7,0.9889639421596133,real
Spiral,a=0.91,22,7,0.9888611984363044,real
Spiral,a=0.91,23,7,0.9886050545100536,real
Spiral,a=0.91,24,7,0.9886218049787794,real
Spiral,a=0.91,25,7,0.988697613175393,real
Spiral,a=0.91,26,7,0.988456772849988,real
Spiral,a=0.91,27,7,0.9879884447581484,real
Spiral,a=0.91,0,8,0.8971905182528884,real
Spiral,a=0.91,1,8,0.9384805336321566,real
Spiral,a=0.91,2,8,0.96880595188166,real
Spiral,a=0.91,3,8,0.9904107657777352,real
Spiral,a=0.91,4,8,0.9939336297945388,real
Spiral,a=0.91,5,8,0.9940084802114098,real
Spiral,a=0.91,6,8,0.9934885606611368,real
Spiral,a=0.91,7,8,0.9922860713626172,real
Spiral,a=0.91,8,8,0.9896829393703702,real
Spiral,a=0.91,9,8,0.9881169621193544,real
Spiral,a=0.91,10,8,0.9883396670969324,real
Spiral,a=0.91,11,8,0.9892334643863542,real
Spiral,a=0.91,12,8,0.9886115373197164,real
Spiral,a=0.91,13,8,0.9881094032019138,real
Spiral,a=0.91,14,8,0.9875610290704244,real
Spiral,a=0.91,15,8,0.987898164486255,real
Spiral,a=0.91,16,8,0.9879523123095968,real
Spiral,a=0.91,17,8,0.9876599108353674,real
Spiral,a=0.91,18,8,0.987639996663746,real
Spiral,a=0.91,19,8,0.9878275876886076,real
Spiral,a=0.91,20,8,0.9873626285949656,real
Spiral,a=0.91,21,8,0.9876622549937328,real
Spiral,a=0.91,22,8,0.9874708882349792,real
Spiral,a=0.91,23,8,0.98762142839661,real
Spiral,a=0.91,24,8,0.987489578179827,real
Spiral,a=0.91,25,8,0.9872050869984712,real
Spiral,a=0.91,26,8,0.9872286738504128,real
Spiral,a=0.91,27,8,0.9864538177658438,real
Spiral,a=0.91,0,9,0.8974245081208932,real
Spiral,a=0.91,1,9,0.9418400070779273,real
Spiral,a=0.91,2,9,0.9714027695459444,real
Spiral,a=0.91,3,9,0.9920520516262812,real
Spiral,a=0.91,4,9,0.9943673728265532,real
Spiral,a=0.91,5,9,0.993786451679872,real
Spiral,a=0.91,6,9,0.9946259927629268,real
Spiral,a=0.91,7,9,0.9920285830682692,real
Spiral,a=0.91,8,9,0.9892120983291672,real
Spiral,a=0.91,9,9,0.9879994978155416,real
Spiral,a=0.91,10,9,0.9881189220103584,real
Spiral,a=0.91,11,9,0.9894960242387544,real
Spiral,a=0.91,12,9,0.9890991077852288,real
Spiral,a=0.91,13,9,0.9886473050719364,real
Spiral,a=0.91,14,9,0.98835706780599,real
Spiral,a=0.91,15,9,0.9886707256713134,real
Spiral,a=0.91,16,9,0.988502092320142,real
Spiral,a=0.91,17,9,0.9885674695313036,real
Spiral,a=0.91,18,9,0.9887625172996388,real
Spiral,a=0.91,19,9,0.987797678287952,real
Spiral,a=0.91,20,9,0.9877898670252848,real
Spiral,a=0.91,21,9,0.9880452503532824,real
Spiral,a=0.91,22,9,0.9881790537458226,real
Spiral,a=0.91,23,9,0.9881927183598852,real
Spiral,a=0.91,24,9,0.9877287665253944,real
Spiral,a=0.91,25,9,0.98768891649665,real
Spiral,a=0.91,26,9,0.9880636592753074,real
Spiral,a=0.91,27,9,0.9867770933579668,real
Spiral,a=0.92,0,0,0.8794307197037887,real
Spiral,a=0.92,1,0,0.9257242277131092,real
Spiral,a=0.92,2,0,0.961352449585098,real
Spiral,a=0.92,3,0,0.9885946470185548,real
Spiral,a=0.92,4,0,0.992268851184153,real
Spiral,a=0.92,5,0,0.9919050377821632,real
Spiral,a=0.92,6,0,0.9906701678165064,real
Spiral,a=0.92,7,0,0.9890955391367224,real
Spiral,a=0.92,8,0,0.9860741263812368,real
Spiral,a=0.92,9,0,0.984796172369373,real
Spiral,a=0.92,10,0,0.983139825971501,real
Spiral,a=0.92,11,0,0.9855570968187748,real
Spiral,a=0.92,12,0,0.9858148492315344,real
Spiral,a=0.92,13,0,0.9854967265235712,real
Spiral,a=0.92,14,0,0.9860129179782722,real
Spiral,a=0.92,15,0,0.9861352640204858,real
Spiral,a=0.92,16,0,0.9861565417853374,real
Spiral,a=0.92,17,0,0.985570066481096,real
Spiral,a=0.92,18,0,0.9852006245994772,real
Spiral,a=0.92,19,0,0.985581563373578,real
Spiral,a=0.92,20,0,0.9856500869756832,real
Spiral,a=0.92,21,0,0.9856536229501168,real
Spiral,a=0.92,22,0,0.985863123354036,real
Spiral,a=0.92,23,0,0.9855264870888768,real
Spiral,a=0.92,24,0,0.9847399682879484,real
Spiral,a=0.92,25,0,0.9851451956018794,real
Spiral,a=0.92,26,0,0.9853718484671448,real
Spiral,a=0.92,27,0,0.9848112118703868,real
Spiral,a=0.92,0,1,0.877928408881315,real
Spiral,a=0.92,1,1,0.9232367885161992,real
Spiral,a=0.92,2,1,0.962743130552926,real
Spiral,a=0.92,3,1,0.9883221948654533,real
Spiral,a=0.92,4,1,0.9915544537230968,real
Spiral,a=0.92,5,1,0.9918436683377296,real
Spiral,a=0.92,6,1,0.9916758414336212,real
Spiral,a=0.92,7,1,0.989648869801944,real
Spiral,a=0.92,8,1,0.9872630507284912,real
Spiral,a=0.92,9,1,0.9852371870495716,real
Spiral,a=0.92,10,1,0.9847460947504312,real
Spiral,a=0.92,11,1,0.9871492640367082,real
Spiral,a=0.92,12,1,0.9872264764347038,real
Spiral,a=0.92,13,1,0.9866209540071302,real
Spiral,a=0.92,14,1,0.9874728900949156,real
Spiral,a=0.92,15,1,0.9868382662693838,real
Spiral,a=0.92,16,1,0.9868857044830296,real
Spiral,a=0.92,17,1,0.9866383019622822,real
Spiral,a=0.92,18,1,0.986203048675996,real
Spiral,a=0.92,19,1,0.9855726692746816,real
Spiral,a=0.92,20,1,0.9855860414686388,real
Spiral,a=0.92,21,1,0.985792470620818,real
Spiral,a=0.92,22,1,0.986275647520328,real
Spiral,a=0.92,23,1,0.986293719059502,real
Spiral,a=0.92,24,1,0.9863041235430156,real
Spiral,a=0.92,25,1,0.9859578778644716,real
Spiral,a=0.92,26,1,0.9866213581304998,real
Spiral,a=0.92,27,1,0.9849264274666912,real
Spiral,a=0.92,0,2,0.88704387211925,real
Spiral,a=0.92,1,2,0.9312605024215728,real
Spiral,a=0.92,2,2,0.9639595609862344,real
Spiral,a=0.92,3,2,0.9892519543567532,real
Spiral,a=0.92,4,2,0.992481600267994,real
Spiral,a=0.92,5,2,0.9924625679967533,real
Spiral,a=0.92,6,2,0.991306919564931,real
Spiral,a=0.92,7,2,0.9888923641273392,real
Spiral,a=0.92,8,2,0.9863238268382568,real
Spiral,a=0.92,9,2,0.9855990999012176,real
Spiral,a=0.92,10,2,0.9846318605750488,real
Spiral,a=0.92,11,2,0.9859382875270276,real
Spiral,a=0.92,12,2,0.9846452768024556,real
Spiral,a=0.92,13,2,0.9854223215052988,real
Spiral,a=0.92,14,2,0.9869318480558869,real
Spiral,a=0.92,15,2,0.987782040459826,real
Spiral,a=0.92,16,2,0.9876746013231656,real
Spiral,a=0.92,17,2,0.9871246066693388,real
Spiral,a=0.92,18,2,0.9873299489311468,real
Spiral,a=0.92,19,2,0.9869181811713922,real
Spiral,a=0.92,20,2,0.9868671200036776,real
Spiral,a=0.92,21,2,0.9874913643664152,real
Spiral,a=0.92,22,2,0.9873653324365802,real
Spiral,a=0.92,23,2,0.9872369363797594,real
Spiral,a=0.92,24,2,0.9874274865607164,real
Spiral,a=0.92,25,2,0.9874309261943274,real
Spiral,a=0.92,26,2,0.9877338127110024,real
Spiral,a=0.92,27,2,0.9860526942682096,real
Spiral,a=0.92,0,3,0.8852343734653457,real
Spiral,a=0.92,1,3,0.93052586827446,real
Spiral,a=0.92,2,3,0.9616597772404422,real
Spiral,a=0.92,3,3,0.9898651466389274,real
Spiral,a=0.92,4,3,0.9928116839197983,real
Spiral,a=0.92,5,3,0.991897652742314,real
Spiral,a=0.92,6,3,0.9910368479338588,real
Spiral,a=0.92,7,3,0.9896246229465704,real
Spiral,a=0.92,8,3,0.9871393515794856,real
Spiral,a=0.92,9,3,0.9862246020058794,real
Spiral,a=0.92,10,3,0.9857344723593556,real
Spiral,a=0.92,11,3,0.987335425901875,real
Spiral,a=0.92,12,3,0.9869730462134304,real
Spiral,a=0.92,13,3,0.986436646741131,real
Spiral,a=0.92,14,3,0.9869455392040196,real
Spiral,a=0.92,15,3,0.9865852001609065,real
Spiral,a=0.92,16,3,0.9864610477437789,real
Spiral,a=0.92,17,3,0.986519212252096,real
Spiral,a=0.92,18,3,0.9865693042566204,real
Spiral,a=0.92,19,3,0.986856911808749,real
Spiral,a=0.92,20,3,0.9866059546915972,real
Spiral,a=0.92,21,3,0.986663388571041,real
Spiral,a=0.92,22,3,0.9871079056241546,real
Spiral,a=0.92,23,3,0.9872187276785652,real
Spiral,a=0.92,24,3,0.98714962820265,real
Spiral,a=0.92,25,3,0.986584938824856,real
Spiral,a=0.92,26,3,0.9863767918889972,real
Spiral,a=0.92,27,3,0.9857451660081324,real
Spiral,a=0.92,0,4,0.8748919671735931,real
Spiral,a=0.92,1,4,0.9312767847152692,real
Spiral,a=0.92,2,4,0.9640272000847248,real
Spiral,a=0.92,3,4,0.990266193226713,real
Spiral,a=0.92,4,4,0.9934114698833896,real
Spiral,a=0.92,5,4,0.9933376535349407,real
Spiral,a=0.92,6,4,0.9928743179278836,real
Spiral,a=0.92,7,4,0.991515031026725,real
Spiral,a=0.92,8,4,0.989031743807704,real
Spiral,a=0.92,9,4,0.9875598438595828,real
Spiral,a=0.92,10,4,0.9869342494897908,real
Spiral,a=0.92,11,4,0.9876543466739156,real
Spiral,a=0.92,12,4,0.9876447953482658,real
Spiral,a=0.92,13,4,0.9876455996467106,real
Spiral,a=0.92,14,4,0.987216890552113,real
Spiral,a=0.92,15,4,0.9863858767824516,real
Spiral,a=0.92,16,4,0.9865215869376958,real
Spiral,a=0.92,17,4,0.9863573410846856,real
Spiral,a=0.92,18,4,0.9863960532980688,real
Spiral,a=0.92,19,4,0.986594981986959,real
Spiral,a=0.92,20,4,0.9865653265795936,real
Spiral,a=0.92,21,4,0.9864686417959504,real
Spiral,a=0.92,22,4,0.9860885826190502,real
Spiral,a=0.92,23,4,0.9862831383575724,real
Spiral,a=0.92,24,4,0.9862915485707224,real
Spiral,a=0.92,25,4,0.9861953031097592,real
Spiral,a=0.92,26,4,0.9866496866723612,real
Spiral,a=0.92,27,4,0.9859580024009458,real
Spiral,a=0.92,0,5,0.8936820982218504,real
Spiral,a=0.92,1,5,0.9351237027447687,real
Spiral,a=0.92,2,5,0.9648879946021228,real
Spiral,a=0.92,3,5,0.9896085093298678,real
Spiral,a=0.92,4,5,0.9927583049425356,real
Spiral,a=0.92,5,5,0.9920806489845132,real
Spiral,a=0.92,6,5,0.992279765712324,real
Spiral,a=0.92,7,5,0.9906430075633808,real
Spiral,a=0.92,8,5,0.9872359239666892,real
Spiral,a=0.92,9,5,0.9860956031441884,real
Spiral,a=0.92,10,5,0.9859166232678648,real
Spiral,a=0.92,11,5,0.985959363239666,real
Spiral,a=0.92,12,5,0.987075747896945,real
Spiral,a=0.92,13,5,0.9862010988521032,real
Spiral,a=0.92,14,5,0.9862522856045902,real
Spiral,a=0.92,15,5,0.9870520571640238,real
Spiral,a=0.92,16,5,0.9867693767107284,real
Spiral,a=0.92,17,5,0.9867387291666636,real
Spiral,a=0.92,18,5,0.9861773006068024,real
Spiral,a=0.92,19,5,0.9864469449125854,real
Spiral,a=0.92,20,5,0.986556469619773,real
Spiral,a=0.92,21,5,0.9867101167559248,real
Spiral,a=0.92,22,5,0.9863439871484176,real
Spiral,a=0.92,23,5,0.9864769430384384,real
Spiral,a=0.92,24,5,0.9863294794930844,real
Spiral,a=0.92,25,5,0.986376008461776,real
Spiral,a=0.92,26,5,0.9861202908100832,real
Spiral,a=0.92,27,5,0.9851412581045657,real
Spiral,a=0.92,0,6,0.8831125856735278,real
Spiral,a=0.92,1,6,0.9360784274900597,real
Spiral,a=0.92,2,6,0.9673528867872284,real
Spiral,a=0.92,3,6,0.9906868677500776,real
Spiral,a=0.92,4,6,0.9934300265962466,real
Spiral,a=0.92,5,6,0.9922649308739968,real
Spiral,a=0.92,6,6,0.9916815392580992,real
Spiral,a=0.92,7,6,0.9902679422723232,real
Spiral,a=0.92,8,6,0.9880906767902652,real
Spiral,a=0.92,9,6,0.9873374260209846,real
Spiral,a=0.92,10,6,0.9867521589073074,real
Spiral,a=0.92,11,6,0.9874791658613682,real
Spiral,a=0.92,12,6,0.9875472735054612,real
Spiral,a=0.92,13,6,0.9873310377094358,real
Spiral,a=0.92,14,6,0.9874396137945156,real
Spiral,a=0.92,15,6,0.9877371339493098,real
Spiral,a=0.92,16,6,0.9875812626551708,real
Spiral,a=0.92,17,6,0.987734757514952,real
Spiral,a=0.92,18,6,0.986872727874449,real
Spiral,a=0.92,19,6,0.9867160114553608,real
Spiral,a=0.92,20,6,0.9866988754782772,real
Spiral,a=0.92,21,6,0.9864960454904608,real
Spiral,a=0.92,22,6,0.9867534216620952,real
Spiral,a=0.92,23,6,0.9870131413838488,real
Spiral,a=0.92,24,6,0.986848091002388,real
Spiral,a=0.92,25,6,0.9869071971340516,real
Spiral,a=0.92,26,6,0.986748947213272,real
Spiral,a=0.92,27,6,0.9844902044515754,real
Spiral,a=0.92,0,7,0.8872763232687976,real
Spiral,a=0.92,1,7,0.9332638391714349,real
Spiral,a=0.92,2,7,0.9632464922365972,real
Spiral,a=0.92,3,7,0.9886979611607608,real
Spiral,a=0.92,4,7,0.9921759534587816,real
Spiral,a=0.92,5,7,0.991092335605928,real
Spiral,a=0.92,6,7,0.9906927055767392,real
Spiral,a=0.92,7,7,0.9903649375664708,real
Spiral,a=0.92,8,7,0.986516623499728,real
Spiral,a=0.92,9,7,0.9856411052391908,real
Spiral,a=0.92,10,7,0.9840817298010244,real
Spiral,a=0.92,11,7,0.9867070875522996,real
Spiral,a=0.92,12,7,0.987031056219548,real
Spiral,a=0.92,13,7,0.9872858695857246,real
Spiral,a=0.92,14,7,0.9880632045595492,real
Spiral,a=0.92,15,7,0.9886611011128308,real
Spiral,a=0.92,16,7,0.9883350800745404,real
Spiral,a=0.92,17,7,0.9886128134450732,real
Spiral,a=0.92,18,7,0.9884105599836548,real
Spiral,a=0.92,19,7,0.9878524780886278,real
Spiral,a=0.92,20,7,0.9873319831694676,real
Spiral,a=0.92,21,7,0.9872661342180448,real
Spiral,a=0.92,22,7,0.987090085894609,real
Spiral,a=0.92,23,7,0.9864415143126952,real
Spiral,a=0.92,24,7,0.9862855207139132,real
Spiral,a=0.92,25,7,0.98636852002814,real
Spiral,a=0.92,26,7,0.986452886100884,real
Spiral,a=0.92,27,7,0.9864536777935222,real
Spiral,a=0.92,0,8,0.8855794364862822,real
Spiral,a=0.92,1,8,0.9287058555228116,real
Spiral,a=0.92,2,8,0.9638370794525756,real
Spiral,a=0.92,3,8,0.9876615428565868,real
Spiral,a=0.92,4,8,0.9919829013815448,real
Spiral,a=0.92,5,8,0.9924212703660272,real
Spiral,a=0.92,6,8,0.9918702600952708,real
Spiral,a=0.92,7,8,0.9908246818018714,real
Spiral,a=0.92,8,8,0.9880105011977156,real
Spiral,a=0.92,9,8,0.9859973156169226,real
Spiral,a=0.92,10,8,0.9859314957543026,real
Spiral,a=0.92,11,8,0.9866706189842954,real
Spiral,a=0.92,12,8,0.9864425207888384,real
Spiral,a=0.92,13,8,0.9856502503378748,real
Spiral,a=0.92,14,8,0.9855011439286564,real
Spiral,a=0.92,15,8,0.9854302084720876,real
Spiral,a=0.92,16,8,0.9854876048515522,real
Spiral,a=0.92,17,8,0.984982262511094,real
Spiral,a=0.92,18,8,0.984882628280154,real
Spiral,a=0.92,19,8,0.9850851192739024,real
Spiral,a=0.92,20,8,0.9849847951685782,real
Spiral,a=0.92,21,8,0.9856517575380118,real
Spiral,a=0.92,22,8,0.9850278316373492,real
Spiral,a=0.92,23,8,0.9850484892826727,real
Spiral,a=0.92,24,8,0.9850424815291396,real
Spiral,a=0.92,25,8,0.985095935101108,real
Spiral,a=0.92,26,8,0.9851971221340512,real
Spiral,a=0.92,27,8,0.983822373201556,real
Spiral,a=0.92,0,9,0.8936209687763871,real
Spiral,a=0.92,1,9,0.936770771568809,real
Spiral,a=0.92,2,9,0.966924672481664,real
Spiral,a=0.92,3,9,0.9909078439140742,real
Spiral,a=0.92,4,9,0.9931219068848296,real
Spiral,a=0.92,5,9,0.9930072935408396,real
Spiral,a=0.92,6,9,0.9927757097575632,real
Spiral,a=0.92,7,9,0.990774148716728,real
Spiral,a=0.92,8,9,0.986749114829418,real
Spiral,a=0.92,9,9,0.9848298463896812,real
Spiral,a=0.92,10,9,0.9848723260916288,real
Spiral,a=0.92,11,9,0.987310700802946,real
Spiral,a=0.92,12,9,0.986724318319634,real
Spiral,a=0.92,13,9,0.9868099955812704,real
Spiral,a=0.92,14,9,0.9875083771454412,real
Spiral,a=0.92,15,9,0.9874805255923872,real
Spiral,a=0.92,16,9,0.987180166834298,real
Spiral,a=0.92,17,9,0.9866098979897824,real
Spiral,a=0.92,18,9,0.9868137452542192,real
Spiral,a=0.92,19,9,0.9868998749100256,real
Spiral,a=0.92,20,9,0.9864368179532944,real
Spiral,a=0.92,21,9,0.9864693306042264,real
Spiral,a=0.92,22,9,0.9869116083998904,real
Spiral,a=0.92,23,9,0.9861543691375024,real
Spiral,a=0.92,24,9,0.9863346731014327,real
Spiral,a=0.92,25,9,0.9866119796666232,real
Spiral,a=0.92,26,9,0.9864557112169048,real
Spiral,a=0.92,27,9,0.9855708226900138,real
Spiral,a=0.93,0,0,0.8612251545866774,real
Spiral,a=0.93,1,0,0.9155454655334828,real
Spiral,a=0.93,2,0,0.953279066011268,real
Spiral,a=0.93,3,0,0.9849221751794982,real
Spiral,a=0.93,4,0,0.989628644276785,real
Spiral,a=0.93,5,0,0.9894396177610144,real
Spiral,a=0.93,6,0,0.9879879592660382,real
Spiral,a=0.93,7,0,0.9872185703492464,real
Spiral,a=0.93,8,0,0.9831289218060516,real
Spiral,a=0.93,9,0,0.982144987657615,real
Spiral,a=0.93,10,0,0.981213100203048,real
Spiral,a=0.93,11,0,0.9827848189688524,real
Spiral,a=0.93,12,0,0.9832692291536376,real
Spiral,a=0.93,13,0,0.9824139020388512,real
Spiral,a=0.93,14,0,0.9839328614438678,real
Spiral,a=0.93,15,0,0.9847440053057968,real
Spiral,a=0.93,16,0,0.9845331690862464,real
Spiral,a=0.93,17,0,0.983602018403508,real
Spiral,a=0.93,18,0,0.9834138135507728,real
Spiral,a=0.93,19,0,0.9838547405731438,real
Spiral,a=0.93,20,0,0.9834168612498884,real
Spiral,a=0.93,21,0,0.9835552129556072,real
Spiral,a=0.93,22,0,0.98360216512905,real
Spiral,a=0.93,23,0,0.9831460100914976,real
Spiral,a=0.93,24,0,0.983542109316666,real
Spiral,a=0.93,25,0,0.983905115643874,real
Spiral,a=0.93,26,0,0.9837274352046592,real
Spiral,a=0.93,27,0,0.9820641984781056,real
Spiral,a=0.93,0,1,0.8646873040390723,real
Spiral,a=0.93,1,1,0.9166008629149036,real
Spiral,a=0.93,2,1,0.955951300867156,real
Spiral,a=0.93,3,1,0.9842667307539196,real
Spiral,a=0.93,4,1,0.9883948496167,real
Spiral,a=0.93,5,1,0.9890714024274284,real
Spiral,a=0.93,6,1,0.9889046439289088,real
Spiral,a=0.93,7,1,0.9867916541749564,real
Spiral,a=0.93,8,1,0.9830949306666732,real
Spiral,a=0.93,9,1,0.9833059918800326,real
Spiral,a=0.93,10,1,0.9832409771953824,real
Spiral,a=0.93,11,1,0.9850208833835268,real
Spiral,a=0.93,12,1,0.9851658098675888,real
Spiral,a=0.93,13,1,0.9840889082980876,real
Spiral,a=0.93,14,1,0.9847660727052884,real
Spiral,a=0.93,15,1,0.9858380742096948,real
Spiral,a=0.93,16,1,0.985104576245288,real
Spiral,a=0.93,17,1,0.9843878206040804,real
Spiral,a=0.93,18,1,0.9840586993915692,real
Spiral,a=0.93,19,1,0.9840582263680624,real
Spiral,a=0.93,20,1,0.983794218820891,real
Spiral,a=0.93,21,1,0.9837571364868946,real
Spiral,a=0.93,22,1,0.98327932752411,real
Spiral,a=0.93,23,1,0.9838567068931968,real
Spiral,a=0.93,24,1,0.9832808549524386,real
Spiral,a=0.93,25,1,0.9830852753608617,real
Spiral,a=0.93,26,1,0.9830906703294052,real
Spiral,a=0.93,27,1,0.9811802159047656,real
Spiral,a=0.93,0,2,0.8739287901464882,real
Spiral,a=0.93,1,2,0.917771293968153,real
Spiral,a=0.93,2,2,0.954101708685974,real
Spiral,a=0.93,3,2,0.9861654694224862,real
Spiral,a=0.93,4,2,0.9896553623116596,real
Spiral,a=0.93,5,2,0.9889517955893622,real
Spiral,a=0.93,6,2,0.98828673389415,real
Spiral,a=0.93,7,2,0.9871347290242308,real
Spiral,a=0.93,8,2,0.9838343689383257,real
Spiral,a=0.93,9,2,0.9826098947400363,real
Spiral,a=0.93,10,2,0.9812540774365917,real
Spiral,a=0.93,11,2,0.9837753773935052,real
Spiral,a=0.93,12,2,0.9830748214366236,real
Spiral,a=0.93,13,2,0.98319487417147,real
Spiral,a=0.93,14,2,0.984441938327006,real
Spiral,a=0.93,15,2,0.9847028334391156,real
Spiral,a=0.93,16,2,0.9854956314654036,real
Spiral,a=0.93,17,2,0.9852004392293018,real
Spiral,a=0.93,18,2,0.9850606106812092,real
Spiral,a=0.93,19,2,0.985002191591446,real
Spiral,a=0.93,20,2,0.984474625613164,real
Spiral,a=0.93,21,2,0.984370315904418,real
Spiral,a=0.93,22,2,0.9844535953143282,real
Spiral,a=0.93,23,2,0.9850928985801182,real
Spiral,a=0.93,24,2,0.9848764665335932,real
Spiral,a=0.93,25,2,0.9844787946016016,real
Spiral,a=0.93,26,2,0.9847001442316388,real
Spiral,a=0.93,27,2,0.9836217085411294,real
Spiral,a=0.93,0,3,0.8763498714749299,real
Spiral,a=0.93,1,3,0.9248626470173262,real
Spiral,a=0.93,2,3,0.9559537454015752,real
Spiral,a=0.93,3,3,0.9864843296933242,real
Spiral,a=0.93,4,3,0.9907867395643244,real
Spiral,a=0.93,5,3,0.9894585012165856,real
Spiral,a=0.93,6,3,0.989954334761188,real
Spiral,a=0.93,7,3,0.9876506422654908,real
Spiral,a=0.93,8,3,0.9854137730640968,real
Spiral,a=0.93,9,3,0.9835717041281822,real
Spiral,a=0.93,10,3,0.9832887582644564,real
Spiral,a=0.93,11,3,0.9858033456362166,real
Spiral,a=0.93,12,3,0.9859932973190378,real
Spiral,a=0.93,13,3,0.98499977115671,real
Spiral,a=0.93,14,3,0.9860883136852032,real
Spiral,a=0.93,15,3,0.9862228011624704,real
Spiral,a=0.93,16,3,0.9864185752394268,real
Spiral,a=0.93,17,3,0.9858525285047884,real
Spiral,a=0.93,18,3,0.985123099129645,real
Spiral,a=0.93,19,3,0.9852846024346494,real
Spiral,a=0.93,20,3,0.9850096531181496,real
Spiral,a=0.93,21,3,0.9846755062530668,real
Spiral,a=0.93,22,3,0.984918443039572,real
Spiral,a=0.93,23,3,0.9852799704551845,real
Spiral,a=0.93,24,3,0.9849820750094408,real
Spiral,a=0.93,25,3,0.9856080831842888,real
Spiral,a=0.93,26,3,0.9857237469129864,real
Spiral,a=0.93,27,3,0.984762104614557,real
Spiral,a=0.93,0,4,0.8684967606325213,real
Spiral,a=0.93,1,4,0.9236353867448638,real
Spiral,a=0.93,2,4,0.9588103894142248,real
Spiral,a=0.93,3,4,0.9874267431254184,real
Spiral,a=0.93,4,4,0.9909870056636032,real
Spiral,a=0.93,5,4,0.9914476352715066,real
Spiral,a=0.93,6,4,0.9902672649074056,real
Spiral,a=0.93,7,4,0.9883063230737628,real
Spiral,a=0.93,8,4,0.9860719721224286,real
Spiral,a=0.93,9,4,0.9836009137353608,real
Spiral,a=0.93,10,4,0.9835056193715542,real
Spiral,a=0.93,11,4,0.986179564469305,real
Spiral,a=0.93,12,4,0.986028109756971,real
Spiral,a=0.93,13,4,0.9851940462828168,real
Spiral,a=0.93,14,4,0.9855168640149276,real
Spiral,a=0.93,15,4,0.985200378894663,real
Spiral,a=0.93,16,4,0.9839906465746237,real
Spiral,a=0.93,17,4,0.9837729725794754,real
Spiral,a=0.93,18,4,0.9835800725756992,real
Spiral,a=0.93,19,4,0.9835215673805364,real
Spiral,a=0.93,20,4,0.9841951873940392,real
Spiral,a=0.93,21,4,0.9843648535790274,real
Spiral,a=0.93,22,4,0.9841198338908608,real
Spiral,a=0.93,23,4,0.9839159410832918,real
Spiral,a=0.93,24,4,0.9842797931228792,real
Spiral,a=0.93,25,4,0.9845080285921138,real
Spiral,a=0.93,26,4,0.9851444555740168,real
Spiral,a=0.93,27,4,0.9834541833040572,real
Spiral,a=0.93,0,5,0.8916244176116402,real
Spiral,a=0.93,1,5,0.9319367896357812,real
Spiral,a=0.93,2,5,0.9615239637113572,real
Spiral,a=0.93,3,5,0.988701182080564,real
Spiral,a=0.93,4,5,0.991850549933242,real
Spiral,a=0.93,5,5,0.9921915920457683,real
Spiral,a=0.93,6,5,0.9914919975571932,real
Spiral,a=0.93,7,5,0.990399292693375,real
Spiral,a=0.93,8,5,0.987439964866895,real
Spiral,a=0.93,9,5,0.9860743450024272,real
Spiral,a=0.93,10,5,0.9849080441995464,real
Spiral,a=0.93,11,5,0.9866286615550904,real
Spiral,a=0.93,12,5,0.9864599135222576,real
Spiral,a=0.93,13,5,0.9859820849352444,real
Spiral,a=0.93,14,5,0.9862623002162502,real
Spiral,a=0.93,15,5,0.987014682782648,real
Spiral,a=0.93,16,5,0.9869160180304394,real
Spiral,a=0.93,17,5,0.9868935947587624,real
Spiral,a=0.93,18,5,0.98623799148072,real
Spiral,a=0.93,19,5,0.9861897854728656,real
Spiral,a=0.93,20,5,0.9863086659328232,real
Spiral,a=0.93,21,5,0.9867405049140217,real
Spiral,a=0.93,22,5,0.986848265065296,real
Spiral,a=0.93,23,5,0.9865388290226182,real
Spiral,a=0.93,24,5,0.9863313651499912,real
Spiral,a=0.93,25,5,0.9864167589863092,real
Spiral,a=0.93,26,5,0.9864147929974376,real
Spiral,a=0.93,27,5,0.9861070430700908,real
Spiral,a=0.93,0,6,0.8667702288645285,real
Spiral,a=0.93,1,6,0.925448594338964,real
Spiral,a=0.93,2,6,0.9610959765795016,real
Spiral,a=0.93,3,6,0.9875153370058476,real
Spiral,a=0.93,4,6,0.9912272775653173,real
Spiral,a=0.93,5,6,0.9900681033071298,real
Spiral,a=0.93,6,6,0.9892217891719524,real
Spiral,a=0.93,7,6,0.9877592580925468,real
Spiral,a=0.93,8,6,0.9866431915330568,real
Spiral,a=0.93,9,6,0.9846484364574436,real
Spiral,a=0.93,10,6,0.9834587884786684,real
Spiral,a=0.93,11,6,0.9861312222006368,real
Spiral,a=0.93,12,6,0.9859275888982958,real
Spiral,a=0.93,13,6,0.985585462014124,real
Spiral,a=0.93,14,6,0.9854095216138926,real
Spiral,a=0.93,15,6,0.9851016096235454,real
Spiral,a=0.93,16,6,0.984899655438346,real
Spiral,a=0.93,17,6,0.9847648057913264,real
Spiral,a=0.93,18,6,0.9838422256543532,real
Spiral,a=0.93,19,6,0.9838705641394118,real
Spiral,a=0.93,20,6,0.9840562554485596,real
Spiral,a=0.93,21,6,0.9838828071589036,real
Spiral,a=0.93,22,6,0.9840958735909772,real
Spiral,a=0.93,23,6,0.9843593205545014,real
Spiral,a=0.93,24,6,0.9845592086737734,real
Spiral,a=0.93,25,6,0.98436313590963,real
Spiral,a=0.93,26,6,0.9844431821805248,real
Spiral,a=0.93,27,6,0.9832176201416234,real
Spiral,a=0.93,0,7,0.8809123244237484,real
Spiral,a=0.93,1,7,0.9215779654353342,real
Spiral,a=0.93,2,7,0.9579877318083864,real
Spiral,a=0.93,3,7,0.9869742117534605,real
Spiral,a=0.93,4,7,0.991193821508936,real
Spiral,a=0.93,5,7,0.9909440408132782,real
Spiral,a=0.93,6,7,0.9905756055019368,real
Spiral,a=0.93,7,7,0.9886523342040484,real
Spiral,a=0.93,8,7,0.9854495929169804,real
Spiral,a=0.93,9,7,0.9837488634401031,real
Spiral,a=0.93,10,7,0.9821700106897444,real
Spiral,a=0.93,11,7,0.9851475627998724,real
Spiral,a=0.93,12,7,0.9852900251775843,real
Spiral,a=0.93,13,7,0.985712992537702,real
Spiral,a=0.93,14,7,0.984718156340678,real
Spiral,a=0.93,15,7,0.9858322577664408,real
Spiral,a=0.93,16,7,0.985976191352788,real
Spiral,a=0.93,17,7,0.985450145132478,real
Spiral,a=0.93,18,7,0.9852143235020424,real
Spiral,a=0.93,19,7,0.9850076135661598,real
Spiral,a=0.93,20,7,0.985151223404646,real
Spiral,a=0.93,21,7,0.9855649680487908,real
Spiral,a=0.93,22,7,0.985117648907296,real
Spiral,a=0.93,23,7,0.9856027215572996,real
Spiral,a=0.93,24,7,0.985670431988164,real
Spiral,a=0.93,25,7,0.9858405328027562,real
Spiral,a=0.93,26,7,0.9854597797049072,real
Spiral,a=0.93,27,7,0.9839089936401824,real
Spiral,a=0.93,0,8,0.8746427861931614,real
Spiral,a=0.93,1,8,0.920514938861463,real
Spiral,a=0.93,2,8,0.956076693924485,real
Spiral,a=0.93,3,8,0.986143060760026,real
Spiral,a=0.93,4,8,0.9892478587545994,real
Spiral,a=0.93,5,8,0.9889627466121372,real
Spiral,a=0.93,6,8,0.9887248112285328,real
Spiral,a=0.93,7,8,0.9868200765269588,real
Spiral,a=0.93,8,8,0.9844115585597296,real
Spiral,a=0.93,9,8,0.9827562013417434,real
Spiral,a=0.93,10,8,0.98197118164161,real
Spiral,a=0.93,11,8,0.9842507270179508,real
Spiral,a=0.93,12,8,0.9839201980210984,real
Spiral,a=0.93,13,8,0.983138223597837,real
Spiral,a=0.93,14,8,0.9835134064972963,real
Spiral,a=0.93,15,8,0.9835104374067654,real
Spiral,a=0.93,16,8,0.9843081976398012,real
Spiral,a=0.93,17,8,0.9837709217704376,real
Spiral,a=0.93,18,8,0.983729956375092,real
Spiral,a=0.93,19,8,0.9840429124482944,real
Spiral,a=0.93,20,8,0.9837550151508946,real
Spiral,a=0.93,21,8,0.983560958745976,real
Spiral,a=0.93,22,8,0.9830783073944528,real
Spiral,a=0.93,23,8,0.983420203393324,real
Spiral,a=0.93,24,8,0.9828394490677508,real
Spiral,a=0.93,25,8,0.9828520709676372,real
Spiral,a=0.93,26,8,0.9823223723740352,real
Spiral,a=0.93,27,8,0.9818449332565864,real
Spiral,a=0.93,0,9,0.8909630843161269,real
Spiral,a=0.93,1,9,0.9320703421036666,real
Spiral,a=0.93,2,9,0.9629981843191604,real
Spiral,a=0.93,3,9,0.988606851168928,real
Spiral,a=0.93,4,9,0.9916376420188708,real
Spiral,a=0.93,5,9,0.9918254219522668,real
Spiral,a=0.93,6,9,0.9903232221507984,real
Spiral,a=0.93,7,9,0.9888878831541914,real
Spiral,a=0.93,8,9,0.9849560673554192,real
Spiral,a=0.93,9,9,0.9837400555780924,real
Spiral,a=0.93,10,9,0.982879679435913,real
Spiral,a=0.93,11,9,0.9867091577291712,real
Spiral,a=0.93,12,9,0.986491626010429,real
Spiral,a=0.93,13,9,0.9863224171560068,real
Spiral,a=0.93,14,9,0.986738993364794,real
Spiral,a=0.93,15,9,0.9869924632117604,real
Spiral,a=0.93,16,9,0.987033355033584,real
Spiral,a=0.93,17,9,0.9866442264848716,real
Spiral,a=0.93,18,9,0.9862025192937176,real
Spiral,a=0.93,19,9,0.9860442270424008,real
Spiral,a=0.93,20,9,0.9856912223979752,real
Spiral,a=0.93,21,9,0.9855051932784428,real
Spiral,a=0.93,22,9,0.9853129662677907,real
Spiral,a=0.93,23,9,0.9851942192128936,real
Spiral,a=0.93,24,9,0.985661979237362,real
Spiral,a=0.93,25,9,0.9859183230902236,real
Spiral,a=0.93,26,9,0.9856496627865216,real
Spiral,a=0.93,27,9,0.9841902743254894,real
Spiral,a=0.94,0,0,0.8491452916858471,real
Spiral,a=0.94,1,0,0.9071639529904376,real
Spiral,a=0.94,2,0,0.9435588409789084,real
Spiral,a=0.94,3,0,0.9821297020997488,real
Spiral,a=0.94,4,0,0.9870404968127848,real
Spiral,a=0.94,5,0,0.9865388294031076,real
Spiral,a=0.94,6,0,0.985827610995756,real
Spiral,a=0.94,7,0,0.9844071211592847,real
Spiral,a=0.94,8,0,0.9810233147975695,real
Spiral,a=0.94,9,0,0.9794416139689868,real
Spiral,a=0.94,10,0,0.9791874676140676,real
Spiral,a=0.94,11,0,0.9806897365086272,real
Spiral,a=0.94,12,0,0.981784933662908,real
Spiral,a=0.94,13,0,0.980661361988436,real
Spiral,a=0.94,14,0,0.9828440997752368,real
Spiral,a=0.94,15,0,0.9826812264857586,real
Spiral,a=0.94,16,0,0.9823125627731264,real
Spiral,a=0.94,17,0,0.981813491334426,real
Spiral,a=0.94,18,0,0.9808196266331206,real
Spiral,a=0.94,19,0,0.9802749883388346,real
Spiral,a=0.94,20,0,0.9806188410190424,real
Spiral,a=0.94,21,0,0.9808347505529896,real
Spiral,a=0.94,22,0,0.9809268716887036,real
Spiral,a=0.94,23,0,0.9805588928027708,real
Spiral,a=0.94,24,0,0.9807482195142864,real
Spiral,a=0.94,25,0,0.9812141744060576,real
Spiral,a=0.94,26,0,0.9814148286289668,real
Spiral,a=0.94,27,0,0.9802635035561936,real
Spiral,a=0.94,0,1,0.8597786103856443,real
Spiral,a=0.94,1,1,0.9088932385281764,real
Spiral,a=0.94,2,1,0.950859223902334,real
Spiral,a=0.94,3,1,0.9837000259562634,real
Spiral,a=0.94,4,1,0.9875548294614191,real
Spiral,a=0.94,5,1,0.9869623409093116,real
Spiral,a=0.94,6,1,0.9857913962414996,real
Spiral,a=0.94,7,1,0.9838512771254334,real
Spiral,a=0.94,8,1,0.978872882809358,real
Spiral,a=0.94,9,1,0.9788773643532146,real
Spiral,a=0.94,10,1,0.9782491732094462,real
Spiral,a=0.94,11,1,0.981693878011912,real
Spiral,a=0.94,12,1,0.9836060314706364,real
Spiral,a=0.94,13,1,0.9826759651051497,real
Spiral,a=0.94,14,1,0.9833115244012238,real
Spiral,a=0.94,15,1,0.9830688808124088,real
Spiral,a=0.94,16,1,0.9830670986780096,real
Spiral,a=0.94,17,1,0.982492841435685,real
Spiral,a=0.94,18,1,0.9820762263361006,real
Spiral,a=0.94,19,1,0.9822125315377884,real
Spiral,a=0.94,20,1,0.9817895310806036,real
Spiral,a=0.94,21,1,0.98150959558069,real
Spiral,a=0.94,22,1,0.982019154979559,real
Spiral,a=0.94,23,1,0.981893765351066,real
Spiral,a=0.94,24,1,0.98190646867463,real
Spiral,a=0.94,25,1,0.9816630444660204,real
Spiral,a=0.94,26,1,0.9818360088462156,real
Spiral,a=0.94,27,1,0.9801551322535416,real
Spiral,a=0.94,0,2,0.8660348623152777,real
Spiral,a=0.94,1,2,0.9145272476916068,real
Spiral,a=0.94,2,2,0.951447561840443,real
Spiral,a=0.94,3,2,0.982768049914302,real
Spiral,a=0.94,4,2,0.9869865980010244,real
Spiral,a=0.94,5,2,0.9869465032285653,real
Spiral,a=0.94,6,2,0.9862306659992898,real
Spiral,a=0.94,7,2,0.9843477498924332,real
Spiral,a=0.94,8,2,0.9813544650489942,real
Spiral,a=0.94,9,2,0.9805277853141676,real
Spiral,a=0.94,10,2,0.9793049860112164,real
Spiral,a=0.94,11,2,0.9820577690162984,real
Spiral,a=0.94,12,2,0.980322108859266,real
Spiral,a=0.94,13,2,0.9810246413752252,real
Spiral,a=0.94,14,2,0.9825009471164609,real
Spiral,a=0.94,15,2,0.9821898339601884,real
Spiral,a=0.94,16,2,0.9813758135537723,real
Spiral,a=0.94,17,2,0.9806326142624058,real
Spiral,a=0.94,18,2,0.980786400265626,real
Spiral,a=0.94,19,2,0.9815707517822708,real
Spiral,a=0.94,20,2,0.981087746095237,real
Spiral,a=0.94,21,2,0.9811186342544508,real
Spiral,a=0.94,22,2,0.980855554293135,real
Spiral,a=0.94,23,2,0.9810160048833396,real
Spiral,a=0.94,24,2,0.980931028576906,real
Spiral,a=0.94,25,2,0.9805773237800413,real
Spiral,a=0.94,26,2,0.9799790331566628,real
Spiral,a=0.94,27,2,0.9806420786532956,real
Spiral,a=0.94,0,3,0.8604036195642661,real
Spiral,a=0.94,1,3,0.9135936910893486,real
Spiral,a=0.94,2,3,0.9488198264614652,real
Spiral,a=0.94,3,3,0.982529641258988,real
Spiral,a=0.94,4,3,0.988854660142656,real
Spiral,a=0.94,5,3,0.9878449858332896,real
Spiral,a=0.94,6,3,0.9870110060346796,real
Spiral,a=0.94,7,3,0.984172705882132,real
Spiral,a=0.94,8,3,0.9815243366755968,real
Spiral,a=0.94,9,3,0.978108545342271,real
Spiral,a=0.94,10,3,0.9774727282175906,real
Spiral,a=0.94,11,3,0.982703625637892,real
Spiral,a=0.94,12,3,0.9831271371332628,real
Spiral,a=0.94,13,3,0.9841579488922716,real
Spiral,a=0.94,14,3,0.984473032896001,real
Spiral,a=0.94,15,3,0.9846783550286806,real
Spiral,a=0.94,16,3,0.9847681763590904,real
Spiral,a=0.94,17,3,0.98399450207823,real
Spiral,a=0.94,18,3,0.983499608616255,real
Spiral,a=0.94,19,3,0.9832481165894504,real
Spiral,a=0.94,20,3,0.9829710715635596,real
Spiral,a=0.94,21,3,0.9830516457179852,real
Spiral,a=0.94,22,3,0.9830908926024586,real
Spiral,a=0.94,23,3,0.9832549277898384,real
Spiral,a=0.94,24,3,0.9834503318909524,real
Spiral,a=0.94,25,3,0.9837047566197537,real
Spiral,a=0.94,26,3,0.9833714587036848,real
Spiral,a=0.94,27,3,0.9825654678797572,real
Spiral,a=0.94,0,4,0.8556065660390526,real
Spiral,a=0.94,1,4,0.9157270287556468,real
Spiral,a=0.94,2,4,0.9514483014743312,real
Spiral,a=0.94,3,4,0.9829806141766656,real
Spiral,a=0.94,4,4,0.9880305884355388,real
Spiral,a=0.94,5,4,0.987379687010984,real
Spiral,a=0.94,6,4,0.986798272423398,real
Spiral,a=0.94,7,4,0.985839429919868,real
Spiral,a=0.94,8,4,0.982939970390064,real
Spiral,a=0.94,9,4,0.9793032499659672,real
Spiral,a=0.94,10,4,0.980515238521484,real
Spiral,a=0.94,11,4,0.98301220272715,real
Spiral,a=0.94,12,4,0.983614740326612,real
Spiral,a=0.94,13,4,0.9837614266212772,real
Spiral,a=0.94,14,4,0.984114975825802,real
Spiral,a=0.94,15,4,0.984207260235002,real
Spiral,a=0.94,16,4,0.983656698911986,real
Spiral,a=0.94,17,4,0.9829029409092566,real
Spiral,a=0.94,18,4,0.9829604118948188,real
Spiral,a=0.94,19,4,0.9828860450959734,real
Spiral,a=0.94,20,4,0.9823377443367148,real
Spiral,a=0.94,21,4,0.9816680333156138,real
Spiral,a=0.94,22,4,0.9817999341510202,real
Spiral,a=0.94,23,4,0.9819241093846116,real
Spiral,a=0.94,24,4,0.981998249941637,real
Spiral,a=0.94,25,4,0.981994607819226,real
Spiral,a=0.94,26,4,0.9816991471291648,real
Spiral,a=0.94,27,4,0.9797138306535028,real
Spiral,a=0.94,0,5,0.861778799342575,real
Spiral,a=0.94,1,5,0.907653691854818,real
Spiral,a=0.94,2,5,0.9471405645399807,real
Spiral,a=0.94,3,5,0.9822568376435048,real
Spiral,a=0.94,4,5,0.9874233386281552,real
Spiral,a=0.94,5,5,0.9868425307604408,real
Spiral,a=0.94,6,5,0.9869692126281326,real
Spiral,a=0.94,7,5,0.9855887681726008,real
Spiral,a=0.94,8,5,0.9825490284912484,real
Spiral,a=0.94,9,5,0.9794660986033614,real
Spiral,a=0.94,10,5,0.9813976842835256,real
Spiral,a=0.94,11,5,0.9842848023405482,real
Spiral,a=0.94,12,5,0.9838851182034868,real
Spiral,a=0.94,13,5,0.9846267686058564,real
Spiral,a=0.94,14,5,0.985849418791598,real
Spiral,a=0.94,15,5,0.9864876586986068,real
Spiral,a=0.94,16,5,0.9861467666101188,real
Spiral,a=0.94,17,5,0.9854442909292608,real
Spiral,a=0.94,18,5,0.9854697383164378,real
Spiral,a=0.94,19,5,0.985513438411197,real
Spiral,a=0.94,20,5,0.9855100019674125,real
Spiral,a=0.94,21,5,0.985313194333144,real
Spiral,a=0.94,22,5,0.9853768418453528,real
Spiral,a=0.94,23,5,0.98538482763543,real
Spiral,a=0.94,24,5,0.985177658113517,real
Spiral,a=0.94,25,5,0.9848989382729352,real
Spiral,a=0.94,26,5,0.9844619115082182,real
Spiral,a=0.94,27,5,0.9838034235986582,real
Spiral,a=0.94,0,6,0.8620330257353535,real
Spiral,a=0.94,1,6,0.9223505580171398,real
Spiral,a=0.94,2,6,0.9532100069237864,real
Spiral,a=0.94,3,6,0.9834974703578584,real
Spiral,a=0.94,4,6,0.9879408475042816,real
Spiral,a=0.94,5,6,0.9872883573968816,real
Spiral,a=0.94,6,6,0.984845476086568,real
Spiral,a=0.94,7,6,0.9837361628404052,real
Spiral,a=0.94,8,6,0.9802898085947362,real
Spiral,a=0.94,9,6,0.9803276042243186,real
Spiral,a=0.94,10,6,0.9798734929467936,real
Spiral,a=0.94,11,6,0.983467591190604,real
Spiral,a=0.94,12,6,0.983190254685422,real
Spiral,a=0.94,13,6,0.9820427047576594,real
Spiral,a=0.94,14,6,0.9836878138005508,real
Spiral,a=0.94,15,6,0.9833625515156248,real
Spiral,a=0.94,16,6,0.9833478329262144,real
Spiral,a=0.94,17,6,0.9825816010283378,real
Spiral,a=0.94,18,6,0.9822183483392652,real
Spiral,a=0.94,19,6,0.9824615056541258,real
Spiral,a=0.94,20,6,0.9822231352987424,real
Spiral,a=0.94,21,6,0.982019491000726,real
Spiral,a=0.94,22,6,0.9814992181749,real
Spiral,a=0.94,23,6,0.9817124569930272,real
Spiral,a=0.94,24,6,0.9818126797432116,real
Spiral,a=0.94,25,6,0.9818450778699718,real
Spiral,a=0.94,26,6,0.981864587164524,real
Spiral,a=0.94,27,6,0.9808945405408872,real
Spiral,a=0.94,0,7,0.8626798401799933,real
Spiral,a=0.94,1,7,0.9087813141200904,real
Spiral,a=0.94,2,7,0.9471425656275976,real
Spiral,a=0.94,3,7,0.9837872529705304,real
Spiral,a=0.94,4,7,0.9887897348083008,real
Spiral,a=0.94,5,7,0.9884634856173904,real
Spiral,a=0.94,6,7,0.9866914337247624,real
Spiral,a=0.94,7,7,0.9867855569828172,real
Spiral,a=0.94,8,7,0.9836117410597351,real
Spiral,a=0.94,9,7,0.9811810355021992,real
Spiral,a=0.94,10,7,0.9803209843516432,real
Spiral,a=0.94,11,7,0.9832728301752176,real
Spiral,a=0.94,12,7,0.9833233023452947,real
Spiral,a=0.94,13,7,0.9824279484972576,real
Spiral,a=0.94,14,7,0.9822352908228504,real
Spiral,a=0.94,15,7,0.9832534510108848,real
Spiral,a=0.94,16,7,0.9833166174929644,real
Spiral,a=0.94,17,7,0.9822835794791642,real
Spiral,a=0.94,18,7,0.981939223241342,real
Spiral,a=0.94,19,7,0.982403154679286,real
Spiral,a=0.94,20,7,0.98266927089889,real
Spiral,a=0.94,21,7,0.9823005026701956,real
Spiral,a=0.94,22,7,0.9825296104421108,real
Spiral,a=0.94,23,7,0.982534317084696,real
Spiral,a=0.94,24,7,0.982161133860246,real
Spiral,a=0.94,25,7,0.9822870197605156,real
Spiral,a=0.94,26,7,0.982617814420763,real
Spiral,a=0.94,27,7,0.9811323419940366,real
Spiral,a=0.94,0,8,0.8762224029076199,real
Spiral,a=0.94,1,8,0.9243431436611476,real
Spiral,a=0.94,2,8,0.9498336243399688,real
Spiral,a=0.94,3,8,0.9817067427508988,real
Spiral,a=0.94,4,8,0.9856111306084618,real
Spiral,a=0.94,5,8,0.9862136970781478,real
Spiral,a=0.94,6,8,0.9859614661362556,real
Spiral,a=0.94,7,8,0.9842863395743232,real
Spiral,a=0.94,8,8,0.9817817377200492,real
Spiral,a=0.94,9,8,0.9799041039933056,real
Spiral,a=0.94,10,8,0.9790804249670656,real
Spiral,a=0.94,11,8,0.9812769231184774,real
Spiral,a=0.94,12,8,0.9807741399450186,real
Spiral,a=0.94,13,8,0.9806062066681482,real
Spiral,a=0.94,14,8,0.9826896012398284,real
Spiral,a=0.94,15,8,0.9811635196343168,real
Spiral,a=0.94,16,8,0.9813808088809496,real
Spiral,a=0.94,17,8,0.9798243275290144,real
Spiral,a=0.94,18,8,0.979651105371523,real
Spiral,a=0.94,19,8,0.9792553352658396,real
Spiral,a=0.94,20,8,0.9786567750666384,real
Spiral,a=0.94,21,8,0.9790888901939656,real
Spiral,a=0.94,22,8,0.9790935868104944,real
Spiral,a=0.94,23,8,0.9785136848163948,real
Spiral,a=0.94,24,8,0.9782745119774058,real
Spiral,a=0.94,25,8,0.9786895683899192,real
Spiral,a=0.94,26,8,0.9793618484929,real
Spiral,a=0.94,27,8,0.978187943337966,real
Spiral,a=0.94,0,9,0.8756653691131998,real
Spiral,a=0.94,1,9,0.9151655481934334,real
Spiral,a=0.94,2,9,0.9543660732996716,real
Spiral,a=0.94,3,9,0.9843678527956956,real
Spiral,a=0.94,4,9,0.9879878897505964,real
Spiral,a=0.94,5,9,0.9884084175594836,real
Spiral,a=0.94,6,9,0.987653257791899,real
Spiral,a=0.94,7,9,0.9843889218142396,real
Spiral,a=0.94,8,9,0.9821915639583674,real
Spiral,a=0.94,9,9,0.9805122976551942,real
Spiral,a=0.94,10,9,0.979588179189244,real
Spiral,a=0.94,11,9,0.9819390238999576,real
Spiral,a=0.94,12,9,0.9825259518035124,real
Spiral,a=0.94,13,9,0.9819473182544136,real
Spiral,a=0.94,14,9,0.9827201817608572,real
Spiral,a=0.94,15,9,0.9826062247825196,real
Spiral,a=0.94,16,9,0.9822239723267298,real
Spiral,a=0.94,17,9,0.9820514886653784,real
Spiral,a=0.94,18,9,0.9809301925250536,real
Spiral,a=0.94,19,9,0.9805620142250436,real
Spiral,a=0.94,20,9,0.9813939477048128,real
Spiral,a=0.94,21,9,0.9815397807738429,real
Spiral,a=0.94,22,9,0.982036773940954,real
Spiral,a=0.94,23,9,0.981668278109782,real
Spiral,a=0.94,24,9,0.9822350638921152,real
Spiral,a=0.94,25,9,0.9818261791984064,real
Spiral,a=0.94,26,9,0.9815824621012426,real
Spiral,a=0.94,27,9,0.9804365472009448,real
Spiral,a=0.95,0,0,0.8418903043598329,real
Spiral,a=0.95,1,0,0.903274588177623,real
Spiral,a=0.95,2,0,0.9379248954431978,real
Spiral,a=0.95,3,0,0.9781469212998648,real
Spiral,a=0.95,4,0,0.9847182199724288,real
Spiral,a=0.95,5,0,0.9830409095471369,real
Spiral,a=0.95,6,0,0.9824625702036126,real
Spiral,a=0.95,7,0,0.98043795533919,real
Spiral,a=0.95,8,0,0.9753795313492956,real
Spiral,a=0.95,9,0,0.9759262087110152,real
Spiral,a=0.95,10,0,0.9736245207466648,real
Spiral,a=0.95,11,0,0.9793099753594192,real
Spiral,a=0.95,12,0,0.9801515158656836,real
Spiral,a=0.95,13,0,0.979876877503014,real
Spiral,a=0.95,14,0,0.9824002010729064,real
Spiral,a=0.95,15,0,0.982633856135829,real
Spiral,a=0.95,16,0,0.9828687017072898,real
Spiral,a=0.95,17,0,0.981882922513733,real
Spiral,a=0.95,18,0,0.9810380409587618,real
Spiral,a=0.95,19,0,0.9797172245894532,real
Spiral,a=0.95,20,0,0.980448219359672,real
Spiral,a=0.95,21,0,0.9800971614394736,real
Spiral,a=0.95,22,0,0.9799323583201264,real
Spiral,a=0.95,23,0,0.9798055578969084,real
Spiral,a=0.95,24,0,0.97940257508903,real
Spiral,a=0.95,25,0,0.9797420814372998,real
Spiral,a=0.95,26,0,0.9792752634576332,real
Spiral,a=0.95,27,0,0.977959424003203,real
Spiral,a=0.95,0,1,0.8507364318363333,real
Spiral,a=0.95,1,1,0.8995824676870745,real
Spiral,a=0.95,2,1,0.945377345619556,real
Spiral,a=0.95,3,1,0.9782927230483922,real
Spiral,a=0.95,4,1,0.9850129497773932,real
Spiral,a=0.95,5,1,0.9837988414774932,real
Spiral,a=0.95,6,1,0.9813293131047908,real
Spiral,a=0.95,7,1,0.9797712906311332,real
Spiral,a=0.95,8,1,0.9771666198728282,real
Spiral,a=0.95,9,1,0.9750141540981436,real
Spiral,a=0.95,10,1,0.9739807535405188,real
Spiral,a=0.95,11,1,0.9791874895714316,real
Spiral,a=0.95,12,1,0.9809850494348592,real
Spiral,a=0.95,13,1,0.9801668739217628,real
Spiral,a=0.95,14,1,0.9812657561488536,real
Spiral,a=0.95,15,1,0.9808478862656896,real
Spiral,a=0.95,16,1,0.9801726381240684,real
Spiral,a=0.95,17,1,0.9796578335721348,real
Spiral,a=0.95,18,1,0.978597783517127,real
Spiral,a=0.95,19,1,0.978411399360685,real
Spiral,a=0.95,20,1,0.978148644492836,real
Spiral,a=0.95,21,1,0.9774658681042384,real
Spiral,a=0.95,22,1,0.9777503116114517,real
Spiral,a=0.95,23,1,0.9768309610968552,real
Spiral,a=0.95,24,1,0.9773910908303652,real
Spiral,a=0.95,25,1,0.9780578765267052,real
Spiral,a=0.95,26,1,0.9783962385147936,real
Spiral,a=0.95,27,1,0.97754439542237,real
Spiral,a=0.95,0,2,0.8487118844658819,real
Spiral,a=0.95,1,2,0.9050303917937086,real
Spiral,a=0.95,2,2,0.941381887047646,real
Spiral,a=0.95,3,2,0.9751565166388564,real
Spiral,a=0.95,4,2,0.9817381348719942,real
Spiral,a=0.95,5,2,0.9802814623074256,real
Spiral,a=0.95,6,2,0.9792698088142174,real
Spiral,a=0.95,7,2,0.9776832345460112,real
Spiral,a=0.95,8,2,0.9748275681398124,real
Spiral,a=0.95,9,2,0.9724318911777928,real
Spiral,a=0.95,10,2,0.9712782145922756,real
Spiral,a=0.95,11,2,0.9775263009482884,real
Spiral,a=0.95,12,2,0.9771694383913412,real
Spiral,a=0.95,13,2,0.9768650830700388,real
Spiral,a=0.95,14,2,0.976476832384902,real
Spiral,a=0.95,15,2,0.976581764098309,real
Spiral,a=0.95,16,2,0.9770466433008176,real
Spiral,a=0.95,17,2,0.9767116112169598,real
Spiral,a=0.95,18,2,0.9761154744901748,real
Spiral,a=0.95,19,2,0.9752707700593558,real
Spiral,a=0.95,20,2,0.9746741103731816,real
Spiral,a=0.95,21,2,0.9764009997518532,real
Spiral,a=0.95,22,2,0.9756889385996516,real
Spiral,a=0.95,23,2,0.9758851258460745,real
Spiral,a=0.95,24,2,0.9760692621360668,real
Spiral,a=0.95,25,2,0.9766581866013762,real
Spiral,a=0.95,26,2,0.9766182444775208,real
Spiral,a=0.95,27,2,0.9745148331426404,real
Spiral,a=0.95,0,3,0.8544136148781997,real
Spiral,a=0.95,1,3,0.9138047087378792,real
Spiral,a=0.95,2,3,0.9438534904312972,real
Spiral,a=0.95,3,3,0.9787654419540224,real
Spiral,a=0.95,4,3,0.9852370523215392,real
Spiral,a=0.95,5,3,0.9820527485664476,real
Spiral,a=0.95,6,3,0.9817621864883084,real
Spiral,a=0.95,7,3,0.9792958558054964,real
Spiral,a=0.95,8,3,0.9769633793613606,real
Spiral,a=0.95,9,3,0.9738068114781586,real
Spiral,a=0.95,10,3,0.972475110802408,real
Spiral,a=0.95,11,3,0.9784301703557956,real
Spiral,a=0.95,12,3,0.9800676514262998,real
Spiral,a=0.95,13,3,0.978300101101874,real
Spiral,a=0.95,14,3,0.9785288069278688,real
Spiral,a=0.95,15,3,0.9790904411885346,real
Spiral,a=0.95,16,3,0.978796925254735,real
Spiral,a=0.95,17,3,0.9785537538636236,real
Spiral,a=0.95,18,3,0.9788501175167552,real
Spiral,a=0.95,19,3,0.9780911480630128,real
Spiral,a=0.95,20,3,0.9777467454748172,real
Spiral,a=0.95,21,3,0.9782636587853292,real
Spiral,a=0.95,22,3,0.9779250381777272,real
Spiral,a=0.95,23,3,0.977561353067976,real
Spiral,a=0.95,24,3,0.9776336792606924,real
Spiral,a=0.95,25,3,0.9780671302283472,real
Spiral,a=0.95,26,3,0.9777994576740602,real
Spiral,a=0.95,27,3,0.976506957226524,real
Spiral,a=0.95,0,4,0.8320116705963776,real
Spiral,a=0.95,1,4,0.8978975852182379,real
Spiral,a=0.95,2,4,0.9346029084975606,real
Spiral,a=0.95,3,4,0.9773612159608532,real
Spiral,a=0.95,4,4,0.9840839811546234,real
Spiral,a=0.95,5,4,0.981174652742102,real
Spiral,a=0.95,6,4,0.98034898882223,real
Spiral,a=0.95,7,4,0.978359958403332,real
Spiral,a=0.95,8,4,0.976155747402321,real
Spiral,a=0.95,9,4,0.9723417581097268,real
Spiral,a=0.95,10,4,0.9729683824235842,real
Spiral,a=0.95,11,4,0.9774967688858524,real
Spiral,a=0.95,12,4,0.9794972682588112,real
Spiral,a=0.95,13,4,0.9798154348707688,real
Spiral,a=0.95,14,4,0.9797556750351496,real
Spiral,a=0.95,15,4,0.979926703358424,real
Spiral,a=0.95,16,4,0.9793385619810148,real
Spiral,a=0.95,17,4,0.9786339049956256,real
Spiral,a=0.95,18,4,0.9787186077648152,real
Spiral,a=0.95,19,4,0.9782252342453508,real
Spiral,a=0.95,20,4,0.978676430994655,real
Spiral,a=0.95,21,4,0.9786088039534626,real
Spiral,a=0.95,22,4,0.9783638016583514,real
Spiral,a=0.95,23,4,0.9782585916834684,real
Spiral,a=0.95,24,4,0.977899075330912,real
Spiral,a=0.95,25,4,0.9780375715081728,real
Spiral,a=0.95,26,4,0.978328011780348,real
Spiral,a=0.95,27,4,0.9771174750595684,real
Spiral,a=0.95,0,5,0.8312152441011752,real
Spiral,a=0.95,1,5,0.89317542689686,real
Spiral,a=0.95,2,5,0.9324583727034294,real
Spiral,a=0.95,3,5,0.9762503511368416,real
Spiral,a=0.95,4,5,0.9826703156247958,real
Spiral,a=0.95,5,5,0.9805747164914425,real
Spiral,a=0.95,6,5,0.9801350174961144,real
Spiral,a=0.95,7,5,0.97957142333096,real
Spiral,a=0.95,8,5,0.9755942417012444,real
Spiral,a=0.95,9,5,0.974520284221935,real
Spiral,a=0.95,10,5,0.9742585765807588,real
Spiral,a=0.95,11,5,0.9759692189044236,real
Spiral,a=0.95,12,5,0.9773938797019848,real
Spiral,a=0.95,13,5,0.9778957387601116,real
Spiral,a=0.95,14,5,0.9787648230056468,real
Spiral,a=0.95,15,5,0.9790590877422356,real
Spiral,a=0.95,16,5,0.978236949114754,real
Spiral,a=0.95,17,5,0.9775754866072583,real
Spiral,a=0.95,18,5,0.9781879575402836,real
Spiral,a=0.95,19,5,0.978760366110638,real
Spiral,a=0.95,20,5,0.9785672374206512,real
Spiral,a=0.95,21,5,0.979091166762405,real
Spiral,a=0.95,22,5,0.9795416250210012,real
Spiral,a=0.95,23,5,0.978280215781026,real
Spiral,a=0.95,24,5,0.977950477518688,real
Spiral,a=0.95,25,5,0.9783812164586522,real
Spiral,a=0.95,26,5,0.9783656353182004,real
Spiral,a=0.95,27,5,0.9781346889915948,real
Spiral,a=0.95,0,6,0.8499077969934035,real
Spiral,a=0.95,1,6,0.9123079415105508,real
Spiral,a=0.95,2,6,0.9430220348654283,real
Spiral,a=0.95,3,6,0.9771475028130184,real
Spiral,a=0.95,4,6,0.9832773895990315,real
Spiral,a=0.95,5,6,0.9828415800763648,real
Spiral,a=0.95,6,6,0.9814361524842552,real
Spiral,a=0.95,7,6,0.9791374366071,real
Spiral,a=0.95,8,6,0.9765918483796482,real
Spiral,a=0.95,9,6,0.9741815499997334,real
Spiral,a=0.95,10,6,0.9748662549794423,real
Spiral,a=0.95,11,6,0.9792093185563217,real
Spiral,a=0.95,12,6,0.9790997058329468,real
Spiral,a=0.95,13,6,0.9792365205097028,real
Spiral,a=0.95,14,6,0.9794023319388228,real
Spiral,a=0.95,15,6,0.9781516886775348,real
Spiral,a=0.95,16,6,0.978676019952432,real
Spiral,a=0.95,17,6,0.9784072267239402,real
Spiral,a=0.95,18,6,0.9777907407703672,real
Spiral,a=0.95,19,6,0.9788067786407922,real
Spiral,a=0.95,20,6,0.9793483529844658,real
Spiral,a=0.95,21,6,0.9796435099268882,real
Spiral,a=0.95,22,6,0.978462848827598,real
Spiral,a=0.95,23,6,0.9784262629252192,real
Spiral,a=0.95,24,6,0.9783851575290234,real
Spiral,a=0.95,25,6,0.9788796454797064,real
Spiral,a=0.95,26,6,0.9793681940955946,real
Spiral,a=0.95,27,6,0.977627232416636,real
Spiral,a=0.95,0,7,0.8408934294183057,real
Spiral,a=0.95,1,7,0.8894504640181247,real
Spiral,a=0.95,2,7,0.9318250930004152,real
Spiral,a=0.95,3,7,0.9754516840901544,real
Spiral,a=0.95,4,7,0.9811490799032244,real
Spiral,a=0.95,5,7,0.981153352883816,real
Spiral,a=0.95,6,7,0.979308284105581,real
Spiral,a=0.95,7,7,0.9788341104950792,real
Spiral,a=0.95,8,7,0.9778400646478992,real
Spiral,a=0.95,9,7,0.9730290189598476,real
Spiral,a=0.95,10,7,0.9734795621747868,real
Spiral,a=0.95,11,7,0.9781081420489453,real
Spiral,a=0.95,12,7,0.9798776826259888,real
Spiral,a=0.95,13,7,0.979655127135628,real
Spiral,a=0.95,14,7,0.9790385632504612,real
Spiral,a=0.95,15,7,0.9780521868556248,real
Spiral,a=0.95,16,7,0.9784821215099114,real
Spiral,a=0.95,17,7,0.9776006646368608,real
Spiral,a=0.95,18,7,0.9777635026610808,real
Spiral,a=0.95,19,7,0.9773338631216651,real
Spiral,a=0.95,20,7,0.9776834311045955,real
Spiral,a=0.95,21,7,0.977735581613378,real
Spiral,a=0.95,22,7,0.9773836951231952,real
Spiral,a=0.95,23,7,0.9766012908176028,real
Spiral,a=0.95,24,7,0.9768827862259408,real
Spiral,a=0.95,25,7,0.9767165110854052,real
Spiral,a=0.95,26,7,0.9768210418331092,real
Spiral,a=0.95,27,7,0.977065425221016,real
Spiral,a=0.95,0,8,0.8597105078568944,real
Spiral,a=0.95,1,8,0.9075697760502512,real
Spiral,a=0.95,2,8,0.9437431399219874,real
Spiral,a=0.95,3,8,0.9786297702357856,real
Spiral,a=0.95,4,8,0.983976539067162,real
Spiral,a=0.95,5,8,0.98382591479664,real
Spiral,a=0.95,6,8,0.9831445518042204,real
Spiral,a=0.95,7,8,0.9804535730785812,real
Spiral,a=0.95,8,8,0.9781522294644274,real
Spiral,a=0.95,9,8,0.9751717049253784,real
Spiral,a=0.95,10,8,0.9750160901380708,real
Spiral,a=0.95,11,8,0.979641960336331,real
Spiral,a=0.95,12,8,0.9794716426924704,real
Spiral,a=0.95,13,8,0.9792844538159368,real
Spiral,a=0.95,14,8,0.9788446944741274,real
Spiral,a=0.95,15,8,0.9781050043889165,real
Spiral,a=0.95,16,8,0.9785955776655302,real
Spiral,a=0.95,17,8,0.977445496300254,real
Spiral,a=0.95,18,8,0.976833403255334,real
Spiral,a=0.95,19,8,0.9770855749584656,real
Spiral,a=0.95,20,8,0.9778402571311404,real
Spiral,a=0.95,21,8,0.9774445721304788,real
Spiral,a=0.95,22,8,0.9779939773704092,real
Spiral,a=0.95,23,8,0.9779143995070656,real
Spiral,a=0.95,24,8,0.9778365998148264,real
Spiral,a=0.95,25,8,0.9776540916870614,real
Spiral,a=0.95,26,8,0.9775263235042196,real
Spiral,a=0.95,27,8,0.9758870516941416,real
Spiral,a=0.95,0,9,0.854643867727842,real
Spiral,a=0.95,1,9,0.9073917255523336,real
Spiral,a=0.95,2,9,0.9454143981234698,real
Spiral,a=0.95,3,9,0.9788175769521296,real
Spiral,a=0.95,4,9,0.9851582167815924,real
Spiral,a=0.95,5,9,0.985033414571526,real
Spiral,a=0.95,6,9,0.9830526871286503,real
Spiral,a=0.95,7,9,0.9812848431075106,real
Spiral,a=0.95,8,9,0.97853729200292,real
Spiral,a=0.95,9,9,0.976464522972815,real
Spiral,a=0.95,10,9,0.9747660905533332,real
Spiral,a=0.95,11,9,0.9792400477521216,real
Spiral,a=0.95,12,9,0.9789530443391556,real
Spiral,a=0.95,13,9,0.9803082237166046,real
Spiral,a=0.95,14,9,0.979826519770468,real
Spiral,a=0.95,15,9,0.979416895001075,real
Spiral,a=0.95,16,9,0.9798962438985284,real
Spiral,a=0.95,17,9,0.9797406177046432,real
Spiral,a=0.95,18,9,0.979514505706329,real
Spiral,a=0.95,19,9,0.9784583560310616,real
Spiral,a=0.95,20,9,0.9789922553020052,real
Spiral,a=0.95,21,9,0.9793400032592916,real
Spiral,a=0.95,22,9,0.9785770153041344,real
Spiral,a=0.95,23,9,0.9780070781526132,real
Spiral,a=0.95,24,9,0.9780257597171872,real
Spiral,a=0.95,25,9,0.977976882637189,real
Spiral,a=0.95,26,9,0.9783020894142204,real
Spiral,a=0.95,27,9,0.9775107093746828,real
Spiral,a=0.96,0,0,0.8470099115016758,real
Spiral,a=0.96,1,0,0.9019386761797422,real
Spiral,a=0.96,2,0,0.9378719339352984,real
Spiral,a=0.96,3,0,0.9750991975868756,real
Spiral,a=0.96,4,0,0.978417858428692,real
Spiral,a=0.96,5,0,0.9759656195107246,real
Spiral,a=0.96,6,0,0.977803421555956,real
Spiral,a=0.96,7,0,0.9774678591140474,real
Spiral,a=0.96,8,0,0.9754823679584532,real
Spiral,a=0.96,9,0,0.9709654492244773,real
Spiral,a=0.96,10,0,0.9725985569082604,real
Spiral,a=0.96,11,0,0.976508164243144,real
Spiral,a=0.96,12,0,0.9794304168873994,real
Spiral,a=0.96,13,0,0.9793580847044964,real
Spiral,a=0.96,14,0,0.9802621207669132,real
Spiral,a=0.96,15,0,0.9804156912438065,real
Spiral,a=0.96,16,0,0.9792232971749512,real
Spiral,a=0.96,17,0,0.9776875602434384,real
Spiral,a=0.96,18,0,0.9778930162732836,real
Spiral,a=0.96,19,0,0.9783614686524538,real
Spiral,a=0.96,20,0,0.9782870546733938,real
Spiral,a=0.96,21,0,0.9774686982650264,real
Spiral,a=0.96,22,0,0.9782783473855352,real
Spiral,a=0.96,23,0,0.9780544534251208,real
Spiral,a=0.96,24,0,0.9785327022340994,real
Spiral,a=0.96,25,0,0.977396611687288,real
Spiral,a=0.96,26,0,0.9767354630513462,real
Spiral,a=0.96,27,0,0.9767834452365042,real
Spiral,a=0.96,0,1,0.8320279824218073,real
Spiral,a=0.96,1,1,0.8920305834790752,real
Spiral,a=0.96,2,1,0.9284653762119688,real
Spiral,a=0.96,3,1,0.968447757145476,real
Spiral,a=0.96,4,1,0.9757978913476448,real
Spiral,a=0.96,5,1,0.9753000288593496,real
Spiral,a=0.96,6,1,0.9736334602484134,real
Spiral,a=0.96,7,1,0.9737567751348832,real
Spiral,a=0.96,8,1,0.9659430752423938,real
Spiral,a=0.96,9,1,0.9671326130469032,real
Spiral,a=0.96,10,1,0.9672044579644372,real
Spiral,a=0.96,11,1,0.9723552883210052,real
Spiral,a=0.96,12,1,0.9758005605278413,real
Spiral,a=0.96,13,1,0.974811183369583,real
Spiral,a=0.96,14,1,0.9768387524090744,real
Spiral,a=0.96,15,1,0.9759461701908928,real
Spiral,a=0.96,16,1,0.9756099773460298,real
Spiral,a=0.96,17,1,0.9746375860206796,real
Spiral,a=0.96,18,1,0.9749495580679842,real
Spiral,a=0.96,19,1,0.9737484981990776,real
Spiral,a=0.96,20,1,0.972557402856704,real
Spiral,a=0.96,21,1,0.9735212958467307,real
Spiral,a=0.96,22,1,0.9734669027848654,real
Spiral,a=0.96,23,1,0.9724442723480364,real
Spiral,a=0.96,24,1,0.9728146226485204,real
Spiral,a=0.96,25,1,0.9731867007941896,real
Spiral,a=0.96,26,1,0.9734630786113824,real
Spiral,a=0.96,27,1,0.9720825488874908,real
Spiral,a=0.96,0,2,0.8353441922051188,real
Spiral,a=0.96,1,2,0.8931146419788256,real
Spiral,a=0.96,2,2,0.9281628932366356,real
Spiral,a=0.96,3,2,0.9683609612197376,real
Spiral,a=0.96,4,2,0.9783395250600336,real
Spiral,a=0.96,5,2,0.974855921202991,real
Spiral,a=0.96,6,2,0.9747428283881,real
Spiral,a=0.96,7,2,0.9738810121940376,real
Spiral,a=0.96,8,2,0.9715215150494594,real
Spiral,a=0.96,9,2,0.9674303758300902,real
Spiral,a=0.96,10,2,0.9684144827759296,real
Spiral,a=0.96,11,2,0.972509444514524,real
Spiral,a=0.96,12,2,0.9758626929215394,real
Spiral,a=0.96,13,2,0.974644980069083,real
Spiral,a=0.96,14,2,0.9743483230281232,real
Spiral,a=0.96,15,2,0.9738193929326447,real
Spiral,a=0.96,16,2,0.9730034013882584,real
Spiral,a=0.96,17,2,0.9734371944499436,real
Spiral,a=0.96,18,2,0.973453220110314,real
Spiral,a=0.96,19,2,0.975665328646623,real
Spiral,a=0.96,20,2,0.9749318497633256,real
Spiral,a=0.96,21,2,0.975277985794915,real
Spiral,a=0.96,22,2,0.9756181774318868,real
Spiral,a=0.96,23,2,0.9755149285470563,real
Spiral,a=0.96,24,2,0.9749436411034688,real
Spiral,a=0.96,25,2,0.9747682013025134,real
Spiral,a=0.96,26,2,0.9751945473674511,real
Spiral,a=0.96,27,2,0.975866339403695,real
Spiral,a=0.96,0,3,0.8481550611348407,real
Spiral,a=0.96,1,3,0.9109825775592276,real
Spiral,a=0.96,2,3,0.934952635097296,real
Spiral,a=0.96,3,3,0.974998500370898,real
Spiral,a=0.96,4,3,0.9787405673563262,real
Spiral,a=0.96,5,3,0.9779831713796242,real
Spiral,a=0.96,6,3,0.9766037083875716,real
Spiral,a=0.96,7,3,0.9745551484102156,real
Spiral,a=0.96,8,3,0.9703994605169048,real
Spiral,a=0.96,9,3,0.967109510374254,real
Spiral,a=0.96,10,3,0.9659835729482712,real
Spiral,a=0.96,11,3,0.9750852345700438,real
Spiral,a=0.96,12,3,0.9761941039259098,real
Spiral,a=0.96,13,3,0.975146037926146,real
Spiral,a=0.96,14,3,0.9754102233654884,real
Spiral,a=0.96,15,3,0.9763853592344566,real
Spiral,a=0.96,16,3,0.9757864134491694,real
Spiral,a=0.96,17,3,0.9755143792105916,real
Spiral,a=0.96,18,3,0.9745306990791646,real
Spiral,a=0.96,19,3,0.974183458382686,real
Spiral,a=0.96,20,3,0.9744149979601304,real
Spiral,a=0.96,21,3,0.9748564680791496,real
Spiral,a=0.96,22,3,0.9741158465000692,real
Spiral,a=0.96,23,3,0.9745862104861174,real
Spiral,a=0.96,24,3,0.9740912101536976,real
Spiral,a=0.96,25,3,0.9738491977183008,real
Spiral,a=0.96,26,3,0.9731093125120448,real
Spiral,a=0.96,27,3,0.9720941816635033,real
Spiral,a=0.96,0,4,0.8218212269310164,real
Spiral,a=0.96,1,4,0.8922142421126413,real
Spiral,a=0.96,2,4,0.9257481713786704,real
Spiral,a=0.96,3,4,0.971250182934344,real
Spiral,a=0.96,4,4,0.978824046887998,real
Spiral,a=0.96,5,4,0.9771949623973644,real
Spiral,a=0.96,6,4,0.9767844372698878,real
Spiral,a=0.96,7,4,0.9750752663499976,real
Spiral,a=0.96,8,4,0.9709246771449532,real
Spiral,a=0.96,9,4,0.969827134266106,real
Spiral,a=0.96,10,4,0.969577239333002,real
Spiral,a=0.96,11,4,0.9775910739232868,real
Spiral,a=0.96,12,4,0.9783514173560404,real
Spiral,a=0.96,13,4,0.9774223455745292,real
Spiral,a=0.96,14,4,0.9777321515052608,real
Spiral,a=0.96,15,4,0.9775342424207412,real
Spiral,a=0.96,16,4,0.9774363424588688,real
Spiral,a=0.96,17,4,0.9761299625754843,real
Spiral,a=0.96,18,4,0.9746427484826078,real
Spiral,a=0.96,19,4,0.9750565968170388,real
Spiral,a=0.96,20,4,0.9752459007663024,real
Spiral,a=0.96,21,4,0.9751641233978804,real
Spiral,a=0.96,22,4,0.9756099025008088,real
Spiral,a=0.96,23,4,0.97472281234595,real
Spiral,a=0.96,24,4,0.9750111265000616,real
Spiral,a=0.96,25,4,0.9756801607222632,real
Spiral,a=0.96,26,4,0.975845990103252,real
Spiral,a=0.96,27,4,0.9757260417388776,real
Spiral,a=0.96,0,5,0.8268038025881821,real
Spiral,a=0.96,1,5,0.8914766345980208,real
Spiral,a=0.96,2,5,0.9287913916319238,real
Spiral,a=0.96,3,5,0.9737471677763,real
Spiral,a=0.96,4,5,0.979568945286895,real
Spiral,a=0.96,5,5,0.9783045323059552,real
Spiral,a=0.96,6,5,0.9761180612437388,real
Spiral,a=0.96,7,5,0.9737249754706844,real
Spiral,a=0.96,8,5,0.973000010836918,real
Spiral,a=0.96,9,5,0.9702690415916114,real
Spiral,a=0.96,10,5,0.9706931558821592,real
Spiral,a=0.96,11,5,0.97664613772006,real
Spiral,a=0.96,12,5,0.9790269255692666,real
Spiral,a=0.96,13,5,0.9774763427324896,real
Spiral,a=0.96,14,5,0.9776797132609064,real
Spiral,a=0.96,15,5,0.9787751830072524,real
Spiral,a=0.96,16,5,0.977507417954222,real
Spiral,a=0.96,17,5,0.9761263462712708,real
Spiral,a=0.96,18,5,0.9746598484471416,real
Spiral,a=0.96,19,5,0.975205128830335,real
Spiral,a=0.96,20,5,0.9742517497786344,real
Spiral,a=0.96,21,5,0.9742705435596628,real
Spiral,a=0.96,22,5,0.9739550801601063,real
Spiral,a=0.96,23,5,0.9742801127739548,real
Spiral,a=0.96,24,5,0.9747704982939528,real
Spiral,a=0.96,25,5,0.9750530793198136,real
Spiral,a=0.96,26,5,0.974517880626842,real
Spiral,a=0.96,27,5,0.9742943092562912,real
Spiral,a=0.96,0,6,0.848027716998319,real
Spiral,a=0.96,1,6,0.9120854188774216,real
Spiral,a=0.96,2,6,0.9375641158075634,real
Spiral,a=0.96,3,6,0.9750917952426118,real
Spiral,a=0.96,4,6,0.98021222074056,real
Spiral,a=0.96,5,6,0.9786636367584776,real
Spiral,a=0.96,6,6,0.979603789664466,real
Spiral,a=0.96,7,6,0.9748378616638652,real
Spiral,a=0.96,8,6,0.9759057839806736,real
Spiral,a=0.96,9,6,0.9716770122174536,real
Spiral,a=0.96,10,6,0.9742112035976224,real
Spiral,a=0.96,11,6,0.9772899670264916,real
Spiral,a=0.96,12,6,0.978504359687098,real
Spiral,a=0.96,13,6,0.977640005352766,real
Spiral,a=0.96,14,6,0.9779950076065624,real
Spiral,a=0.96,15,6,0.9782193791847832,real
Spiral,a=0.96,16,6,0.9781169385699664,real
Spiral,a=0.96,17,6,0.9776794673293454,real
Spiral,a=0.96,18,6,0.9766401209772084,real
Spiral,a=0.96,19,6,0.9774419647468704,real
Spiral,a=0.96,20,6,0.977915445371266,real
Spiral,a=0.96,21,6,0.9785756829472142,real
Spiral,a=0.96,22,6,0.9781082696714152,real
Spiral,a=0.96,23,6,0.978452193695005,real
Spiral,a=0.96,24,6,0.9784539104538582,real
Spiral,a=0.96,25,6,0.9778338435677596,real
Spiral,a=0.96,26,6,0.9784414338722096,real
Spiral,a=0.96,27,6,0.9772828344070168,real
Spiral,a=0.96,0,7,0.8201661493227543,real
Spiral,a=0.96,1,7,0.8790486864720689,real
Spiral,a=0.96,2,7,0.9211879383909798,real
Spiral,a=0.96,3,7,0.9677559956446352,real
Spiral,a=0.96,4,7,0.9784960893598376,real
Spiral,a=0.96,5,7,0.9754864178806878,real
Spiral,a=0.96,6,7,0.974680191160915,real
Spiral,a=0.96,7,7,0.9730803225948386,real
Spiral,a=0.96,8,7,0.971972237784681,real
Spiral,a=0.96,9,7,0.970067241643109,real
Spiral,a=0.96,10,7,0.9703265544308112,real
Spiral,a=0.96,11,7,0.975799865378095,real
Spiral,a=0.96,12,7,0.9777381629831422,real
Spiral,a=0.96,13,7,0.9753667581475444,real
Spiral,a=0.96,14,7,0.974923422499254,real
Spiral,a=0.96,15,7,0.9749867279435992,real
Spiral,a=0.96,16,7,0.9745859251546608,real
Spiral,a=0.96,17,7,0.9746012957787644,real
Spiral,a=0.96,18,7,0.9746492274881734,real
Spiral,a=0.96,19,7,0.9754254393391616,real
Spiral,a=0.96,20,7,0.9749151756819094,real
Spiral,a=0.96,21,7,0.9751883970023718,real
Spiral,a=0.96,22,7,0.9755157203687964,real
Spiral,a=0.96,23,7,0.975341092222799,real
Spiral,a=0.96,24,7,0.9755652774882628,real
Spiral,a=0.96,25,7,0.9755973252861816,real
Spiral,a=0.96,26,7,0.9752109692040508,real
Spiral,a=0.96,27,7,0.9740768933871364,real
Spiral,a=0.96,0,8,0.8335816530823676,real
Spiral,a=0.96,1,8,0.8976177865087852,real
Spiral,a=0.96,2,8,0.9327609498872852,real
Spiral,a=0.96,3,8,0.9718351040035254,real
Spiral,a=0.96,4,8,0.9805125345437136,real
Spiral,a=0.96,5,8,0.9778454766949204,real
Spiral,a=0.96,6,8,0.9794738808598202,real
Spiral,a=0.96,7,8,0.9787090442545008,real
Spiral,a=0.96,8,8,0.9721170900427968,real
Spiral,a=0.96,9,8,0.9700191914807956,real
Spiral,a=0.96,10,8,0.9723470909755424,real
Spiral,a=0.96,11,8,0.9745910820230872,real
Spiral,a=0.96,12,8,0.9740779737336906,real
Spiral,a=0.96,13,8,0.9756865912570318,real
Spiral,a=0.96,14,8,0.977804559020674,real
Spiral,a=0.96,15,8,0.9773890797012168,real
Spiral,a=0.96,16,8,0.9774372234777804,real
Spiral,a=0.96,17,8,0.9762517143961208,real
Spiral,a=0.96,18,8,0.9758522398745932,real
Spiral,a=0.96,19,8,0.9755364626237852,real
Spiral,a=0.96,20,8,0.9757835629029902,real
Spiral,a=0.96,21,8,0.9757784545141324,real
Spiral,a=0.96,22,8,0.975014095286636,real
Spiral,a=0.96,23,8,0.975948362353146,real
Spiral,a=0.96,24,8,0.976143004609477,real
Spiral,a=0.96,25,8,0.9760241003524922,real
Spiral,a=0.96,26,8,0.9765515314637492,real
Spiral,a=0.96,27,8,0.9750031230324896,real
Spiral,a=0.96,0,9,0.8412404058632071,real
Spiral,a=0.96,1,9,0.8958324922247352,real
Spiral,a=0.96,2,9,0.9345838357582514,real
Spiral,a=0.96,3,9,0.9756924726930936,real
Spiral,a=0.96,4,9,0.9801366145692556,real
Spiral,a=0.96,5,9,0.9780505114836372,real
Spiral,a=0.96,6,9,0.9779717385067092,real
Spiral,a=0.96,7,9,0.977101795972552,real
Spiral,a=0.96,8,9,0.9741681211939328,real
Spiral,a=0.96,9,9,0.97248008344449,real
Spiral,a=0.96,10,9,0.9726789190732148,real
Spiral,a=0.96,11,9,0.9778325737287692,real
Spiral,a=0.96,12,9,0.9767996307635084,real
Spiral,a=0.96,13,9,0.9775847822192656,real
Spiral,a=0.96,14,9,0.9770989931258008,real
Spiral,a=0.96,15,9,0.9775278851939307,real
Spiral,a=0.96,16,9,0.9770104812110596,real
Spiral,a=0.96,17,9,0.9765635730244376,real
Spiral,a=0.96,18,9,0.97517964491124,real
Spiral,a=0.96,19,9,0.9753196192307484,real
Spiral,a=0.96,20,9,0.9760065015047088,real
Spiral,a=0.96,21,9,0.9761177187692917,real
Spiral,a=0.96,22,9,0.9756286090279588,real
Spiral,a=0.96,23,9,0.9752146934788464,real
Spiral,a=0.96,24,9,0.9744540512759352,real
Spiral,a=0.96,25,9,0.9752213836525636,real
Spiral,a=0.96,26,9,0.9762339521367254,real
Spiral,a=0.96,27,9,0.976181316660402,real
Spiral,a=0.97,0,0,0.8116751252599317,real
Spiral,a=0.97,1,0,0.8866393898401318,real
Spiral,a=0.97,2,0,0.9224526513344928,real
Spiral,a=0.97,3,0,0.9632517904027272,real
Spiral,a=0.97,4,0,0.9692868517195796,real
Spiral,a=0.97,5,0,0.9684272512264334,real
Spiral,a=0.97,6,0,0.969005569837958,real
Spiral,a=0.97,7,0,0.9655768515865616,real
Spiral,a=0.97,8,0,0.9623193637318788,real
Spiral,a=0.97,9,0,0.9597215503265152,real
Spiral,a=0.97,10,0,0.9595591394725388,real
Spiral,a=0.97,11,0,0.968658550229727,real
Spiral,a=0.97,12,0,0.9716412129284948,real
Spiral,a=0.97,13,0,0.9727975547994152,real
Spiral,a=0.97,14,0,0.9730398584042514,real
Spiral,a=0.97,15,0,0.973990886789735,real
Spiral,a=0.97,16,0,0.9732542074770384,real
Spiral,a=0.97,17,0,0.9720969631412796,real
Spiral,a=0.97,18,0,0.9711334615978348,real
Spiral,a=0.97,19,0,0.9713281396718904,real
Spiral,a=0.97,20,0,0.9712298448425568,real
Spiral,a=0.97,21,0,0.9715397977586142,real
Spiral,a=0.97,22,0,0.9717788688984844,real
Spiral,a=0.97,23,0,0.9712682925794068,real
Spiral,a=0.97,24,0,0.9704065289053908,real
Spiral,a=0.97,25,0,0.970482718815672,real
Spiral,a=0.97,26,0,0.9699037876219542,real
Spiral,a=0.97,27,0,0.969247802339504,real
Spiral,a=0.97,0,1,0.8272931278985249,real
Spiral,a=0.97,1,1,0.892935657028859,real
Spiral,a=0.97,2,1,0.9271252157806362,real
Spiral,a=0.97,3,1,0.9658271897332265,real
Spiral,a=0.97,4,1,0.9717577816053972,real
Spiral,a=0.97,5,1,0.9745162726413592,real
Spiral,a=0.97,6,1,0.9728657224074776,real
Spiral,a=0.97,7,1,0.9707043641221442,real
Spiral,a=0.97,8,1,0.9677330221385312,real
Spiral,a=0.97,9,1,0.9671001005199475,real
Spiral,a=0.97,10,1,0.9682815816900044,real
Spiral,a=0.97,11,1,0.9733092746617968,real
Spiral,a=0.97,12,1,0.9765166328737894,real
Spiral,a=0.97,13,1,0.9744956040775126,real
Spiral,a=0.97,14,1,0.9753070863244504,real
Spiral,a=0.97,15,1,0.9759645654739864,real
Spiral,a=0.97,16,1,0.9748025472879732,real
Spiral,a=0.97,17,1,0.9753517575932756,real
Spiral,a=0.97,18,1,0.9752374115897774,real
Spiral,a=0.97,19,1,0.9755962180655652,real
Spiral,a=0.97,20,1,0.9755771258297188,real
Spiral,a=0.97,21,1,0.975618867409991,real
Spiral,a=0.97,22,1,0.9753917309898368,real
Spiral,a=0.97,23,1,0.974745732071198,real
Spiral,a=0.97,24,1,0.9744125461107052,real
Spiral,a=0.97,25,1,0.9739472493449736,real
Spiral,a=0.97,26,1,0.973734491732533,real
Spiral,a=0.97,27,1,0.973454740180078,real
Spiral,a=0.97,0,2,0.822301672635553,real
Spiral,a=0.97,1,2,0.890653651928573,real
Spiral,a=0.97,2,2,0.918116083357264,real
Spiral,a=0.97,3,2,0.9696838430758752,real
Spiral,a=0.97,4,2,0.97517204942143,real
Spiral,a=0.97,5,2,0.975106188979136,real
Spiral,a=0.97,6,2,0.9733012712559196,real
Spiral,a=0.97,7,2,0.9720091500101404,real
Spiral,a=0.97,8,2,0.9674208075412888,real
Spiral,a=0.97,9,2,0.962687038823127,real
Spiral,a=0.97,10,2,0.963156456489402,real
Spiral,a=0.97,11,2,0.9690932821777688,real
Spiral,a=0.97,12,2,0.9716145832417996,real
Spiral,a=0.97,13,2,0.9705888529861362,real
Spiral,a=0.97,14,2,0.9707838942484284,real
Spiral,a=0.97,15,2,0.970538534993116,real
Spiral,a=0.97,16,2,0.9697024473327356,real
Spiral,a=0.97,17,2,0.970269754969278,real
Spiral,a=0.97,18,2,0.9682589354913884,real
Spiral,a=0.97,19,2,0.9691222691202662,real
Spiral,a=0.97,20,2,0.9688500785448384,real
Spiral,a=0.97,21,2,0.9687650591504978,real
Spiral,a=0.97,22,2,0.9689530623743644,real
Spiral,a=0.97,23,2,0.9697364567380812,real
Spiral,a=0.97,24,2,0.969177955574122,real
Spiral,a=0.97,25,2,0.9692314205012176,real
Spiral,a=0.97,26,2,0.9694861848605516,real
Spiral,a=0.97,27,2,0.9700834927194116,real
Spiral,a=0.97,0,3,0.8170068236039227,real
Spiral,a=0.97,1,3,0.8874113223968086,real
Spiral,a=0.97,2,3,0.9166926624135552,real
Spiral,a=0.97,3,3,0.9606258733949542,real
Spiral,a=0.97,4,3,0.9687384676238404,real
Spiral,a=0.97,5,3,0.970165711804563,real
Spiral,a=0.97,6,3,0.9673964294230591,real
Spiral,a=0.97,7,3,0.967036719748532,real
Spiral,a=0.97,8,3,0.9613516207923554,real
Spiral,a=0.97,9,3,0.9640945811855254,real
Spiral,a=0.97,10,3,0.961727808249074,real
Spiral,a=0.97,11,3,0.9690999405557016,real
Spiral,a=0.97,12,3,0.972256168593956,real
Spiral,a=0.97,13,3,0.9740710963585076,real
Spiral,a=0.97,14,3,0.9746004101569588,real
Spiral,a=0.97,15,3,0.9739836274021936,real
Spiral,a=0.97,16,3,0.975071129956198,real
Spiral,a=0.97,17,3,0.973824690855678,real
Spiral,a=0.97,18,3,0.9749604978572876,real
Spiral,a=0.97,19,3,0.9746143815763024,real
Spiral,a=0.97,20,3,0.9735433153770042,real
Spiral,a=0.97,21,3,0.9732707199359498,real
Spiral,a=0.97,22,3,0.9731226555150504,real
Spiral,a=0.97,23,3,0.972841502709109,real
Spiral,a=0.97,24,3,0.972752625218302,real
Spiral,a=0.97,25,3,0.9726588799979984,real
Spiral,a=0.97,26,3,0.9727207415900962,real
Spiral,a=0.97,27,3,0.9711760297754248,real
Spiral,a=0.97,0,4,0.8268176066795605,real
Spiral,a=0.97,1,4,0.8922406954686266,real
Spiral,a=0.97,2,4,0.9276987985948868,real
Spiral,a=0.97,3,4,0.9696100221395826,real
Spiral,a=0.97,4,4,0.9743729979429032,real
Spiral,a=0.97,5,4,0.9724603779618568,real
Spiral,a=0.97,6,4,0.971450226964892,real
Spiral,a=0.97,7,4,0.9701380054589056,real
Spiral,a=0.97,8,4,0.9680395473703428,real
Spiral,a=0.97,9,4,0.9650951372732224,real
Spiral,a=0.97,10,4,0.966018368217902,real
Spiral,a=0.97,11,4,0.9734093465170104,real
Spiral,a=0.97,12,4,0.9750973884941864,real
Spiral,a=0.97,13,4,0.9769875099950306,real
Spiral,a=0.97,14,4,0.9782743422114588,real
Spiral,a=0.97,15,4,0.9784806473509142,real
Spiral,a=0.97,16,4,0.9788337557728726,real
Spiral,a=0.97,17,4,0.9779767108872528,real
Spiral,a=0.97,18,4,0.9777038662828444,real
Spiral,a=0.97,19,4,0.9770221641124625,real
Spiral,a=0.97,20,4,0.977393891177264,real
Spiral,a=0.97,21,4,0.9780708744891022,real
Spiral,a=0.97,22,4,0.9780757153870911,real
Spiral,a=0.97,23,4,0.976964060624152,real
Spiral,a=0.97,24,4,0.9766307175073232,real
Spiral,a=0.97,25,4,0.9764836955708144,real
Spiral,a=0.97,26,4,0.9769103429284,real
Spiral,a=0.97,27,4,0.9752960483709036,real
Spiral,a=0.97,0,5,0.8037964418095891,real
Spiral,a=0.97,1,5,0.8786790241168763,real
Spiral,a=0.97,2,5,0.9116316738252108,real
Spiral,a=0.97,3,5,0.959808296884028,real
Spiral,a=0.97,4,5,0.9676932263473468,real
Spiral,a=0.97,5,5,0.9642144216449958,real
Spiral,a=0.97,6,5,0.965050768168222,real
Spiral,a=0.97,7,5,0.9649699151267102,real
Spiral,a=0.97,8,5,0.9620324986193982,real
Spiral,a=0.97,9,5,0.962503334494778,real
Spiral,a=0.97,10,5,0.9658378375908392,real
Spiral,a=0.97,11,5,0.9707485452219824,real
Spiral,a=0.97,12,5,0.9739138059330028,real
Spiral,a=0.97,13,5,0.97298626682808,real
Spiral,a=0.97,14,5,0.9733516610209284,real
Spiral,a=0.97,15,5,0.972334138248098,real
Spiral,a=0.97,16,5,0.9715922561374668,real
Spiral,a=0.97,17,5,0.9703038313117632,real
Spiral,a=0.97,18,5,0.970330127959421,real
Spiral,a=0.97,19,5,0.9699184761776994,real
Spiral,a=0.97,20,5,0.9700347953115972,real
Spiral,a=0.97,21,5,0.9700805427166692,real
Spiral,a=0.97,22,5,0.970045459262134,real
Spiral,a=0.97,23,5,0.9700312462068944,real
Spiral,a=0.97,24,5,0.9708757778528412,real
Spiral,a=0.97,25,5,0.969959057971786,real
Spiral,a=0.97,26,5,0.9706333046831856,real
Spiral,a=0.97,27,5,0.970333804610074,real
Spiral,a=0.97,0,6,0.8090785104737364,real
Spiral,a=0.97,1,6,0.8859388902122427,real
Spiral,a=0.97,2,6,0.9181400525476318,real
Spiral,a=0.97,3,6,0.9615855639213052,real
Spiral,a=0.97,4,6,0.9675370325125082,real
Spiral,a=0.97,5,6,0.9683829074571016,real
Spiral,a=0.97,6,6,0.9686151735877504,real
Spiral,a=0.97,7,6,0.9633449700978708,real
Spiral,a=0.97,8,6,0.9585616490615269,real
Spiral,a=0.97,9,6,0.958145270798149,real
Spiral,a=0.97,10,6,0.9596566198607468,real
Spiral,a=0.97,11,6,0.9687880216273989,real
Spiral,a=0.97,12,6,0.971317503903327,real
Spiral,a=0.97,13,6,0.970578202156381,real
Spiral,a=0.97,14,6,0.971029390186654,real
Spiral,a=0.97,15,6,0.9728122463985082,real
Spiral,a=0.97,16,6,0.9729339039170308,real
Spiral,a=0.97,17,6,0.9701565186114272,real
Spiral,a=0.97,18,6,0.9694695284816632,real
Spiral,a=0.97,19,6,0.9694985255514688,real
Spiral,a=0.97,20,6,0.9686568321357688,real
Spiral,a=0.97,21,6,0.9679742599745882,real
Spiral,a=0.97,22,6,0.9678102239624752,real
Spiral,a=0.97,23,6,0.968139632269442,real
Spiral,a=0.97,24,6,0.9685124285877752,real
Spiral,a=0.97,25,6,0.9683094995750248,real
Spiral,a=0.97,26,6,0.9693455145361208,real
Spiral,a=0.97,27,6,0.9693774365508514,real
Spiral,a=0.97,0,7,0.8081861795335101,real
Spiral,a=0.97,1,7,0.8747833813824959,real
Spiral,a=0.97,2,7,0.909103847699532,real
Spiral,a=0.97,3,7,0.9627807478789084,real
Spiral,a=0.97,4,7,0.970315533848484,real
Spiral,a=0.97,5,7,0.9702963745472822,real
Spiral,a=0.97,6,7,0.966780903291428,real
Spiral,a=0.97,7,7,0.9632010997617064,real
Spiral,a=0.97,8,7,0.9582150758739644,real
Spiral,a=0.97,9,7,0.9551875526320608,real
Spiral,a=0.97,10,7,0.955316908286053,real
Spiral,a=0.97,11,7,0.9660598445969832,real
Spiral,a=0.97,12,7,0.966810229413586,real
Spiral,a=0.97,13,7,0.9673570375436564,real
Spiral,a=0.97,14,7,0.9703067708371128,real
Spiral,a=0.97,15,7,0.9693654004261016,real
Spiral,a=0.97,16,7,0.9711734288822288,real
Spiral,a=0.97,17,7,0.9698158262296248,real
Spiral,a=0.97,18,7,0.9694567425363116,real
Spiral,a=0.97,19,7,0.9696269517488616,real
Spiral,a=0.97,20,7,0.96932785391897,real
Spiral,a=0.97,21,7,0.970183070915968,real
Spiral,a=0.97,22,7,0.969590217831509,real
Spiral,a=0.97,23,7,0.96963856287391,real
Spiral,a=0.97,24,7,0.9688911557534078,real
Spiral,a=0.97,25,7,0.9688818285185689,real
Spiral,a=0.97,26,7,0.9688781786136478,real
Spiral,a=0.97,27,7,0.9707664239890238,real
Spiral,a=0.97,0,8,0.8212038556663699,real
Spiral,a=0.97,1,8,0.8883212776867719,real
Spiral,a=0.97,2,8,0.9214103402351967,real
Spiral,a=0.97,3,8,0.964399896481922,real
Spiral,a=0.97,4,8,0.9722926562860704,real
Spiral,a=0.97,5,8,0.9740886462182548,real
Spiral,a=0.97,6,8,0.9737115710168956,real
Spiral,a=0.97,7,8,0.971375696491314,real
Spiral,a=0.97,8,8,0.9673040397977132,real
Spiral,a=0.97,9,8,0.9625681955815174,real
Spiral,a=0.97,10,8,0.9643901337132832,real
Spiral,a=0.97,11,8,0.9702120731971882,real
Spiral,a=0.97,12,8,0.96987105236454,real
Spiral,a=0.97,13,8,0.9706906903139684,real
Spiral,a=0.97,14,8,0.9702313224043838,real
Spiral,a=0.97,15,8,0.9731786295521706,real
Spiral,a=0.97,16,8,0.97255095515988,real
Spiral,a=0.97,17,8,0.9706995301937886,real
Spiral,a=0.97,18,8,0.96983767544653,real
Spiral,a=0.97,19,8,0.9691799561941165,real
Spiral,a=0.97,20,8,0.9687995355207888,real
Spiral,a=0.97,21,8,0.9695837468805284,real
Spiral,a=0.97,22,8,0.9710179375675588,real
Spiral,a=0.97,23,8,0.9722372883225718,real
Spiral,a=0.97,24,8,0.972119426835392,real
Spiral,a=0.97,25,8,0.9712610758462654,real
Spiral,a=0.97,26,8,0.9709601872631556,real
Spiral,a=0.97,27,8,0.9701871498334464,real
Spiral,a=0.97,0,9,0.8000363930441582,real
Spiral,a=0.97,1,9,0.8728243791711405,real
Spiral,a=0.97,2,9,0.9107030945676532,real
Spiral,a=0.97,3,9,0.9648065939012408,real
Spiral,a=0.97,4,9,0.9690891297633472,real
Spiral,a=0.97,5,9,0.965853067980338,real
Spiral,a=0.97,6,9,0.9640964562104806,real
Spiral,a=0.97,7,9,0.965959033748956,real
Spiral,a=0.97,8,9,0.9614391761148436,real
Spiral,a=0.97,9,9,0.9572885352792428,real
Spiral,a=0.97,10,9,0.9557391807055238,real
Spiral,a=0.97,11,9,0.970540314751769,real
Spiral,a=0.97,12,9,0.9690799186443424,real
Spiral,a=0.97,13,9,0.9713032065227548,real
Spiral,a=0.97,14,9,0.9721704161114728,real
Spiral,a=0.97,15,9,0.9722412358883749,real
Spiral,a=0.97,16,9,0.9715608202692098,real
Spiral,a=0.97,17,9,0.9698052837381756,real
Spiral,a=0.97,18,9,0.9699786077446124,real
Spiral,a=0.97,19,9,0.9695409293953382,real
Spiral,a=0.97,20,9,0.9692920691597204,real
Spiral,a=0.97,21,9,0.9696463842149596,real
Spiral,a=0.97,22,9,0.968669918570676,real
Spiral,a=0.97,23,9,0.9684822711478532,real
Spiral,a=0.97,24,9,0.969794857009744,real
Spiral,a=0.97,25,9,0.9704188380314588,real
Spiral,a=0.97,26,9,0.970625811678978,real
Spiral,a=0.97,27,9,0.9695793909407104,real
Spiral,a=0.98,0,0,0.794834408322419,real
Spiral,a=0.98,1,0,0.8794730161293216,real
Spiral,a=0.98,2,0,0.9082064913492534,real
Spiral,a=0.98,3,0,0.9515597246891652,real
Spiral,a=0.98,4,0,0.9567133040365168,real
Spiral,a=0.98,5,0,0.956806669417682,real
Spiral,a=0.98,6,0,0.9563691561485188,real
Spiral,a=0.98,7,0,0.9561703569890736,real
Spiral,a=0.98,8,0,0.949975367948281,real
Spiral,a=0.98,9,0,0.9513997705369264,real
Spiral,a=0.98,10,0,0.9511895243883476,real
Spiral,a=0.98,11,0,0.9620585433598866,real
Spiral,a=0.98,12,0,0.9685612134518662,real
Spiral,a=0.98,13,0,0.967819065432298,real
Spiral,a=0.98,14,0,0.9705079585075144,real
Spiral,a=0.98,15,0,0.9700684385110728,real
Spiral,a=0.98,16,0,0.9707582317401368,real
Spiral,a=0.98,17,0,0.9695466590490458,real
Spiral,a=0.98,18,0,0.9691138086758646,real
Spiral,a=0.98,19,0,0.9690976006736997,real
Spiral,a=0.98,20,0,0.9687479231891144,real
Spiral,a=0.98,21,0,0.9693793694792808,real
Spiral,a=0.98,22,0,0.9689937554571768,real
Spiral,a=0.98,23,0,0.968798698762342,real
Spiral,a=0.98,24,0,0.968818149299388,real
Spiral,a=0.98,25,0,0.9680768749887866,real
Spiral,a=0.98,26,0,0.9686546115387146,real
Spiral,a=0.98,27,0,0.9673467136021254,real
Spiral,a=0.98,0,1,0.766488811281706,real
Spiral,a=0.98,1,1,0.8627161285404399,real
Spiral,a=0.98,2,1,0.8940440114242068,real
Spiral,a=0.98,3,1,0.9539051827073016,real
Spiral,a=0.98,4,1,0.9642928253023232,real
Spiral,a=0.98,5,1,0.9603884115174964,real
Spiral,a=0.98,6,1,0.9613100193523164,real
Spiral,a=0.98,7,1,0.9577377376206312,real
Spiral,a=0.98,8,1,0.9540774637974316,real
Spiral,a=0.98,9,1,0.9539953825026076,real
Spiral,a=0.98,10,1,0.958986496023114,real
Spiral,a=0.98,11,1,0.9646606391321346,real
Spiral,a=0.98,12,1,0.9664487754225582,real
Spiral,a=0.98,13,1,0.9656902711399904,real
Spiral,a=0.98,14,1,0.9660932785042864,real
Spiral,a=0.98,15,1,0.9660076898851692,real
Spiral,a=0.98,16,1,0.9664575331193308,real
Spiral,a=0.98,17,1,0.9654878747058282,real
Spiral,a=0.98,18,1,0.9657516622877396,real
Spiral,a=0.98,19,1,0.9662079894724608,real
Spiral,a=0.98,20,1,0.9657465840972868,real
Spiral,a=0.98,21,1,0.96560356451703,real
Spiral,a=0.98,22,1,0.9650765294858654,real
Spiral,a=0.98,23,1,0.9672512851855152,real
Spiral,a=0.98,24,1,0.9674185706382188,real
Spiral,a=0.98,25,1,0.9672863301245522,real
Spiral,a=0.98,26,1,0.9677802307295764,real
Spiral,a=0.98,27,1,0.9670848441323384,real
Spiral,a=0.98,0,2,0.8253780892991691,real
Spiral,a=0.98,1,2,0.8864115935403744,real
Spiral,a=0.98,2,2,0.911106898675347,real
Spiral,a=0.98,3,2,0.9481340464554144,real
Spiral,a=0.98,4,2,0.9505046812378216,real
Spiral,a=0.98,5,2,0.9513732186236776,real
Spiral,a=0.98,6,2,0.9543137797688972,real
Spiral,a=0.98,7,2,0.9499468878531244,real
Spiral,a=0.98,8,2,0.9530401312954258,real
Spiral,a=0.98,9,2,0.9480747604189406,real
Spiral,a=0.98,10,2,0.946752068825193,real
Spiral,a=0.98,11,2,0.9547503324820582,real
Spiral,a=0.98,12,2,0.9610830670112588,real
Spiral,a=0.98,13,2,0.96180591955011,real
Spiral,a=0.98,14,2,0.9643781437404564,real
Spiral,a=0.98,15,2,0.9660977272319672,real
Spiral,a=0.98,16,2,0.9648742216790684,real
Spiral,a=0.98,17,2,0.9634425818512184,real
Spiral,a=0.98,18,2,0.9638278074238704,real
Spiral,a=0.98,19,2,0.9646757745576916,real
Spiral,a=0.98,20,2,0.9642664846979462,real
Spiral,a=0.98,21,2,0.9635441574368486,real
Spiral,a=0.98,22,2,0.9637975969180604,real
Spiral,a=0.98,23,2,0.9644792503280922,real
Spiral,a=0.98,24,2,0.9646148282683176,real
Spiral,a=0.98,25,2,0.964952670973594,real
Spiral,a=0.98,26,2,0.964851747295176,real
Spiral,a=0.98,27,2,0.9611355947866334,real
Spiral,a=0.98,0,3,0.7856420838048339,real
Spiral,a=0.98,1,3,0.8527377719593588,real
Spiral,a=0.98,2,3,0.8866308590142479,real
Spiral,a=0.98,3,3,0.9427907210584128,real
Spiral,a=0.98,4,3,0.9533305244342184,real
Spiral,a=0.98,5,3,0.9508843650179164,real
Spiral,a=0.98,6,3,0.9533783592762276,real
Spiral,a=0.98,7,3,0.9442692568222134,real
Spiral,a=0.98,8,3,0.9429800908673523,real
Spiral,a=0.98,9,3,0.9413005281433976,real
Spiral,a=0.98,10,3,0.9423468493462572,real
Spiral,a=0.98,11,3,0.9522710053006584,real
Spiral,a=0.98,12,3,0.9591834603777484,real
Spiral,a=0.98,13,3,0.9604502261317708,real
Spiral,a=0.98,14,3,0.9599327126991892,real
Spiral,a=0.98,15,3,0.9595466791160392,real
Spiral,a=0.98,16,3,0.959223878746026,real
Spiral,a=0.98,17,3,0.959369918254816,real
Spiral,a=0.98,18,3,0.9597381221450816,real
Spiral,a=0.98,19,3,0.9613532265712936,real
Spiral,a=0.98,20,3,0.9618650150892728,real
Spiral,a=0.98,21,3,0.9612688041063328,real
Spiral,a=0.98,22,3,0.9615148387901744,real
Spiral,a=0.98,23,3,0.961333441454903,real
Spiral,a=0.98,24,3,0.9614185235808056,real
Spiral,a=0.98,25,3,0.9624160298739708,real
Spiral,a=0.98,26,3,0.9629157937153536,real
Spiral,a=0.98,27,3,0.9609965149170072,real
Spiral,a=0.98,0,4,0.783519172435594,real
Spiral,a=0.98,1,4,0.8674809021610119,real
Spiral,a=0.98,2,4,0.8942345409612917,real
Spiral,a=0.98,3,4,0.9500193415704729,real
Spiral,a=0.98,4,4,0.9593789537124368,real
Spiral,a=0.98,5,4,0.9608715136242209,real
Spiral,a=0.98,6,4,0.9593041493808112,real
Spiral,a=0.98,7,4,0.9601998902839028,real
Spiral,a=0.98,8,4,0.9535475810019431,real
Spiral,a=0.98,9,4,0.951790387784178,real
Spiral,a=0.98,10,4,0.9569326651151556,real
Spiral,a=0.98,11,4,0.9660209020982328,real
Spiral,a=0.98,12,4,0.9676951596773586,real
Spiral,a=0.98,13,4,0.9673046607553164,real
Spiral,a=0.98,14,4,0.9683214849673067,real
Spiral,a=0.98,15,4,0.9669505369109176,real
Spiral,a=0.98,16,4,0.9668720535263884,real
Spiral,a=0.98,17,4,0.9664847558881464,real
Spiral,a=0.98,18,4,0.9644783656917654,real
Spiral,a=0.98,19,4,0.9646833817226498,real
Spiral,a=0.98,20,4,0.9655521459818648,real
Spiral,a=0.98,21,4,0.9672795582588414,real
Spiral,a=0.98,22,4,0.9675862329378728,real
Spiral,a=0.98,23,4,0.9668452592195128,real
Spiral,a=0.98,24,4,0.9649726212914962,real
Spiral,a=0.98,25,4,0.9639564364130406,real
Spiral,a=0.98,26,4,0.9648717150719858,real
Spiral,a=0.98,27,4,0.9642785774242604,real
Spiral,a=0.98,0,5,0.808878793091049,real
Spiral,a=0.98,1,5,0.8678410677334907,real
Spiral,a=0.98,2,5,0.8930552672336394,real
Spiral,a=0.98,3,5,0.9532736389578595,real
Spiral,a=0.98,4,5,0.9618790086528702,real
Spiral,a=0.98,5,5,0.9567610974487712,real
Spiral,a=0.98,6,5,0.9579185235627792,real
Spiral,a=0.98,7,5,0.9598197723385437,real
Spiral,a=0.98,8,5,0.9606944890313692,real
Spiral,a=0.98,9,5,0.9579238152996624,real
Spiral,a=0.98,10,5,0.957021449049934,real
Spiral,a=0.98,11,5,0.9652600161180188,real
Spiral,a=0.98,12,5,0.9711411144045712,real
Spiral,a=0.98,13,5,0.9723177937293938,real
Spiral,a=0.98,14,5,0.9751684574855742,real
Spiral,a=0.98,15,5,0.973404944465492,real
Spiral,a=0.98,16,5,0.9738424163386592,real
Spiral,a=0.98,17,5,0.9721041317436746,real
Spiral,a=0.98,18,5,0.9713386277886804,real
Spiral,a=0.98,19,5,0.970268404123366,real
Spiral,a=0.98,20,5,0.9691932432026666,real
Spiral,a=0.98,21,5,0.9705235751975272,real
Spiral,a=0.98,22,5,0.9709534986999564,real
Spiral,a=0.98,23,5,0.970947521168801,real
Spiral,a=0.98,24,5,0.9713662541768578,real
Spiral,a=0.98,25,5,0.9700499462114872,real
Spiral,a=0.98,26,5,0.9704120038834492,real
Spiral,a=0.98,27,5,0.9700150378929138,real
Spiral,a=0.98,0,6,0.7739764836612781,real
Spiral,a=0.98,1,6,0.8607079251436647,real
Spiral,a=0.98,2,6,0.893915413623376,real
Spiral,a=0.98,3,6,0.950340092312108,real
Spiral,a=0.98,4,6,0.9600705315271374,real
Spiral,a=0.98,5,6,0.961145001980342,real
Spiral,a=0.98,6,6,0.9600606494773364,real
Spiral,a=0.98,7,6,0.9588305847222444,real
Spiral,a=0.98,8,6,0.95305259561143,real
Spiral,a=0.98,9,6,0.9491071439271354,real
Spiral,a=0.98,10,6,0.954421168225125,real
Spiral,a=0.98,11,6,0.9648455487577622,real
Spiral,a=0.98,12,6,0.9716169319780922,real
Spiral,a=0.98,13,6,0.968445058480763,real
Spiral,a=0.98,14,6,0.9705034646438516,real
Spiral,a=0.98,15,6,0.9702289791246168,real
Spiral,a=0.98,16,6,0.9708148779460586,real
Spiral,a=0.98,17,6,0.969670032412,real
Spiral,a=0.98,18,6,0.9688441392806714,real
Spiral,a=0.98,19,6,0.9682990185434628,real
Spiral,a=0.98,20,6,0.9683571007475866,real
Spiral,a=0.98,21,6,0.9683296969012888,real
Spiral,a=0.98,22,6,0.9664244156979418,real
Spiral,a=0.98,23,6,0.9655959174691646,real
Spiral,a=0.98,24,6,0.9653781425573738,real
Spiral,a=0.98,25,6,0.9663388851759552,real
Spiral,a=0.98,26,6,0.9668764972405536,real
Spiral,a=0.98,27,6,0.9657038242100278,real
Spiral,a=0.98,0,7,0.7872640017925527,real
Spiral,a=0.98,1,7,0.8555514512243355,real
Spiral,a=0.98,2,7,0.8837199122029143,real
Spiral,a=0.98,3,7,0.9449783436318162,real
Spiral,a=0.98,4,7,0.9549520946765798,real
Spiral,a=0.98,5,7,0.9548872705157796,real
Spiral,a=0.98,6,7,0.9454378096688376,real
Spiral,a=0.98,7,7,0.9504450225524184,real
Spiral,a=0.98,8,7,0.942378987611814,real
Spiral,a=0.98,9,7,0.9444370522293593,real
Spiral,a=0.98,10,7,0.9476615936228068,real
Spiral,a=0.98,11,7,0.96454266363716,real
Spiral,a=0.98,12,7,0.970064224218069,real
Spiral,a=0.98,13,7,0.9688310855680052,real
Spiral,a=0.98,14,7,0.9697828396738906,real
Spiral,a=0.98,15,7,0.9699359424012758,real
Spiral,a=0.98,16,7,0.9690299779866444,real
Spiral,a=0.98,17,7,0.9688485674053658,real
Spiral,a=0.98,18,7,0.9694284342961116,real
Spiral,a=0.98,19,7,0.9685859346056016,real
Spiral,a=0.98,20,7,0.969036596110788,real
Spiral,a=0.98,21,7,0.9689436620036872,real
Spiral,a=0.98,22,7,0.968781794797194,real
Spiral,a=0.98,23,7,0.9689802607720914,real
Spiral,a=0.98,24,7,0.96968990556679,real
Spiral,a=0.98,25,7,0.968584992188493,real
Spiral,a=0.98,26,7,0.9687674912615316,real
Spiral,a=0.98,27,7,0.9667296791876456,real
Spiral,a=0.98,0,8,0.8080951275864237,real
Spiral,a=0.98,1,8,0.8811497133835039,real
Spiral,a=0.98,2,8,0.9111939962004352,real
Spiral,a=0.98,3,8,0.9531684501671502,real
Spiral,a=0.98,4,8,0.9698480052470958,real
Spiral,a=0.98,5,8,0.9645306537876568,real
Spiral,a=0.98,6,8,0.9639463619769564,real
Spiral,a=0.98,7,8,0.9560349494136704,real
Spiral,a=0.98,8,8,0.9533827643965304,real
Spiral,a=0.98,9,8,0.950408634464016,real
Spiral,a=0.98,10,8,0.957294960153896,real
Spiral,a=0.98,11,8,0.969687072253684,real
Spiral,a=0.98,12,8,0.973720237622109,real
Spiral,a=0.98,13,8,0.9731427731310424,real
Spiral,a=0.98,14,8,0.9736113626507276,real
Spiral,a=0.98,15,8,0.9728348566048376,real
Spiral,a=0.98,16,8,0.9719884848630268,real
Spiral,a=0.98,17,8,0.972590217562,real
Spiral,a=0.98,18,8,0.9723324044154824,real
Spiral,a=0.98,19,8,0.971259458983228,real
Spiral,a=0.98,20,8,0.9708430412355434,real
Spiral,a=0.98,21,8,0.9705224473912424,real
Spiral,a=0.98,22,8,0.970477448831642,real
Spiral,a=0.98,23,8,0.9709494879932774,real
Spiral,a=0.98,24,8,0.9713454446749116,real
Spiral,a=0.98,25,8,0.9711614390089932,real
Spiral,a=0.98,26,8,0.9720241280679436,real
Spiral,a=0.98,27,8,0.9700353444835664,real
Spiral,a=0.98,0,9,0.7795465610421748,real
Spiral,a=0.98,1,9,0.8612583652080409,real
Spiral,a=0.98,2,9,0.8786779805597231,real
Spiral,a=0.98,3,9,0.9449069822314738,real
Spiral,a=0.98,4,9,0.9557556448270874,real
Spiral,a=0.98,5,9,0.956116602817059,real
Spiral,a=0.98,6,9,0.954856691561424,real
Spiral,a=0.98,7,9,0.9542585037049266,real
Spiral,a=0.98,8,9,0.948662621625044,real
Spiral,a=0.98,9,9,0.9437502933521263,real
Spiral,a=0.98,10,9,0.9478034418980902,real
Spiral,a=0.98,11,9,0.9569842892739828,real
Spiral,a=0.98,12,9,0.9606174577675056,real
Spiral,a=0.98,13,9,0.9609583483525768,real
Spiral,a=0.98,14,9,0.9636800636006678,real
Spiral,a=0.98,15,9,0.960740523560617,real
Spiral,a=0.98,16,9,0.9603633420901592,real
Spiral,a=0.98,17,9,0.9589226531887692,real
Spiral,a=0.98,18,9,0.9574385756292804,real
Spiral,a=0.98,19,9,0.9569330369484566,real
Spiral,a=0.98,20,9,0.9582156071269556,real
Spiral,a=0.98,21,9,0.958230231380743,real
Spiral,a=0.98,22,9,0.9590004661649488,real
Spiral,a=0.98,23,9,0.959632021019465,real
Spiral,a=0.98,24,9,0.9599529694402806,real
Spiral,a=0.98,25,9,0.9593773008151586,real
Spiral,a=0.98,26,9,0.95958922725443,real
Spiral,a=0.98,27,9,0.9589719642842968,real
Spiral,a=0.99,0,0,0.8354288729768536,real
Spiral,a=0.99,1,0,0.8819985804077015,real
Spiral,a=0.99,2,0,0.9016591937135204,real
Spiral,a=0.99,3,0,0.9468215914818356,real
Spiral,a=0.99,4,0,0.9533812740251844,real
Spiral,a=0.99,5,0,0.947067895457902,real
Spiral,a=0.99,6,0,0.9518504162274618,real
Spiral,a=0.99,7,0,0.9498618570568984,real
Spiral,a=0.99,8,0,0.9447864030946568,real
Spiral,a=0.99,9,0,0.9514832355169264,real
Spiral,a=0.99,10,0,0.953128880582879,real
Spiral,a=0.99,11,0,0.9628681273155736,real
Spiral,a=0.99,12,0,0.9637859401292972,real
Spiral,a=0.99,13,0,0.9646864552085412,real
Spiral,a=0.99,14,0,0.965886357982829,real
Spiral,a=0.99,15,0,0.9642486358600072,real
Spiral,a=0.99,16,0,0.9639995733723272,real
Spiral,a=0.99,17,0,0.963433945751119,real
Spiral,a=0.99,18,0,0.9637494821464814,real
Spiral,a=0.99,19,0,0.9635951631253517,real
Spiral,a=0.99,20,0,0.962681038006101,real
Spiral,a=0.99,21,0,0.9637947217369454,real
Spiral,a=0.99,22,0,0.9649234051339476,real
Spiral,a=0.99,23,0,0.9659311184633812,real
Spiral,a=0.99,24,0,0.965623654344109,real
Spiral,a=0.99,25,0,0.9661490284364468,real
Spiral,a=0.99,26,0,0.9657443361161032,real
Spiral,a=0.99,27,0,0.9658687740268436,real
Spiral,a=0.99,0,1,0.814151894730896,real
Spiral,a=0.99,1,1,0.8836513852336417,real
Spiral,a=0.99,2,1,0.9132594542897426,real
Spiral,a=0.99,3,1,0.9503050859230704,real
Spiral,a=0.99,4,1,0.955281461258655,real
Spiral,a=0.99,5,1,0.9553915175146332,real
Spiral,a=0.99,6,1,0.9623613154204582,real
Spiral,a=0.99,7,1,0.960766460073785,real
Spiral,a=0.99,8,1,0.9584983061995056,real
Spiral,a=0.99,9,1,0.962313860006742,real
Spiral,a=0.99,10,1,0.9637825533038792,real
Spiral,a=0.99,11,1,0.970276199088138,real
Spiral,a=0.99,12,1,0.974325072394204,real
Spiral,a=0.99,13,1,0.9737704025610824,real
Spiral,a=0.99,14,1,0.9757764653454016,real
Spiral,a=0.99,15,1,0.9774928147379064,real
Spiral,a=0.99,16,1,0.9774299777403134,real
Spiral,a=0.99,17,1,0.9772704075833192,real
Spiral,a=0.99,18,1,0.9779486850524822,real
Spiral,a=0.99,19,1,0.9767969574723294,real
Spiral,a=0.99,20,1,0.9757029482229752,real
Spiral,a=0.99,21,1,0.9760837467258636,real
Spiral,a=0.99,22,1,0.9756291477141518,real
Spiral,a=0.99,23,1,0.9749799252225164,real
Spiral,a=0.99,24,1,0.9750694713880184,real
Spiral,a=0.99,25,1,0.9747695403422262,real
Spiral,a=0.99,26,1,0.9756165015961896,real
Spiral,a=0.99,27,1,0.9762023557407378,real
Spiral,a=0.99,0,2,0.8092486799285393,real
Spiral,a=0.99,1,2,0.8695193579057495,real
Spiral,a=0.99,2,2,0.8849141073374669,real
Spiral,a=0.99,3,2,0.9223157793446156,real
Spiral,a=0.99,4,2,0.93942050693771,real
Spiral,a=0.99,5,2,0.9262413237742916,real
Spiral,a=0.99,6,2,0.9345890386580952,real
Spiral,a=0.99,7,2,0.9374553980081668,real
Spiral,a=0.99,8,2,0.9352581366730724,real
Spiral,a=0.99,9,2,0.932042412422017,real
Spiral,a=0.99,10,2,0.9376447079720658,real
Spiral,a=0.99,11,2,0.951628735040056,real
Spiral,a=0.99,12,2,0.9582246954719648,real
Spiral,a=0.99,13,2,0.9557047470627776,real
Spiral,a=0.99,14,2,0.9592755757953616,real
Spiral,a=0.99,15,2,0.9585344083685264,real
Spiral,a=0.99,16,2,0.955520222754724,real
Spiral,a=0.99,17,2,0.9541964678621326,real
Spiral,a=0.99,18,2,0.9522274510477908,real
Spiral,a=0.99,19,2,0.950558259179449,real
Spiral,a=0.99,20,2,0.9502955451107304,real
Spiral,a=0.99,21,2,0.9516703109262248,real
Spiral,a=0.99,22,2,0.951757895642754,real
Spiral,a=0.99,23,2,0.952136539619074,real
Spiral,a=0.99,24,2,0.9531701490957052,real
Spiral,a=0.99,25,2,0.9538276877878528,real
Spiral,a=0.99,26,2,0.9556973681746608,real
Spiral,a=0.99,27,2,0.9549702170279696,real
Spiral,a=0.99,0,3,0.8083701837539006,real
Spiral,a=0.99,1,3,0.8882776566282284,real
Spiral,a=0.99,2,3,0.902803591762419,real
Spiral,a=0.99,3,3,0.9383020565886664,real
Spiral,a=0.99,4,3,0.9507620763182106,real
Spiral,a=0.99,5,3,0.9510590903403058,real
Spiral,a=0.99,6,3,0.952265277497424,real
Spiral,a=0.99,7,3,0.9475058528039716,real
Spiral,a=0.99,8,3,0.9411031113802506,real
Spiral,a=0.99,9,3,0.9450993000411676,real
Spiral,a=0.99,10,3,0.9434196828737432,real
Spiral,a=0.99,11,3,0.9584267385940796,real
Spiral,a=0.99,12,3,0.9634886235241908,real
Spiral,a=0.99,13,3,0.9631671053665268,real
Spiral,a=0.99,14,3,0.9664215747554,real
Spiral,a=0.99,15,3,0.9659824267890884,real
Spiral,a=0.99,16,3,0.9662723438803912,real
Spiral,a=0.99,17,3,0.9670122592374846,real
Spiral,a=0.99,18,3,0.9667210016573652,real
Spiral,a=0.99,19,3,0.966701782877702,real
Spiral,a=0.99,20,3,0.965593045427588,real
Spiral,a=0.99,21,3,0.9658335214613638,real
Spiral,a=0.99,22,3,0.96660662349159,real
Spiral,a=0.99,23,3,0.9655362393415052,real
Spiral,a=0.99,24,3,0.9655901346518718,real
Spiral,a=0.99,25,3,0.965788833394184,real
Spiral,a=0.99,26,3,0.9664628809607938,real
Spiral,a=0.99,27,3,0.9674814264933536,real
Spiral,a=0.99,0,4,0.8377540124397562,real
Spiral,a=0.99,1,4,0.894344954784885,real
Spiral,a=0.99,2,4,0.9173772941704346,real
Spiral,a=0.99,3,4,0.946503989767682,real
Spiral,a=0.99,4,4,0.960525271480588,real
Spiral,a=0.99,5,4,0.9599414617699532,real
Spiral,a=0.99,6,4,0.9617447513692108,real
Spiral,a=0.99,7,4,0.9601516615678338,real
Spiral,a=0.99,8,4,0.95530388522051,real
Spiral,a=0.99,9,4,0.9547841089028885,real
Spiral,a=0.99,10,4,0.9546135471941892,real
Spiral,a=0.99,11,4,0.965837893818491,real
Spiral,a=0.99,12,4,0.9704944487198464,real
Spiral,a=0.99,13,4,0.9702931199415408,real
Spiral,a=0.99,14,4,0.9732758728383318,real
Spiral,a=0.99,15,4,0.9708612475002896,real
Spiral,a=0.99,16,4,0.971670800313258,real
Spiral,a=0.99,17,4,0.9722495069052138,real
Spiral,a=0.99,18,4,0.9717659678656674,real
Spiral,a=0.99,19,4,0.9716643505646776,real
Spiral,a=0.99,20,4,0.9716607861798828,real
Spiral,a=0.99,21,4,0.9708436880550244,real
Spiral,a=0.99,22,4,0.97000253318583,real
Spiral,a=0.99,23,4,0.96920906575291,real
Spiral,a=0.99,24,4,0.9699909270620206,real
Spiral,a=0.99,25,4,0.970061733546952,real
Spiral,a=0.99,26,4,0.9690777845537016,real
Spiral,a=0.99,27,4,0.9685535137636836,real
Spiral,a=0.99,0,5,0.8013066999400076,real
Spiral,a=0.99,1,5,0.8692446728337168,real
Spiral,a=0.99,2,5,0.9014230658567176,real
Spiral,a=0.99,3,5,0.9399603399354368,real
Spiral,a=0.99,4,5,0.9542982744821236,real
Spiral,a=0.99,5,5,0.953436938530005,real
Spiral,a=0.99,6,5,0.954736498238472,real
Spiral,a=0.99,7,5,0.9485053907559756,real
Spiral,a=0.99,8,5,0.9502401764429188,real
Spiral,a=0.99,9,5,0.9491327850297936,real
Spiral,a=0.99,10,5,0.9502519298789242,real
Spiral,a=0.99,11,5,0.9594608849943232,real
Spiral,a=0.99,12,5,0.9650158632284624,real
Spiral,a=0.99,13,5,0.9680399272424745,real
Spiral,a=0.99,14,5,0.9700334341936082,real
Spiral,a=0.99,15,5,0.9696537073572614,real
Spiral,a=0.99,16,5,0.9681589681584162,real
Spiral,a=0.99,17,5,0.9669377685234612,real
Spiral,a=0.99,18,5,0.9674708362981432,real
Spiral,a=0.99,19,5,0.9657058658247988,real
Spiral,a=0.99,20,5,0.9651700839494342,real
Spiral,a=0.99,21,5,0.966530664921546,real
Spiral,a=0.99,22,5,0.966131849293748,real
Spiral,a=0.99,23,5,0.9661155915239832,real
Spiral,a=0.99,24,5,0.9662364533408064,real
Spiral,a=0.99,25,5,0.9656278469306098,real
Spiral,a=0.99,26,5,0.9672561961691865,real
Spiral,a=0.99,27,5,0.9667759115192136,real
Spiral,a=0.99,0,6,0.7776689506908578,real
Spiral,a=0.99,1,6,0.8875893975470327,real
Spiral,a=0.99,2,6,0.9077083264700962,real
Spiral,a=0.99,3,6,0.933714201482557,real
Spiral,a=0.99,4,6,0.9448861139136208,real
Spiral,a=0.99,5,6,0.9445839073749946,real
Spiral,a=0.99,6,6,0.9453380752673668,real
Spiral,a=0.99,7,6,0.9467100567392852,real
Spiral,a=0.99,8,6,0.9422966884043084,real
Spiral,a=0.99,9,6,0.9378261616554696,real
Spiral,a=0.99,10,6,0.944747238411652,real
Spiral,a=0.99,11,6,0.9658051651311657,real
Spiral,a=0.99,12,6,0.9687456776886127,real
Spiral,a=0.99,13,6,0.9692512276815932,real
Spiral,a=0.99,14,6,0.9704202400575456,real
Spiral,a=0.99,15,6,0.9711247672636822,real
Spiral,a=0.99,16,6,0.9677427524674496,real
Spiral,a=0.99,17,6,0.9670629176349816,real
Spiral,a=0.99,18,6,0.9673952867637204,real
Spiral,a=0.99,19,6,0.9670764403767492,real
Spiral,a=0.99,20,6,0.9662395049007944,real
Spiral,a=0.99,21,6,0.965995335372247,real
Spiral,a=0.99,22,6,0.9652057027525944,real
Spiral,a=0.99,23,6,0.9643697413724448,real
Spiral,a=0.99,24,6,0.9660675674411984,real
Spiral,a=0.99,25,6,0.964142028333032,real
Spiral,a=0.99,26,6,0.9631281932388492,real
Spiral,a=0.99,27,6,0.9671319829375696,real
Spiral,a=0.99,0,7,0.7852365072374967,real
Spiral,a=0.99,1,7,0.8709522633585012,real
Spiral,a=0.99,2,7,0.8951769776441798,real
Spiral,a=0.99,3,7,0.9045741377863294,real
Spiral,a=0.99,4,7,0.933729411495816,real
Spiral,a=0.99,5,7,0.9316287917580788,real
Spiral,a=0.99,6,7,0.9346372872832428,real
Spiral,a=0.99,7,7,0.9284809025457694,real
Spiral,a=0.99,8,7,0.9209199922465652,real
Spiral,a=0.99,9,7,0.9376423013813052,real
Spiral,a=0.99,10,7,0.940980548938936,real
Spiral,a=0.99,11,7,0.9561993460162608,real
Spiral,a=0.99,12,7,0.9630465481478558,real
Spiral,a=0.99,13,7,0.9645720845249284,real
Spiral,a=0.99,14,7,0.9663719667246758,real
Spiral,a=0.99,15,7,0.9665437938862768,real
Spiral,a=0.99,16,7,0.965980161766774,real
Spiral,a=0.99,17,7,0.9643358548648931,real
Spiral,a=0.99,18,7,0.9642078460688412,real
Spiral,a=0.99,19,7,0.9653083985510268,real
Spiral,a=0.99,20,7,0.9652534685005472,real
Spiral,a=0.99,21,7,0.9652837241315916,real
Spiral,a=0.99,22,7,0.9654717055832972,real
Spiral,a=0.99,23,7,0.9650773129727404,real
Spiral,a=0.99,24,7,0.9646567667265245,real
Spiral,a=0.99,25,7,0.9648248236430802,real
Spiral,a=0.99,26,7,0.9633068472708234,real
Spiral,a=0.99,27,7,0.963465935219353,real
Spiral,a=0.99,0,8,0.8099214627795481,real
Spiral,a=0.99,1,8,0.8901573660866573,real
Spiral,a=0.99,2,8,0.9044282550831488,real
Spiral,a=0.99,3,8,0.9354471473357469,real
Spiral,a=0.99,4,8,0.951107310394304,real
Spiral,a=0.99,5,8,0.9421170150373656,real
Spiral,a=0.99,6,8,0.947606470368484,real
Spiral,a=0.99,7,8,0.945888026900003,real
Spiral,a=0.99,8,8,0.9324751572520712,real
Spiral,a=0.99,9,8,0.9452452998935816,real
Spiral,a=0.99,10,8,0.9478995912534056,real
Spiral,a=0.99,11,8,0.9605082185404584,real
Spiral,a=0.99,12,8,0.965927954709535,real
Spiral,a=0.99,13,8,0.9681504513164256,real
Spiral,a=0.99,14,8,0.9726258095705044,real
Spiral,a=0.99,15,8,0.9719075416272838,real
Spiral,a=0.99,16,8,0.971257145090474,real
Spiral,a=0.99,17,8,0.9707150785095616,real
Spiral,a=0.99,18,8,0.9696663504200252,real
Spiral,a=0.99,19,8,0.9697266176013406,real
Spiral,a=0.99,20,8,0.9674404560171774,real
Spiral,a=0.99,21,8,0.9685728574731812,real
Spiral,a=0.99,22,8,0.9676755281799868,real
Spiral,a=0.99,23,8,0.9687028726276968,real
Spiral,a=0.99,24,8,0.969002308918558,real
Spiral,a=0.99,25,8,0.9683877707495966,real
Spiral,a=0.99,26,8,0.970384330251661,real
Spiral,a=0.99,27,8,0.9698186730941826,real
Spiral,a=0.99,0,9,0.7652652676476962,real
Spiral,a=0.99,1,9,0.8499636249249789,real
Spiral,a=0.99,2,9,0.8823453917169816,real
Spiral,a=0.99,3,9,0.9327936854271348,real
Spiral,a=0.99,4,9,0.9422369329055064,real
Spiral,a=0.99,5,9,0.934886012534129,real
Spiral,a=0.99,6,9,0.933497551723413,real
Spiral,a=0.99,7,9,0.9245736919881352,real
Spiral,a=0.99,8,9,0.918603480741639,real
Spiral,a=0.99,9,9,0.9245018442731604,real
Spiral,a=0.99,10,9,0.9304859804563638,real
Spiral,a=0.99,11,9,0.948564382824988,real
Spiral,a=0.99,12,9,0.9573061977719836,real
Spiral,a=0.99,13,9,0.9588450272389945,real
Spiral,a=0.99,14,9,0.9604483865981585,real
Spiral,a=0.99,15,9,0.9597447103752,real
Spiral,a=0.99,16,9,0.9608525940413368,real
Spiral,a=0.99,17,9,0.959530332462368,real
Spiral,a=0.99,18,9,0.9592534369553573,real
Spiral,a=0.99,19,9,0.9595320927065925,real
Spiral,a=0.99,20,9,0.9592446026780042,real
Spiral,a=0.99,21,9,0.9595033255228074,real
Spiral,a=0.99,22,9,0.9599297343561723,real
Spiral,a=0.99,23,9,0.960370373896368,real
Spiral,a=0.99,24,9,0.9607762548111688,real
Spiral,a=0.99,25,9,0.960512354534409,real
Spiral,a=0.99,26,9,0.9618278023980577,real
Spiral,a=0.99,27,9,0.9591201129174356,real
